directory,factor_T,factor_n,drift_T,drift_n,x0,ky,gamma,omega,mode_ID
/pscratch/sd/j/joeschm/MGKDB_projects/KBM_classifier_IFS_data/pscratch_sd_d_drhatch_pscans3_scanfiles0000/scanfiles0000,0.84668653,0.82675024,0,0,0.935,0.035602443,-1,-1,MTM
/pscratch/sd/j/joeschm/MGKDB_projects/KBM_classifier_IFS_data/pscratch_sd_d_drhatch_pscans3_scanfiles0000/scanfiles0000,0.84668653,0.82675024,0,0,0.935,0.071204886,-1,-1,ITG_TEM
/pscratch/sd/j/joeschm/MGKDB_projects/KBM_classifier_IFS_data/pscratch_sd_d_drhatch_pscans3_scanfiles0000/scanfiles0000,0.84668653,0.82675024,0,0,0.935,0.14240977,0.017860193,0.068737716,ITG_TEM
/pscratch/sd/j/joeschm/MGKDB_projects/KBM_classifier_IFS_data/pscratch_sd_d_drhatch_pscans3_scanfiles0000/scanfiles0000,0.84668653,0.82675024,0,0,0.935,0.21361466,0.041300816,0.093390158,ITG_TEM
/pscratch/sd/j/joeschm/MGKDB_projects/KBM_classifier_IFS_data/pscratch_sd_d_drhatch_pscans3_scanfiles0000/scanfiles0000,0.84668653,0.82675024,0,0,0.935,0.28481954,0.067099564,0.11619055,ITG_TEM
/pscratch/sd/j/joeschm/MGKDB_projects/KBM_classifier_IFS_data/pscratch_sd_d_drhatch_pscans3_scanfiles0000/scanfiles0000,0.84668653,0.82675024,0,0,0.935,0.35602441,0.094783204,0.13690939,ITG_TEM
/pscratch/sd/j/joeschm/MGKDB_projects/KBM_classifier_IFS_data/pscratch_sd_d_drhatch_pscans3_scanfiles0000/scanfiles0000,0.84668653,0.82675024,0,0,0.935,0.49843422,0.149,0.187,ITG_TEM
/pscratch/sd/j/joeschm/MGKDB_projects/KBM_classifier_IFS_data/pscratch_sd_d_drhatch_pscans3_scanfiles0000/scanfiles0000,0.84668653,0.82675024,0,0,0.935,0.71204883,0.186,0.288,ITG_TEM
/pscratch/sd/j/joeschm/MGKDB_projects/KBM_classifier_IFS_data/pscratch_sd_d_drhatch_pscans3_scanfiles0001/scanfiles0001,0.91315735,0.82835526,0,0,0.94,0.035655644,-1,-1,MTM
/pscratch/sd/j/joeschm/MGKDB_projects/KBM_classifier_IFS_data/pscratch_sd_d_drhatch_pscans3_scanfiles0001/scanfiles0001,0.91315735,0.82835526,0,0,0.94,0.071311288,-1,-1,ITG_TEM
/pscratch/sd/j/joeschm/MGKDB_projects/KBM_classifier_IFS_data/pscratch_sd_d_drhatch_pscans3_scanfiles0001/scanfiles0001,0.91315735,0.82835526,0,0,0.94,0.14262258,-1,-1,
/pscratch/sd/j/joeschm/MGKDB_projects/KBM_classifier_IFS_data/pscratch_sd_d_drhatch_pscans3_scanfiles0001/scanfiles0001,0.91315735,0.82835526,0,0,0.94,0.21393387,-1,-1,ITG_TEM
/pscratch/sd/j/joeschm/MGKDB_projects/KBM_classifier_IFS_data/pscratch_sd_d_drhatch_pscans3_scanfiles0001/scanfiles0001,0.91315735,0.82835526,0,0,0.94,0.28524515,-1,-1,ITG_TEM
/pscratch/sd/j/joeschm/MGKDB_projects/KBM_classifier_IFS_data/pscratch_sd_d_drhatch_pscans3_scanfiles0001/scanfiles0001,0.91315735,0.82835526,0,0,0.94,0.35655645,0.059,-0.565,ETG
/pscratch/sd/j/joeschm/MGKDB_projects/KBM_classifier_IFS_data/pscratch_sd_d_drhatch_pscans3_scanfiles0001/scanfiles0001,0.91315735,0.82835526,0,0,0.94,0.49917901,0.232,-0.626,ITG_TEM
/pscratch/sd/j/joeschm/MGKDB_projects/KBM_classifier_IFS_data/pscratch_sd_d_drhatch_pscans3_scanfiles0001/scanfiles0001,0.91315735,0.82835526,0,0,0.94,0.71311289,0.396,-0.634,ITG_TEM
/pscratch/sd/j/joeschm/MGKDB_projects/KBM_classifier_IFS_data/pscratch_sd_d_drhatch_pscans3_scanfiles0002/scanfiles0002,0.90932072,0.78110191,0,0,0.945,0.035648476,-1,-1,MTM
/pscratch/sd/j/joeschm/MGKDB_projects/KBM_classifier_IFS_data/pscratch_sd_d_drhatch_pscans3_scanfiles0002/scanfiles0002,0.90932072,0.78110191,0,0,0.945,0.071296953,-1,-1,MTM
/pscratch/sd/j/joeschm/MGKDB_projects/KBM_classifier_IFS_data/pscratch_sd_d_drhatch_pscans3_scanfiles0002/scanfiles0002,0.90932072,0.78110191,0,0,0.945,0.14259391,-1,-1,MTM
/pscratch/sd/j/joeschm/MGKDB_projects/KBM_classifier_IFS_data/pscratch_sd_d_drhatch_pscans3_scanfiles0002/scanfiles0002,0.90932072,0.78110191,0,0,0.945,0.21389085,-1,-1,ITG_TEM
/pscratch/sd/j/joeschm/MGKDB_projects/KBM_classifier_IFS_data/pscratch_sd_d_drhatch_pscans3_scanfiles0002/scanfiles0002,0.90932072,0.78110191,0,0,0.945,0.28518781,0.101,-0.729,ITG_TEM
/pscratch/sd/j/joeschm/MGKDB_projects/KBM_classifier_IFS_data/pscratch_sd_d_drhatch_pscans3_scanfiles0002/scanfiles0002,0.90932072,0.78110191,0,0,0.945,0.35648477,0.252,-0.818,ITG_TEM
/pscratch/sd/j/joeschm/MGKDB_projects/KBM_classifier_IFS_data/pscratch_sd_d_drhatch_pscans3_scanfiles0002/scanfiles0002,0.90932072,0.78110191,0,0,0.945,0.49907869,0.491,-0.892,ITG_TEM
/pscratch/sd/j/joeschm/MGKDB_projects/KBM_classifier_IFS_data/pscratch_sd_d_drhatch_pscans3_scanfiles0002/scanfiles0002,0.90932072,0.78110191,0,0,0.945,0.71296954,0.73,-0.903,ITG_TEM
/pscratch/sd/j/joeschm/MGKDB_projects/KBM_classifier_IFS_data/pscratch_sd_d_drhatch_pscans3_scanfiles0003/scanfiles0003,0.90566701,0.79751318,0,0,0.95,0.035542861,-1,-1,MTM
/pscratch/sd/j/joeschm/MGKDB_projects/KBM_classifier_IFS_data/pscratch_sd_d_drhatch_pscans3_scanfiles0003/scanfiles0003,0.90566701,0.79751318,0,0,0.95,0.071085721,-0.034655227,-0.19875915,ITG_TEM
/pscratch/sd/j/joeschm/MGKDB_projects/KBM_classifier_IFS_data/pscratch_sd_d_drhatch_pscans3_scanfiles0003/scanfiles0003,0.90566701,0.79751318,0,0,0.95,0.14217144,-0.019623522,-0.44797561,ITG_TEM
/pscratch/sd/j/joeschm/MGKDB_projects/KBM_classifier_IFS_data/pscratch_sd_d_drhatch_pscans3_scanfiles0003/scanfiles0003,0.90566701,0.79751318,0,0,0.95,0.21325715,0.006,-0.735,ITG_TEM
/pscratch/sd/j/joeschm/MGKDB_projects/KBM_classifier_IFS_data/pscratch_sd_d_drhatch_pscans3_scanfiles0003/scanfiles0003,0.90566701,0.79751318,0,0,0.95,0.28434289,0.225,-0.988,ITG_TEM
/pscratch/sd/j/joeschm/MGKDB_projects/KBM_classifier_IFS_data/pscratch_sd_d_drhatch_pscans3_scanfiles0003/scanfiles0003,0.90566701,0.79751318,0,0,0.95,0.35542858,0.409,-1.086,ITG_TEM
/pscratch/sd/j/joeschm/MGKDB_projects/KBM_classifier_IFS_data/pscratch_sd_d_drhatch_pscans3_scanfiles0003/scanfiles0003,0.90566701,0.79751318,0,0,0.95,0.49759999,0.681,-1.168,ITG_TEM
/pscratch/sd/j/joeschm/MGKDB_projects/KBM_classifier_IFS_data/pscratch_sd_d_drhatch_pscans3_scanfiles0003/scanfiles0003,0.90566701,0.79751318,0,0,0.95,0.71085715,0.964,-1.179,ITG_TEM
/pscratch/sd/j/joeschm/MGKDB_projects/KBM_classifier_IFS_data/pscratch_sd_d_drhatch_pscans3_scanfiles0004/scanfiles0004,0.90244762,0.75675387,0,0,0.955,0.035286441,-0.012692388,-0.12269683,ETG
/pscratch/sd/j/joeschm/MGKDB_projects/KBM_classifier_IFS_data/pscratch_sd_d_drhatch_pscans3_scanfiles0004/scanfiles0004,0.90244762,0.75675387,0,0,0.955,0.070572883,-0.011706785,-0.2742159,ITG_TEM
/pscratch/sd/j/joeschm/MGKDB_projects/KBM_classifier_IFS_data/pscratch_sd_d_drhatch_pscans3_scanfiles0004/scanfiles0004,0.90244762,0.75675387,0,0,0.955,0.14114577,0.0037932815,-0.57983029,ITG_TEM
/pscratch/sd/j/joeschm/MGKDB_projects/KBM_classifier_IFS_data/pscratch_sd_d_drhatch_pscans3_scanfiles0004/scanfiles0004,0.90244762,0.75675387,0,0,0.955,0.21171866,0.082,-0.921,ITG_TEM
/pscratch/sd/j/joeschm/MGKDB_projects/KBM_classifier_IFS_data/pscratch_sd_d_drhatch_pscans3_scanfiles0004/scanfiles0004,0.90244762,0.75675387,0,0,0.955,0.28229153,0.316,-1.152,ITG_TEM
/pscratch/sd/j/joeschm/MGKDB_projects/KBM_classifier_IFS_data/pscratch_sd_d_drhatch_pscans3_scanfiles0004/scanfiles0004,0.90244762,0.75675387,0,0,0.955,0.35286444,0.509,-1.239,ITG_TEM
/pscratch/sd/j/joeschm/MGKDB_projects/KBM_classifier_IFS_data/pscratch_sd_d_drhatch_pscans3_scanfiles0004/scanfiles0004,0.90244762,0.75675387,0,0,0.955,0.49401024,0.787,-1.3,ITG_TEM
/pscratch/sd/j/joeschm/MGKDB_projects/KBM_classifier_IFS_data/pscratch_sd_d_drhatch_pscans3_scanfiles0004/scanfiles0004,0.90244762,0.75675387,0,0,0.955,0.70572889,1.082,-1.269,ITG_TEM
/pscratch/sd/j/joeschm/MGKDB_projects/KBM_classifier_IFS_data/pscratch_sd_d_drhatch_pscans3_scanfiles0005/scanfiles0005,0.89987607,0.75026846,0,0,0.96,0.034767441,-1,-1,MTM
/pscratch/sd/j/joeschm/MGKDB_projects/KBM_classifier_IFS_data/pscratch_sd_d_drhatch_pscans3_scanfiles0005/scanfiles0005,0.89987607,0.75026846,0,0,0.96,0.069534883,-0.0059670631,-0.29663862,ITG_TEM
/pscratch/sd/j/joeschm/MGKDB_projects/KBM_classifier_IFS_data/pscratch_sd_d_drhatch_pscans3_scanfiles0005/scanfiles0005,0.89987607,0.75026846,0,0,0.96,0.13906977,0.028328853,-0.60889534,ITG_TEM
/pscratch/sd/j/joeschm/MGKDB_projects/KBM_classifier_IFS_data/pscratch_sd_d_drhatch_pscans3_scanfiles0005/scanfiles0005,0.89987607,0.75026846,0,0,0.96,0.20860465,0.146,-0.894,ITG_TEM
/pscratch/sd/j/joeschm/MGKDB_projects/KBM_classifier_IFS_data/pscratch_sd_d_drhatch_pscans3_scanfiles0005/scanfiles0005,0.89987607,0.75026846,0,0,0.96,0.27813953,0.34,-1.07,ITG_TEM
/pscratch/sd/j/joeschm/MGKDB_projects/KBM_classifier_IFS_data/pscratch_sd_d_drhatch_pscans3_scanfiles0005/scanfiles0005,0.89987607,0.75026846,0,0,0.96,0.34767443,0.519,-1.131,ITG_TEM
/pscratch/sd/j/joeschm/MGKDB_projects/KBM_classifier_IFS_data/pscratch_sd_d_drhatch_pscans3_scanfiles0005/scanfiles0005,0.89987607,0.75026846,0,0,0.96,0.48674417,0.768,-1.118,ITG_TEM
/pscratch/sd/j/joeschm/MGKDB_projects/KBM_classifier_IFS_data/pscratch_sd_d_drhatch_pscans3_scanfiles0005/scanfiles0005,0.89987607,0.75026846,0,0,0.96,0.69534886,1.011,-0.975,ITG_TEM
/pscratch/sd/j/joeschm/MGKDB_projects/KBM_classifier_IFS_data/pscratch_sd_d_drhatch_pscans3_scanfiles0006/scanfiles0006,0.89806065,0.74595852,0,0,0.965,0.033893809,-0.022182,-0.14383351,ITG_TEM
/pscratch/sd/j/joeschm/MGKDB_projects/KBM_classifier_IFS_data/pscratch_sd_d_drhatch_pscans3_scanfiles0006/scanfiles0006,0.89806065,0.74595852,0,0,0.965,0.067787617,-0.012610032,-0.24541001,ITG_TEM
/pscratch/sd/j/joeschm/MGKDB_projects/KBM_classifier_IFS_data/pscratch_sd_d_drhatch_pscans3_scanfiles0006/scanfiles0006,0.89806065,0.74595852,0,0,0.965,0.13557523,0.023950133,-0.47215085,ITG_TEM
/pscratch/sd/j/joeschm/MGKDB_projects/KBM_classifier_IFS_data/pscratch_sd_d_drhatch_pscans3_scanfiles0006/scanfiles0006,0.89806065,0.74595852,0,0,0.965,0.20336285,0.121,-0.66,ITG_TEM
/pscratch/sd/j/joeschm/MGKDB_projects/KBM_classifier_IFS_data/pscratch_sd_d_drhatch_pscans3_scanfiles0006/scanfiles0006,0.89806065,0.74595852,0,0,0.965,0.27115047,0.259,-0.763,ITG_TEM
/pscratch/sd/j/joeschm/MGKDB_projects/KBM_classifier_IFS_data/pscratch_sd_d_drhatch_pscans3_scanfiles0006/scanfiles0006,0.89806065,0.74595852,0,0,0.965,0.33893812,0.395,-0.783,ITG_TEM
/pscratch/sd/j/joeschm/MGKDB_projects/KBM_classifier_IFS_data/pscratch_sd_d_drhatch_pscans3_scanfiles0006/scanfiles0006,0.89806065,0.74595852,0,0,0.965,0.47451332,0.569,-0.688,ITG_TEM
/pscratch/sd/j/joeschm/MGKDB_projects/KBM_classifier_IFS_data/pscratch_sd_d_drhatch_pscans3_scanfiles0006/scanfiles0006,0.89806065,0.74595852,0,0,0.965,0.67787623,0.64,-0.464,ITG_TEM
/pscratch/sd/j/joeschm/MGKDB_projects/KBM_classifier_IFS_data/pscratch_sd_d_drhatch_pscans3_scanfiles0007/scanfiles0007,1.0944194,1.1213513,0,0,0.95,0.044716951,-0.022155827,-0.09313836,ITG_TEM
/pscratch/sd/j/joeschm/MGKDB_projects/KBM_classifier_IFS_data/pscratch_sd_d_drhatch_pscans3_scanfiles0007/scanfiles0007,1.0944194,1.1213513,0,0,0.95,0.089433901,-0.01622788,-0.20640609,ITG_TEM
/pscratch/sd/j/joeschm/MGKDB_projects/KBM_classifier_IFS_data/pscratch_sd_d_drhatch_pscans3_scanfiles0007/scanfiles0007,1.0944194,1.1213513,0,0,0.95,0.1788678,0.020347444,-0.39586688,ITG_TEM
/pscratch/sd/j/joeschm/MGKDB_projects/KBM_classifier_IFS_data/pscratch_sd_d_drhatch_pscans3_scanfiles0007/scanfiles0007,1.0944194,1.1213513,0,0,0.95,0.26830173,0.087199953,-0.53989096,ITG_TEM
/pscratch/sd/j/joeschm/MGKDB_projects/KBM_classifier_IFS_data/pscratch_sd_d_drhatch_pscans3_scanfiles0007/scanfiles0007,1.0944194,1.1213513,0,0,0.95,0.3577356,0.172,-0.629,ITG_TEM
/pscratch/sd/j/joeschm/MGKDB_projects/KBM_classifier_IFS_data/pscratch_sd_d_drhatch_pscans3_scanfiles0007/scanfiles0007,1.0944194,1.1213513,0,0,0.95,0.44716957,0.258,-0.675,ITG_TEM
/pscratch/sd/j/joeschm/MGKDB_projects/KBM_classifier_IFS_data/pscratch_sd_d_drhatch_pscans3_scanfiles0007/scanfiles0007,1.0944194,1.1213513,0,0,0.95,0.62603742,0.401,-0.69,ITG_TEM
/pscratch/sd/j/joeschm/MGKDB_projects/KBM_classifier_IFS_data/pscratch_sd_d_drhatch_pscans3_scanfiles0007/scanfiles0007,1.0944194,1.1213513,0,0,0.95,0.89433914,0.548,-0.628,ITG_TEM
/pscratch/sd/j/joeschm/MGKDB_projects/KBM_classifier_IFS_data/pscratch_sd_d_drhatch_pscans3_scanfiles0008/scanfiles0008,0.81284223,0.74314015,0,0,0.97,0.032576818,-0.027107239,-0.056528533,ETG
/pscratch/sd/j/joeschm/MGKDB_projects/KBM_classifier_IFS_data/pscratch_sd_d_drhatch_pscans3_scanfiles0008/scanfiles0008,0.81284223,0.74314015,0,0,0.97,0.065153636,-0.027366556,-0.16639714,ITG_TEM
/pscratch/sd/j/joeschm/MGKDB_projects/KBM_classifier_IFS_data/pscratch_sd_d_drhatch_pscans3_scanfiles0008/scanfiles0008,0.81284223,0.74314015,0,0,0.97,0.13030727,-0.0053188701,-0.26170532,ITG_TEM
/pscratch/sd/j/joeschm/MGKDB_projects/KBM_classifier_IFS_data/pscratch_sd_d_drhatch_pscans3_scanfiles0008/scanfiles0008,0.81284223,0.74314015,0,0,0.97,0.1954609,0.037711805,-0.38089591,ITG_TEM
/pscratch/sd/j/joeschm/MGKDB_projects/KBM_classifier_IFS_data/pscratch_sd_d_drhatch_pscans3_scanfiles0008/scanfiles0008,0.81284223,0.74314015,0,0,0.97,0.26061454,0.113,-0.441,ITG_TEM
/pscratch/sd/j/joeschm/MGKDB_projects/KBM_classifier_IFS_data/pscratch_sd_d_drhatch_pscans3_scanfiles0008/scanfiles0008,0.81284223,0.74314015,0,0,0.97,0.32576817,0.189,-0.446,ITG_TEM
/pscratch/sd/j/joeschm/MGKDB_projects/KBM_classifier_IFS_data/pscratch_sd_d_drhatch_pscans3_scanfiles0008/scanfiles0008,0.81284223,0.74314015,0,0,0.97,0.45607546,0.259,-0.364,ITG_TEM
/pscratch/sd/j/joeschm/MGKDB_projects/KBM_classifier_IFS_data/pscratch_sd_d_drhatch_pscans3_scanfiles0008/scanfiles0008,0.81284223,0.74314015,0,0,0.97,0.65153635,0.194,-0.244,ITG_TEM
/pscratch/sd/j/joeschm/MGKDB_projects/KBM_classifier_IFS_data/pscratch_sd_d_drhatch_pscans3_scanfiles0009/scanfiles0009,1.0976077,1.0811017,0,0,0.955,0.044243135,-1,-1,MTM
/pscratch/sd/j/joeschm/MGKDB_projects/KBM_classifier_IFS_data/pscratch_sd_d_drhatch_pscans3_scanfiles0009/scanfiles0009,1.0976077,1.0811017,0,0,0.955,0.088486269,-0.02227119,-0.20498126,ITG_TEM
/pscratch/sd/j/joeschm/MGKDB_projects/KBM_classifier_IFS_data/pscratch_sd_d_drhatch_pscans3_scanfiles0009/scanfiles0009,1.0976077,1.0811017,0,0,0.955,0.17697254,-0.0053372833,-0.38622144,ITG_TEM
/pscratch/sd/j/joeschm/MGKDB_projects/KBM_classifier_IFS_data/pscratch_sd_d_drhatch_pscans3_scanfiles0009/scanfiles0009,1.0976077,1.0811017,0,0,0.955,0.26545882,0.046268643,-0.51481509,ITG_TEM
/pscratch/sd/j/joeschm/MGKDB_projects/KBM_classifier_IFS_data/pscratch_sd_d_drhatch_pscans3_scanfiles0009/scanfiles0009,1.0976077,1.0811017,0,0,0.955,0.35394508,0.116,-0.597,ITG_TEM
/pscratch/sd/j/joeschm/MGKDB_projects/KBM_classifier_IFS_data/pscratch_sd_d_drhatch_pscans3_scanfiles0009/scanfiles0009,1.0976077,1.0811017,0,0,0.955,0.44243133,0.19,-0.64,ITG_TEM
/pscratch/sd/j/joeschm/MGKDB_projects/KBM_classifier_IFS_data/pscratch_sd_d_drhatch_pscans3_scanfiles0009/scanfiles0009,1.0976077,1.0811017,0,0,0.955,0.6194039,0.328,-0.654,ITG_TEM
/pscratch/sd/j/joeschm/MGKDB_projects/KBM_classifier_IFS_data/pscratch_sd_d_drhatch_pscans3_scanfiles0009/scanfiles0009,1.0976077,1.0811017,0,0,0.955,0.88486266,0.469,-0.566,ITG_TEM
/pscratch/sd/j/joeschm/MGKDB_projects/KBM_classifier_IFS_data/pscratch_sd_d_drhatch_pscans3_scanfiles0010/scanfiles0010,0.81127171,0.74114745,0,0,0.975,0.030829949,-0.037652209,-0.054007627,
/pscratch/sd/j/joeschm/MGKDB_projects/KBM_classifier_IFS_data/pscratch_sd_d_drhatch_pscans3_scanfiles0010/scanfiles0010,0.81127171,0.74114745,0,0,0.975,0.061659899,-0.045447274,-0.089876315,
/pscratch/sd/j/joeschm/MGKDB_projects/KBM_classifier_IFS_data/pscratch_sd_d_drhatch_pscans3_scanfiles0010/scanfiles0010,0.81127171,0.74114745,0,0,0.975,0.1233198,0.02565596,-7.0862294,MTM
/pscratch/sd/j/joeschm/MGKDB_projects/KBM_classifier_IFS_data/pscratch_sd_d_drhatch_pscans3_scanfiles0010/scanfiles0010,0.81127171,0.74114745,0,0,0.975,0.18497969,0.278,-6.239,MTM
/pscratch/sd/j/joeschm/MGKDB_projects/KBM_classifier_IFS_data/pscratch_sd_d_drhatch_pscans3_scanfiles0010/scanfiles0010,0.81127171,0.74114745,0,0,0.975,0.24663959,0.067706128,-4.3314522,ITG_TEM
/pscratch/sd/j/joeschm/MGKDB_projects/KBM_classifier_IFS_data/pscratch_sd_d_drhatch_pscans3_scanfiles0010/scanfiles0010,0.81127171,0.74114745,0,0,0.975,0.30829948,0.053,-0.227,
/pscratch/sd/j/joeschm/MGKDB_projects/KBM_classifier_IFS_data/pscratch_sd_d_drhatch_pscans3_scanfiles0010/scanfiles0010,0.81127171,0.74114745,0,0,0.975,0.43161929,0.064,-0.183,
/pscratch/sd/j/joeschm/MGKDB_projects/KBM_classifier_IFS_data/pscratch_sd_d_drhatch_pscans3_scanfiles0010/scanfiles0010,0.81127171,0.74114745,0,0,0.975,0.61659896,0.271,-3.589,ETG
/pscratch/sd/j/joeschm/MGKDB_projects/KBM_classifier_IFS_data/pscratch_sd_d_drhatch_pscans3_scanfiles0011/scanfiles0011,1.1001038,1.0832205,0,0,0.96,0.043318186,-0.02196025,-0.1218174,ITG_TEM
/pscratch/sd/j/joeschm/MGKDB_projects/KBM_classifier_IFS_data/pscratch_sd_d_drhatch_pscans3_scanfiles0011/scanfiles0011,1.1001038,1.0832205,0,0,0.96,0.086636372,-1,-1,ITG_TEM
/pscratch/sd/j/joeschm/MGKDB_projects/KBM_classifier_IFS_data/pscratch_sd_d_drhatch_pscans3_scanfiles0011/scanfiles0011,1.1001038,1.0832205,0,0,0.96,0.17327274,-0.0024748891,-0.27602695,ITG_TEM
/pscratch/sd/j/joeschm/MGKDB_projects/KBM_classifier_IFS_data/pscratch_sd_d_drhatch_pscans3_scanfiles0011/scanfiles0011,1.1001038,1.0832205,0,0,0.96,0.25990909,0.01309546,-0.36953917,ITG_TEM
/pscratch/sd/j/joeschm/MGKDB_projects/KBM_classifier_IFS_data/pscratch_sd_d_drhatch_pscans3_scanfiles0011/scanfiles0011,1.1001038,1.0832205,0,0,0.96,0.34654549,0.05,-0.434,ITG_TEM
/pscratch/sd/j/joeschm/MGKDB_projects/KBM_classifier_IFS_data/pscratch_sd_d_drhatch_pscans3_scanfiles0011/scanfiles0011,1.1001038,1.0832205,0,0,0.96,0.43318185,0.099,-0.473,ITG_TEM
/pscratch/sd/j/joeschm/MGKDB_projects/KBM_classifier_IFS_data/pscratch_sd_d_drhatch_pscans3_scanfiles0011/scanfiles0011,1.1001038,1.0832205,0,0,0.96,0.60645461,0.192,-0.464,ITG_TEM
/pscratch/sd/j/joeschm/MGKDB_projects/KBM_classifier_IFS_data/pscratch_sd_d_drhatch_pscans3_scanfiles0011/scanfiles0011,1.1001038,1.0832205,0,0,0.96,0.8663637,0.196,-0.364,ITG_TEM
/pscratch/sd/j/joeschm/MGKDB_projects/KBM_classifier_IFS_data/pscratch_sd_d_drhatch_pscans3_scanfiles0012/scanfiles0012,0.81004711,0.73969122,0,0,0.98,0.028754514,-0.0441138,0.029484487,
/pscratch/sd/j/joeschm/MGKDB_projects/KBM_classifier_IFS_data/pscratch_sd_d_drhatch_pscans3_scanfiles0012/scanfiles0012,0.81004711,0.73969122,0,0,0.98,0.057509027,-1,-1,ETG
/pscratch/sd/j/joeschm/MGKDB_projects/KBM_classifier_IFS_data/pscratch_sd_d_drhatch_pscans3_scanfiles0012/scanfiles0012,0.81004711,0.73969122,0,0,0.98,0.11501805,-0.043311566,-0.060672897,
/pscratch/sd/j/joeschm/MGKDB_projects/KBM_classifier_IFS_data/pscratch_sd_d_drhatch_pscans3_scanfiles0012/scanfiles0012,0.81004711,0.73969122,0,0,0.98,0.17252707,0.351,-10.705,MTM
/pscratch/sd/j/joeschm/MGKDB_projects/KBM_classifier_IFS_data/pscratch_sd_d_drhatch_pscans3_scanfiles0012/scanfiles0012,0.81004711,0.73969122,0,0,0.98,0.23003611,0.364,-4.591,ITG_TEM
/pscratch/sd/j/joeschm/MGKDB_projects/KBM_classifier_IFS_data/pscratch_sd_d_drhatch_pscans3_scanfiles0012/scanfiles0012,0.81004711,0.73969122,0,0,0.98,0.28754511,0.0018861782,-0.086059052,
/pscratch/sd/j/joeschm/MGKDB_projects/KBM_classifier_IFS_data/pscratch_sd_d_drhatch_pscans3_scanfiles0012/scanfiles0012,0.81004711,0.73969122,0,0,0.98,0.40256318,0.081933441,-6.6233177,ITG_TEM
/pscratch/sd/j/joeschm/MGKDB_projects/KBM_classifier_IFS_data/pscratch_sd_d_drhatch_pscans3_scanfiles0012/scanfiles0012,0.81004711,0.73969122,0,0,0.98,0.57509023,0.62,-3.47,ETG
/pscratch/sd/j/joeschm/MGKDB_projects/KBM_classifier_IFS_data/pscratch_sd_d_drhatch_pscans3_scanfiles0013/scanfiles0013,1.101914,1.0846468,0,0,0.965,0.041764297,-0.04216541,-0.19383126,ITG_TEM
/pscratch/sd/j/joeschm/MGKDB_projects/KBM_classifier_IFS_data/pscratch_sd_d_drhatch_pscans3_scanfiles0013/scanfiles0013,1.101914,1.0846468,0,0,0.965,0.083528593,-0.018532407,-0.12684385,ITG_TEM
/pscratch/sd/j/joeschm/MGKDB_projects/KBM_classifier_IFS_data/pscratch_sd_d_drhatch_pscans3_scanfiles0013/scanfiles0013,1.101914,1.0846468,0,0,0.965,0.16705719,-1,-1,ITG_TEM
/pscratch/sd/j/joeschm/MGKDB_projects/KBM_classifier_IFS_data/pscratch_sd_d_drhatch_pscans3_scanfiles0013/scanfiles0013,1.101914,1.0846468,0,0,0.965,0.25058579,0.214,-10.56,MTM
/pscratch/sd/j/joeschm/MGKDB_projects/KBM_classifier_IFS_data/pscratch_sd_d_drhatch_pscans3_scanfiles0013/scanfiles0013,1.101914,1.0846468,0,0,0.965,0.33411437,0.237,-13.317,MTM
/pscratch/sd/j/joeschm/MGKDB_projects/KBM_classifier_IFS_data/pscratch_sd_d_drhatch_pscans3_scanfiles0013/scanfiles0013,1.101914,1.0846468,0,0,0.965,0.41764298,0.0080775009,-0.29030515,ITG_TEM
/pscratch/sd/j/joeschm/MGKDB_projects/KBM_classifier_IFS_data/pscratch_sd_d_drhatch_pscans3_scanfiles0013/scanfiles0013,1.101914,1.0846468,0,0,0.965,0.58470017,0.048,-0.297,ITG_TEM
/pscratch/sd/j/joeschm/MGKDB_projects/KBM_classifier_IFS_data/pscratch_sd_d_drhatch_pscans3_scanfiles0013/scanfiles0013,1.101914,1.0846468,0,0,0.965,0.83528596,-0.007,-0.297,ITG_TEM
/pscratch/sd/j/joeschm/MGKDB_projects/KBM_classifier_IFS_data/pscratch_sd_d_drhatch_pscans3_scanfiles0014/scanfiles0014,1,1.0856459,0,0,0.97,0.039482433,-1,-1,ITG_TEM
/pscratch/sd/j/joeschm/MGKDB_projects/KBM_classifier_IFS_data/pscratch_sd_d_drhatch_pscans3_scanfiles0014/scanfiles0014,1,1.0856459,0,0,0.97,0.078964867,-1,-1,
/pscratch/sd/j/joeschm/MGKDB_projects/KBM_classifier_IFS_data/pscratch_sd_d_drhatch_pscans3_scanfiles0014/scanfiles0014,1,1.0856459,0,0,0.97,0.15792973,0.346,-8.758,MTM
/pscratch/sd/j/joeschm/MGKDB_projects/KBM_classifier_IFS_data/pscratch_sd_d_drhatch_pscans3_scanfiles0014/scanfiles0014,1,1.0856459,0,0,0.97,0.23689461,0.514,-12.492,MTM
/pscratch/sd/j/joeschm/MGKDB_projects/KBM_classifier_IFS_data/pscratch_sd_d_drhatch_pscans3_scanfiles0014/scanfiles0014,1,1.0856459,0,0,0.97,0.31585947,0.558,-15.762,MTM
/pscratch/sd/j/joeschm/MGKDB_projects/KBM_classifier_IFS_data/pscratch_sd_d_drhatch_pscans3_scanfiles0014/scanfiles0014,1,1.0856459,0,0,0.97,0.39482436,0.53,-18.425,MTM
/pscratch/sd/j/joeschm/MGKDB_projects/KBM_classifier_IFS_data/pscratch_sd_d_drhatch_pscans3_scanfiles0014/scanfiles0014,1,1.0856459,0,0,0.97,0.55275404,0.113,-0.108,
/pscratch/sd/j/joeschm/MGKDB_projects/KBM_classifier_IFS_data/pscratch_sd_d_drhatch_pscans3_scanfiles0014/scanfiles0014,1,1.0856459,0,0,0.97,0.78964871,-1,-1,
/pscratch/sd/j/joeschm/MGKDB_projects/KBM_classifier_IFS_data/pscratch_sd_d_drhatch_pscans3_scanfiles0015/scanfiles0015,0.80907938,0.73851249,0,0,0.985,0.026580615,-0.064153677,0.054314089,
/pscratch/sd/j/joeschm/MGKDB_projects/KBM_classifier_IFS_data/pscratch_sd_d_drhatch_pscans3_scanfiles0015/scanfiles0015,0.80907938,0.73851249,0,0,0.985,0.05316123,-1,-1,
/pscratch/sd/j/joeschm/MGKDB_projects/KBM_classifier_IFS_data/pscratch_sd_d_drhatch_pscans3_scanfiles0015/scanfiles0015,0.80907938,0.73851249,0,0,0.985,0.10632246,0.037791527,-8.4389223,MTM
/pscratch/sd/j/joeschm/MGKDB_projects/KBM_classifier_IFS_data/pscratch_sd_d_drhatch_pscans3_scanfiles0015/scanfiles0015,0.80907938,0.73851249,0,0,0.985,0.1594837,0.393,-10.328,MTM
/pscratch/sd/j/joeschm/MGKDB_projects/KBM_classifier_IFS_data/pscratch_sd_d_drhatch_pscans3_scanfiles0015/scanfiles0015,0.80907938,0.73851249,0,0,0.985,0.21264492,0.281,-10.466,MTM
/pscratch/sd/j/joeschm/MGKDB_projects/KBM_classifier_IFS_data/pscratch_sd_d_drhatch_pscans3_scanfiles0015/scanfiles0015,0.80907938,0.73851249,0,0,0.985,0.26580617,0.305,-9.395,ITG_TEM
/pscratch/sd/j/joeschm/MGKDB_projects/KBM_classifier_IFS_data/pscratch_sd_d_drhatch_pscans3_scanfiles0015/scanfiles0015,0.80907938,0.73851249,0,0,0.985,0.37212864,0.391,-3.572,ETG
/pscratch/sd/j/joeschm/MGKDB_projects/KBM_classifier_IFS_data/pscratch_sd_d_drhatch_pscans3_scanfiles0015/scanfiles0015,0.80907938,0.73851249,0,0,0.985,0.53161234,1.09,-4.011,ETG
/pscratch/sd/j/joeschm/MGKDB_projects/KBM_classifier_IFS_data/pscratch_sd_d_drhatch_pscans3_scanfiles0016/scanfiles0016,0.80825809,0.73751065,0,0,0.99,0.02455033,-1,-1,
/pscratch/sd/j/joeschm/MGKDB_projects/KBM_classifier_IFS_data/pscratch_sd_d_drhatch_pscans3_scanfiles0016/scanfiles0016,0.80825809,0.73751065,0,0,0.99,0.04910066,-1,-1,
/pscratch/sd/j/joeschm/MGKDB_projects/KBM_classifier_IFS_data/pscratch_sd_d_drhatch_pscans3_scanfiles0016/scanfiles0016,0.80825809,0.73751065,0,0,0.99,0.09820132,-1,-1,
/pscratch/sd/j/joeschm/MGKDB_projects/KBM_classifier_IFS_data/pscratch_sd_d_drhatch_pscans3_scanfiles0016/scanfiles0016,0.80825809,0.73751065,0,0,0.99,0.14730197,0.459,-9.754,ITG_TEM
/pscratch/sd/j/joeschm/MGKDB_projects/KBM_classifier_IFS_data/pscratch_sd_d_drhatch_pscans3_scanfiles0016/scanfiles0016,0.80825809,0.73751065,0,0,0.99,0.19640264,0.56,-9.985,ITG_TEM
/pscratch/sd/j/joeschm/MGKDB_projects/KBM_classifier_IFS_data/pscratch_sd_d_drhatch_pscans3_scanfiles0016/scanfiles0016,0.80825809,0.73751065,0,0,0.99,0.24550329,0.94,-9.34,ITG_TEM
/pscratch/sd/j/joeschm/MGKDB_projects/KBM_classifier_IFS_data/pscratch_sd_d_drhatch_pscans3_scanfiles0016/scanfiles0016,0.80825809,0.73751065,0,0,0.99,0.34370464,0.951,-4.796,ETG
/pscratch/sd/j/joeschm/MGKDB_projects/KBM_classifier_IFS_data/pscratch_sd_d_drhatch_pscans3_scanfiles0016/scanfiles0016,0.80825809,0.73751065,0,0,0.99,0.49100658,1.89,-5.647,ETG
/pscratch/sd/j/joeschm/MGKDB_projects/KBM_classifier_IFS_data/pscratch_sd_d_drhatch_pscans3_scanfiles0017/scanfiles0017,1,1.0863109,0,0,0.975,0.036569841,0.048668545,-3.0086717,MTM
/pscratch/sd/j/joeschm/MGKDB_projects/KBM_classifier_IFS_data/pscratch_sd_d_drhatch_pscans3_scanfiles0017/scanfiles0017,1,1.0863109,0,0,0.975,0.073139682,-0.047035621,-0.010829759,
/pscratch/sd/j/joeschm/MGKDB_projects/KBM_classifier_IFS_data/pscratch_sd_d_drhatch_pscans3_scanfiles0017/scanfiles0017,1,1.0863109,0,0,0.975,0.14627936,0.166,-9.885,MTM
/pscratch/sd/j/joeschm/MGKDB_projects/KBM_classifier_IFS_data/pscratch_sd_d_drhatch_pscans3_scanfiles0017/scanfiles0017,1,1.0863109,0,0,0.975,0.21941905,0.21867889,-13.442368,MTM
/pscratch/sd/j/joeschm/MGKDB_projects/KBM_classifier_IFS_data/pscratch_sd_d_drhatch_pscans3_scanfiles0017/scanfiles0017,1,1.0863109,0,0,0.975,0.29255873,0.225,-0.309,
/pscratch/sd/j/joeschm/MGKDB_projects/KBM_classifier_IFS_data/pscratch_sd_d_drhatch_pscans3_scanfiles0017/scanfiles0017,1,1.0863109,0,0,0.975,0.3656984,0.178,-0.013,
/pscratch/sd/j/joeschm/MGKDB_projects/KBM_classifier_IFS_data/pscratch_sd_d_drhatch_pscans3_scanfiles0017/scanfiles0017,1,1.0863109,0,0,0.975,0.51197773,-1,-1,
/pscratch/sd/j/joeschm/MGKDB_projects/KBM_classifier_IFS_data/pscratch_sd_d_drhatch_pscans3_scanfiles0017/scanfiles0017,1,1.0863109,0,0,0.975,0.73139679,-1,-1,
/pscratch/sd/j/joeschm/MGKDB_projects/KBM_classifier_IFS_data/pscratch_sd_d_drhatch_pscans3_scanfiles0018/scanfiles0018,0.84668653,0.88438894,0,0,0.935,0.035724066,-1,-1,MTM
/pscratch/sd/j/joeschm/MGKDB_projects/KBM_classifier_IFS_data/pscratch_sd_d_drhatch_pscans3_scanfiles0018/scanfiles0018,0.84668653,0.88438894,0,0,0.935,0.071448132,-1,-1,ITG_TEM
/pscratch/sd/j/joeschm/MGKDB_projects/KBM_classifier_IFS_data/pscratch_sd_d_drhatch_pscans3_scanfiles0018/scanfiles0018,0.84668653,0.88438894,0,0,0.935,0.14289626,0.0099420637,0.065296203,ITG_TEM
/pscratch/sd/j/joeschm/MGKDB_projects/KBM_classifier_IFS_data/pscratch_sd_d_drhatch_pscans3_scanfiles0018/scanfiles0018,0.84668653,0.88438894,0,0,0.935,0.2143444,0.029633683,0.094312529,ITG_TEM
/pscratch/sd/j/joeschm/MGKDB_projects/KBM_classifier_IFS_data/pscratch_sd_d_drhatch_pscans3_scanfiles0018/scanfiles0018,0.84668653,0.88438894,0,0,0.935,0.28579253,0.051593251,0.11709465,ITG_TEM
/pscratch/sd/j/joeschm/MGKDB_projects/KBM_classifier_IFS_data/pscratch_sd_d_drhatch_pscans3_scanfiles0018/scanfiles0018,0.84668653,0.88438894,0,0,0.935,0.35724068,0.073568347,0.13713162,ITG_TEM
/pscratch/sd/j/joeschm/MGKDB_projects/KBM_classifier_IFS_data/pscratch_sd_d_drhatch_pscans3_scanfiles0018/scanfiles0018,0.84668653,0.88438894,0,0,0.935,0.50013697,0.11902429,0.1804034,ITG_TEM
/pscratch/sd/j/joeschm/MGKDB_projects/KBM_classifier_IFS_data/pscratch_sd_d_drhatch_pscans3_scanfiles0018/scanfiles0018,0.84668653,0.88438894,0,0,0.935,0.71448135,0.152,0.265,ITG_TEM
/pscratch/sd/j/joeschm/MGKDB_projects/KBM_classifier_IFS_data/pscratch_sd_d_drhatch_pscans3_scanfiles0019/scanfiles0019,1,1.086773,0,0,0.98,0.033271946,-0.058698028,-0.047370683,ETG
/pscratch/sd/j/joeschm/MGKDB_projects/KBM_classifier_IFS_data/pscratch_sd_d_drhatch_pscans3_scanfiles0019/scanfiles0019,1,1.086773,0,0,0.98,0.066543892,-0.096094895,-0.045082434,
/pscratch/sd/j/joeschm/MGKDB_projects/KBM_classifier_IFS_data/pscratch_sd_d_drhatch_pscans3_scanfiles0019/scanfiles0019,1,1.086773,0,0,0.98,0.13308778,-1,-1,
/pscratch/sd/j/joeschm/MGKDB_projects/KBM_classifier_IFS_data/pscratch_sd_d_drhatch_pscans3_scanfiles0019/scanfiles0019,1,1.086773,0,0,0.98,0.19963169,0.057,-0.136,
/pscratch/sd/j/joeschm/MGKDB_projects/KBM_classifier_IFS_data/pscratch_sd_d_drhatch_pscans3_scanfiles0019/scanfiles0019,1,1.086773,0,0,0.98,0.26617557,0.022,0.138,
/pscratch/sd/j/joeschm/MGKDB_projects/KBM_classifier_IFS_data/pscratch_sd_d_drhatch_pscans3_scanfiles0019/scanfiles0019,1,1.086773,0,0,0.98,0.33271945,-1,-1,
/pscratch/sd/j/joeschm/MGKDB_projects/KBM_classifier_IFS_data/pscratch_sd_d_drhatch_pscans3_scanfiles0019/scanfiles0019,1,1.086773,0,0,0.98,0.46580726,-1,-1,ITG_TEM
/pscratch/sd/j/joeschm/MGKDB_projects/KBM_classifier_IFS_data/pscratch_sd_d_drhatch_pscans3_scanfiles0019/scanfiles0019,1,1.086773,0,0,0.98,0.66543889,-1,-1,
/pscratch/sd/j/joeschm/MGKDB_projects/KBM_classifier_IFS_data/pscratch_sd_d_drhatch_pscans3_scanfiles0020/scanfiles0020,0.91315735,0.89700458,0,0,0.94,0.035784956,-1,-1,MTM
/pscratch/sd/j/joeschm/MGKDB_projects/KBM_classifier_IFS_data/pscratch_sd_d_drhatch_pscans3_scanfiles0020/scanfiles0020,0.91315735,0.89700458,0,0,0.94,0.071569912,-1,-1,ITG_TEM
/pscratch/sd/j/joeschm/MGKDB_projects/KBM_classifier_IFS_data/pscratch_sd_d_drhatch_pscans3_scanfiles0020/scanfiles0020,0.91315735,0.89700458,0,0,0.94,0.14313982,-1,-1,
/pscratch/sd/j/joeschm/MGKDB_projects/KBM_classifier_IFS_data/pscratch_sd_d_drhatch_pscans3_scanfiles0020/scanfiles0020,0.91315735,0.89700458,0,0,0.94,0.21470971,-0.023632866,0.092693432,ITG_TEM
/pscratch/sd/j/joeschm/MGKDB_projects/KBM_classifier_IFS_data/pscratch_sd_d_drhatch_pscans3_scanfiles0020/scanfiles0020,0.91315735,0.89700458,0,0,0.94,0.28627965,-1,-1,
/pscratch/sd/j/joeschm/MGKDB_projects/KBM_classifier_IFS_data/pscratch_sd_d_drhatch_pscans3_scanfiles0020/scanfiles0020,0.91315735,0.89700458,0,0,0.94,0.35784957,0.072,-0.58,ITG_TEM
/pscratch/sd/j/joeschm/MGKDB_projects/KBM_classifier_IFS_data/pscratch_sd_d_drhatch_pscans3_scanfiles0020/scanfiles0020,0.91315735,0.89700458,0,0,0.94,0.50098932,0.249,-0.628,ITG_TEM
/pscratch/sd/j/joeschm/MGKDB_projects/KBM_classifier_IFS_data/pscratch_sd_d_drhatch_pscans3_scanfiles0020/scanfiles0020,0.91315735,0.89700458,0,0,0.94,0.71569914,0.405,-0.62,ITG_TEM
/pscratch/sd/j/joeschm/MGKDB_projects/KBM_classifier_IFS_data/pscratch_sd_d_drhatch_pscans3_scanfiles0021/scanfiles0021,1,1.0871773,0,0,0.985,0.029915627,-1,-1,
/pscratch/sd/j/joeschm/MGKDB_projects/KBM_classifier_IFS_data/pscratch_sd_d_drhatch_pscans3_scanfiles0021/scanfiles0021,1,1.0871773,0,0,0.985,0.059831254,-0.055294632,-0.0062906514,
/pscratch/sd/j/joeschm/MGKDB_projects/KBM_classifier_IFS_data/pscratch_sd_d_drhatch_pscans3_scanfiles0021/scanfiles0021,1,1.0871773,0,0,0.985,0.11966251,-0.066390052,0.017176001,
/pscratch/sd/j/joeschm/MGKDB_projects/KBM_classifier_IFS_data/pscratch_sd_d_drhatch_pscans3_scanfiles0021/scanfiles0021,1,1.0871773,0,0,0.985,0.17949376,0.379,-10.021,MTM
/pscratch/sd/j/joeschm/MGKDB_projects/KBM_classifier_IFS_data/pscratch_sd_d_drhatch_pscans3_scanfiles0021/scanfiles0021,1,1.0871773,0,0,0.985,0.23932502,-1,-1,
/pscratch/sd/j/joeschm/MGKDB_projects/KBM_classifier_IFS_data/pscratch_sd_d_drhatch_pscans3_scanfiles0021/scanfiles0021,1,1.0871773,0,0,0.985,0.29915625,-1,-1,
/pscratch/sd/j/joeschm/MGKDB_projects/KBM_classifier_IFS_data/pscratch_sd_d_drhatch_pscans3_scanfiles0021/scanfiles0021,1,1.0871773,0,0,0.985,0.41881877,-1,-1,
/pscratch/sd/j/joeschm/MGKDB_projects/KBM_classifier_IFS_data/pscratch_sd_d_drhatch_pscans3_scanfiles0021/scanfiles0021,1,1.0871773,0,0,0.985,0.5983125,0.083597869,-5.5607797,ETG
/pscratch/sd/j/joeschm/MGKDB_projects/KBM_classifier_IFS_data/pscratch_sd_d_drhatch_pscans3_scanfiles0022/scanfiles0022,0.90932072,0.85388751,0,0,0.945,0.035784911,-1,-1,MTM
/pscratch/sd/j/joeschm/MGKDB_projects/KBM_classifier_IFS_data/pscratch_sd_d_drhatch_pscans3_scanfiles0022/scanfiles0022,0.90932072,0.85388751,0,0,0.945,0.071569823,-1,-1,MTM
/pscratch/sd/j/joeschm/MGKDB_projects/KBM_classifier_IFS_data/pscratch_sd_d_drhatch_pscans3_scanfiles0022/scanfiles0022,0.90932072,0.85388751,0,0,0.945,0.14313965,-1,-1,MTM
/pscratch/sd/j/joeschm/MGKDB_projects/KBM_classifier_IFS_data/pscratch_sd_d_drhatch_pscans3_scanfiles0022/scanfiles0022,0.90932072,0.85388751,0,0,0.945,0.21470945,-0.038510933,-0.51490459,ETG
/pscratch/sd/j/joeschm/MGKDB_projects/KBM_classifier_IFS_data/pscratch_sd_d_drhatch_pscans3_scanfiles0022/scanfiles0022,0.90932072,0.85388751,0,0,0.945,0.28627929,0.109,-0.736,ITG_TEM
/pscratch/sd/j/joeschm/MGKDB_projects/KBM_classifier_IFS_data/pscratch_sd_d_drhatch_pscans3_scanfiles0022/scanfiles0022,0.90932072,0.85388751,0,0,0.945,0.35784909,0.263,-0.82,ITG_TEM
/pscratch/sd/j/joeschm/MGKDB_projects/KBM_classifier_IFS_data/pscratch_sd_d_drhatch_pscans3_scanfiles0022/scanfiles0022,0.90932072,0.85388751,0,0,0.945,0.50098872,0.494,-0.879,ITG_TEM
/pscratch/sd/j/joeschm/MGKDB_projects/KBM_classifier_IFS_data/pscratch_sd_d_drhatch_pscans3_scanfiles0022/scanfiles0022,0.90932072,0.85388751,0,0,0.945,0.71569818,0.712,-0.869,ITG_TEM
/pscratch/sd/j/joeschm/MGKDB_projects/KBM_classifier_IFS_data/pscratch_sd_d_drhatch_pscans3_scanfiles0023/scanfiles0023,0.90566701,0.87845451,0,0,0.95,0.035685644,-0.022476517,-0.092469112,ETG
/pscratch/sd/j/joeschm/MGKDB_projects/KBM_classifier_IFS_data/pscratch_sd_d_drhatch_pscans3_scanfiles0023/scanfiles0023,0.90566701,0.87845451,0,0,0.95,0.071371287,-0.031019814,-0.21080253,ITG_TEM
/pscratch/sd/j/joeschm/MGKDB_projects/KBM_classifier_IFS_data/pscratch_sd_d_drhatch_pscans3_scanfiles0023/scanfiles0023,0.90566701,0.87845451,0,0,0.95,0.14274257,-0.0098600958,-0.46551175,ITG_TEM
/pscratch/sd/j/joeschm/MGKDB_projects/KBM_classifier_IFS_data/pscratch_sd_d_drhatch_pscans3_scanfiles0023/scanfiles0023,0.90566701,0.87845451,0,0,0.95,0.21411385,0.047,-0.746,ITG_TEM
/pscratch/sd/j/joeschm/MGKDB_projects/KBM_classifier_IFS_data/pscratch_sd_d_drhatch_pscans3_scanfiles0023/scanfiles0023,0.90566701,0.87845451,0,0,0.95,0.28548515,0.235,-0.965,ITG_TEM
/pscratch/sd/j/joeschm/MGKDB_projects/KBM_classifier_IFS_data/pscratch_sd_d_drhatch_pscans3_scanfiles0023/scanfiles0023,0.90566701,0.87845451,0,0,0.95,0.35685644,0.408,-1.054,ITG_TEM
/pscratch/sd/j/joeschm/MGKDB_projects/KBM_classifier_IFS_data/pscratch_sd_d_drhatch_pscans3_scanfiles0023/scanfiles0023,0.90566701,0.87845451,0,0,0.95,0.49959901,0.658,-1.113,ITG_TEM
/pscratch/sd/j/joeschm/MGKDB_projects/KBM_classifier_IFS_data/pscratch_sd_d_drhatch_pscans3_scanfiles0023/scanfiles0023,0.90566701,0.87845451,0,0,0.95,0.71371287,0.908,-1.094,ITG_TEM
/pscratch/sd/j/joeschm/MGKDB_projects/KBM_classifier_IFS_data/pscratch_sd_d_drhatch_pscans3_scanfiles0024/scanfiles0024,1,1.0875043,0,0,0.99,0.026883064,-1,-1,
/pscratch/sd/j/joeschm/MGKDB_projects/KBM_classifier_IFS_data/pscratch_sd_d_drhatch_pscans3_scanfiles0024/scanfiles0024,1,1.0875043,0,0,0.99,0.053766128,-0.069625919,0.0093256608,
/pscratch/sd/j/joeschm/MGKDB_projects/KBM_classifier_IFS_data/pscratch_sd_d_drhatch_pscans3_scanfiles0024/scanfiles0024,1,1.0875043,0,0,0.99,0.10753226,0.947,-6.216,MTM
/pscratch/sd/j/joeschm/MGKDB_projects/KBM_classifier_IFS_data/pscratch_sd_d_drhatch_pscans3_scanfiles0024/scanfiles0024,1,1.0875043,0,0,0.99,0.16129839,0.568,-9.566,MTM
/pscratch/sd/j/joeschm/MGKDB_projects/KBM_classifier_IFS_data/pscratch_sd_d_drhatch_pscans3_scanfiles0024/scanfiles0024,1,1.0875043,0,0,0.99,0.21506451,0.019761644,-9.4937534,ITG_TEM
/pscratch/sd/j/joeschm/MGKDB_projects/KBM_classifier_IFS_data/pscratch_sd_d_drhatch_pscans3_scanfiles0024/scanfiles0024,1,1.0875043,0,0,0.99,0.26883066,-0.09223927,-0.10028142,
/pscratch/sd/j/joeschm/MGKDB_projects/KBM_classifier_IFS_data/pscratch_sd_d_drhatch_pscans3_scanfiles0024/scanfiles0024,1,1.0875043,0,0,0.99,0.37636292,-1,-1,ITG_TEM
/pscratch/sd/j/joeschm/MGKDB_projects/KBM_classifier_IFS_data/pscratch_sd_d_drhatch_pscans3_scanfiles0024/scanfiles0024,1,1.0875043,0,0,0.99,0.53766131,-0.05301579,-8.8697616,ETG
/pscratch/sd/j/joeschm/MGKDB_projects/KBM_classifier_IFS_data/pscratch_sd_d_drhatch_pscans3_scanfiles0025/scanfiles0025,0.90244762,0.83785293,0,0,0.955,0.035433881,-0.011201774,-0.12372503,ETG
/pscratch/sd/j/joeschm/MGKDB_projects/KBM_classifier_IFS_data/pscratch_sd_d_drhatch_pscans3_scanfiles0025/scanfiles0025,0.90244762,0.83785293,0,0,0.955,0.070867762,-0.011394956,-0.27716893,ITG_TEM
/pscratch/sd/j/joeschm/MGKDB_projects/KBM_classifier_IFS_data/pscratch_sd_d_drhatch_pscans3_scanfiles0025/scanfiles0025,0.90244762,0.83785293,0,0,0.955,0.14173552,0.013619407,-0.58116044,ITG_TEM
/pscratch/sd/j/joeschm/MGKDB_projects/KBM_classifier_IFS_data/pscratch_sd_d_drhatch_pscans3_scanfiles0025/scanfiles0025,0.90244762,0.83785293,0,0,0.955,0.21260329,0.117,-0.883,ITG_TEM
/pscratch/sd/j/joeschm/MGKDB_projects/KBM_classifier_IFS_data/pscratch_sd_d_drhatch_pscans3_scanfiles0025/scanfiles0025,0.90244762,0.83785293,0,0,0.955,0.28347105,0.308,-1.069,ITG_TEM
/pscratch/sd/j/joeschm/MGKDB_projects/KBM_classifier_IFS_data/pscratch_sd_d_drhatch_pscans3_scanfiles0025/scanfiles0025,0.90244762,0.83785293,0,0,0.955,0.35433882,0.475,-1.146,ITG_TEM
/pscratch/sd/j/joeschm/MGKDB_projects/KBM_classifier_IFS_data/pscratch_sd_d_drhatch_pscans3_scanfiles0025/scanfiles0025,0.90244762,0.83785293,0,0,0.955,0.49607435,0.716,-1.181,ITG_TEM
/pscratch/sd/j/joeschm/MGKDB_projects/KBM_classifier_IFS_data/pscratch_sd_d_drhatch_pscans3_scanfiles0025/scanfiles0025,0.90244762,0.83785293,0,0,0.955,0.70867765,0.962,-1.112,ITG_TEM
/pscratch/sd/j/joeschm/MGKDB_projects/KBM_classifier_IFS_data/pscratch_sd_d_drhatch_pscans3_scanfiles0026/scanfiles0026,1.1533339,1.0579391,0,0,0.935,0.056564312,-1,-1,MTM
/pscratch/sd/j/joeschm/MGKDB_projects/KBM_classifier_IFS_data/pscratch_sd_d_drhatch_pscans3_scanfiles0026/scanfiles0026,1.1533339,1.0579391,0,0,0.935,0.11312862,0.013,0.13,ITG_TEM
/pscratch/sd/j/joeschm/MGKDB_projects/KBM_classifier_IFS_data/pscratch_sd_d_drhatch_pscans3_scanfiles0026/scanfiles0026,1.1533339,1.0579391,0,0,0.935,0.22625725,0.086473028,0.15989524,ITG_TEM
/pscratch/sd/j/joeschm/MGKDB_projects/KBM_classifier_IFS_data/pscratch_sd_d_drhatch_pscans3_scanfiles0026/scanfiles0026,1.1533339,1.0579391,0,0,0.935,0.33938587,0.14236703,0.15537607,ITG_TEM
/pscratch/sd/j/joeschm/MGKDB_projects/KBM_classifier_IFS_data/pscratch_sd_d_drhatch_pscans3_scanfiles0026/scanfiles0026,1.1533339,1.0579391,0,0,0.935,0.4525145,0.20763366,0.1516773,ITG_TEM
/pscratch/sd/j/joeschm/MGKDB_projects/KBM_classifier_IFS_data/pscratch_sd_d_drhatch_pscans3_scanfiles0026/scanfiles0026,1.1533339,1.0579391,0,0,0.935,0.56564313,0.27493974,0.1763109,ITG_TEM
/pscratch/sd/j/joeschm/MGKDB_projects/KBM_classifier_IFS_data/pscratch_sd_d_drhatch_pscans3_scanfiles0026/scanfiles0026,1.1533339,1.0579391,0,0,0.935,0.7919004,0.36,0.276,ITG_TEM
/pscratch/sd/j/joeschm/MGKDB_projects/KBM_classifier_IFS_data/pscratch_sd_d_drhatch_pscans3_scanfiles0026/scanfiles0026,1.1533339,1.0579391,0,0,0.935,1.1312863,0.38,0.442,ITG_TEM
/pscratch/sd/j/joeschm/MGKDB_projects/KBM_classifier_IFS_data/pscratch_sd_d_drhatch_pscans3_scanfiles0027/scanfiles0027,0.89987607,0.83349951,0,0,0.96,0.034919113,-1,-1,MTM
/pscratch/sd/j/joeschm/MGKDB_projects/KBM_classifier_IFS_data/pscratch_sd_d_drhatch_pscans3_scanfiles0027/scanfiles0027,0.89987607,0.83349951,0,0,0.96,0.069838226,-0.011181754,-0.28595555,ITG_TEM
/pscratch/sd/j/joeschm/MGKDB_projects/KBM_classifier_IFS_data/pscratch_sd_d_drhatch_pscans3_scanfiles0027/scanfiles0027,0.89987607,0.83349951,0,0,0.96,0.13967645,0.027841522,-0.57544284,ITG_TEM
/pscratch/sd/j/joeschm/MGKDB_projects/KBM_classifier_IFS_data/pscratch_sd_d_drhatch_pscans3_scanfiles0027/scanfiles0027,0.89987607,0.83349951,0,0,0.96,0.20951469,0.14,-0.81,ITG_TEM
/pscratch/sd/j/joeschm/MGKDB_projects/KBM_classifier_IFS_data/pscratch_sd_d_drhatch_pscans3_scanfiles0027/scanfiles0027,0.89987607,0.83349951,0,0,0.96,0.2793529,0.298,-0.944,ITG_TEM
/pscratch/sd/j/joeschm/MGKDB_projects/KBM_classifier_IFS_data/pscratch_sd_d_drhatch_pscans3_scanfiles0027/scanfiles0027,0.89987607,0.83349951,0,0,0.96,0.34919116,0.442,-0.984,ITG_TEM
/pscratch/sd/j/joeschm/MGKDB_projects/KBM_classifier_IFS_data/pscratch_sd_d_drhatch_pscans3_scanfiles0027/scanfiles0027,0.89987607,0.83349951,0,0,0.96,0.48886758,0.631,-0.947,ITG_TEM
/pscratch/sd/j/joeschm/MGKDB_projects/KBM_classifier_IFS_data/pscratch_sd_d_drhatch_pscans3_scanfiles0027/scanfiles0027,0.89987607,0.83349951,0,0,0.96,0.69838232,0.784,-0.788,ITG_TEM
/pscratch/sd/j/joeschm/MGKDB_projects/KBM_classifier_IFS_data/pscratch_sd_d_drhatch_pscans3_scanfiles0028/scanfiles0028,1.2601942,1.1029954,0,0,0.94,0.056733288,-1,-1,MTM
/pscratch/sd/j/joeschm/MGKDB_projects/KBM_classifier_IFS_data/pscratch_sd_d_drhatch_pscans3_scanfiles0028/scanfiles0028,1.2601942,1.1029954,0,0,0.94,0.11346658,-1,-1,MTM
/pscratch/sd/j/joeschm/MGKDB_projects/KBM_classifier_IFS_data/pscratch_sd_d_drhatch_pscans3_scanfiles0028/scanfiles0028,1.2601942,1.1029954,0,0,0.94,0.22693315,-1,-1,ITG_TEM
/pscratch/sd/j/joeschm/MGKDB_projects/KBM_classifier_IFS_data/pscratch_sd_d_drhatch_pscans3_scanfiles0028/scanfiles0028,1.2601942,1.1029954,0,0,0.94,0.34039974,0.055834943,-0.19901897,ITG_TEM
/pscratch/sd/j/joeschm/MGKDB_projects/KBM_classifier_IFS_data/pscratch_sd_d_drhatch_pscans3_scanfiles0028/scanfiles0028,1.2601942,1.1029954,0,0,0.94,0.4538663,0.12483561,-0.20085726,ITG_TEM
/pscratch/sd/j/joeschm/MGKDB_projects/KBM_classifier_IFS_data/pscratch_sd_d_drhatch_pscans3_scanfiles0028/scanfiles0028,1.2601942,1.1029954,0,0,0.94,0.56733286,0.17861798,-0.17791111,ITG_TEM
/pscratch/sd/j/joeschm/MGKDB_projects/KBM_classifier_IFS_data/pscratch_sd_d_drhatch_pscans3_scanfiles0028/scanfiles0028,1.2601942,1.1029954,0,0,0.94,0.79426599,0.24191461,-0.098189119,ITG_TEM
/pscratch/sd/j/joeschm/MGKDB_projects/KBM_classifier_IFS_data/pscratch_sd_d_drhatch_pscans3_scanfiles0028/scanfiles0028,1.2601942,1.1029954,0,0,0.94,1.1346657,0.264,0.009,ITG_TEM
/pscratch/sd/j/joeschm/MGKDB_projects/KBM_classifier_IFS_data/pscratch_sd_d_drhatch_pscans3_scanfiles0029/scanfiles0029,0.89806065,0.83063251,0,0,0.965,0.034038939,-1,-1,ETG
/pscratch/sd/j/joeschm/MGKDB_projects/KBM_classifier_IFS_data/pscratch_sd_d_drhatch_pscans3_scanfiles0029/scanfiles0029,0.89806065,0.83063251,0,0,0.965,0.068077877,-0.024539073,-0.22698095,ETG
/pscratch/sd/j/joeschm/MGKDB_projects/KBM_classifier_IFS_data/pscratch_sd_d_drhatch_pscans3_scanfiles0029/scanfiles0029,0.89806065,0.83063251,0,0,0.965,0.13615575,0.0061465354,-0.41133783,ITG_TEM
/pscratch/sd/j/joeschm/MGKDB_projects/KBM_classifier_IFS_data/pscratch_sd_d_drhatch_pscans3_scanfiles0029/scanfiles0029,0.89806065,0.83063251,0,0,0.965,0.20423365,0.082,-0.559,ITG_TEM
/pscratch/sd/j/joeschm/MGKDB_projects/KBM_classifier_IFS_data/pscratch_sd_d_drhatch_pscans3_scanfiles0029/scanfiles0029,0.89806065,0.83063251,0,0,0.965,0.27231151,0.185,-0.635,ITG_TEM
/pscratch/sd/j/joeschm/MGKDB_projects/KBM_classifier_IFS_data/pscratch_sd_d_drhatch_pscans3_scanfiles0029/scanfiles0029,0.89806065,0.83063251,0,0,0.965,0.3403894,0.282,-0.643,ITG_TEM
/pscratch/sd/j/joeschm/MGKDB_projects/KBM_classifier_IFS_data/pscratch_sd_d_drhatch_pscans3_scanfiles0029/scanfiles0029,0.89806065,0.83063251,0,0,0.965,0.47654513,0.381,-0.562,ITG_TEM
/pscratch/sd/j/joeschm/MGKDB_projects/KBM_classifier_IFS_data/pscratch_sd_d_drhatch_pscans3_scanfiles0029/scanfiles0029,0.89806065,0.83063251,0,0,0.965,0.6807788,0.354,-0.419,ITG_TEM
/pscratch/sd/j/joeschm/MGKDB_projects/KBM_classifier_IFS_data/pscratch_sd_d_drhatch_pscans3_scanfiles0030/scanfiles0030,0.81284223,0.82875174,0,0,0.97,0.032713708,-0.031097577,-0.060732874,
/pscratch/sd/j/joeschm/MGKDB_projects/KBM_classifier_IFS_data/pscratch_sd_d_drhatch_pscans3_scanfiles0030/scanfiles0030,0.81284223,0.82875174,0,0,0.97,0.065427415,-0.029901267,-0.13596352,
/pscratch/sd/j/joeschm/MGKDB_projects/KBM_classifier_IFS_data/pscratch_sd_d_drhatch_pscans3_scanfiles0030/scanfiles0030,0.81284223,0.82875174,0,0,0.97,0.13085483,-0.0071887067,-0.20926708,
/pscratch/sd/j/joeschm/MGKDB_projects/KBM_classifier_IFS_data/pscratch_sd_d_drhatch_pscans3_scanfiles0030/scanfiles0030,0.81284223,0.82875174,0,0,0.97,0.19628222,-1,-1,
/pscratch/sd/j/joeschm/MGKDB_projects/KBM_classifier_IFS_data/pscratch_sd_d_drhatch_pscans3_scanfiles0030/scanfiles0030,0.81284223,0.82875174,0,0,0.97,0.26170966,0.056,-0.347,
/pscratch/sd/j/joeschm/MGKDB_projects/KBM_classifier_IFS_data/pscratch_sd_d_drhatch_pscans3_scanfiles0030/scanfiles0030,0.81284223,0.82875174,0,0,0.97,0.32713708,0.102,-0.35,
/pscratch/sd/j/joeschm/MGKDB_projects/KBM_classifier_IFS_data/pscratch_sd_d_drhatch_pscans3_scanfiles0030/scanfiles0030,0.81284223,0.82875174,0,0,0.97,0.45799187,0.123,-0.302,
/pscratch/sd/j/joeschm/MGKDB_projects/KBM_classifier_IFS_data/pscratch_sd_d_drhatch_pscans3_scanfiles0030/scanfiles0030,0.81284223,0.82875174,0,0,0.97,0.65427417,0.06,-0.295,
/pscratch/sd/j/joeschm/MGKDB_projects/KBM_classifier_IFS_data/pscratch_sd_d_drhatch_pscans3_scanfiles0031/scanfiles0031,0.81127171,0.82745639,0,0,0.975,0.030956902,-1,-1,MTM
/pscratch/sd/j/joeschm/MGKDB_projects/KBM_classifier_IFS_data/pscratch_sd_d_drhatch_pscans3_scanfiles0031/scanfiles0031,0.81127171,0.82745639,0,0,0.975,0.061913803,-0.042945618,-0.063740069,
/pscratch/sd/j/joeschm/MGKDB_projects/KBM_classifier_IFS_data/pscratch_sd_d_drhatch_pscans3_scanfiles0031/scanfiles0031,0.81127171,0.82745639,0,0,0.975,0.12382761,-1,-1,
/pscratch/sd/j/joeschm/MGKDB_projects/KBM_classifier_IFS_data/pscratch_sd_d_drhatch_pscans3_scanfiles0031/scanfiles0031,0.81127171,0.82745639,0,0,0.975,0.18574142,0.226,-10.576,MTM
/pscratch/sd/j/joeschm/MGKDB_projects/KBM_classifier_IFS_data/pscratch_sd_d_drhatch_pscans3_scanfiles0031/scanfiles0031,0.81127171,0.82745639,0,0,0.975,0.24765521,0.054494091,-4.2554157,ITG_TEM
/pscratch/sd/j/joeschm/MGKDB_projects/KBM_classifier_IFS_data/pscratch_sd_d_drhatch_pscans3_scanfiles0031/scanfiles0031,0.81127171,0.82745639,0,0,0.975,0.309569,0.032294517,-0.15976586,
/pscratch/sd/j/joeschm/MGKDB_projects/KBM_classifier_IFS_data/pscratch_sd_d_drhatch_pscans3_scanfiles0031/scanfiles0031,0.81127171,0.82745639,0,0,0.975,0.43339664,0.0035919816,-0.13977702,
/pscratch/sd/j/joeschm/MGKDB_projects/KBM_classifier_IFS_data/pscratch_sd_d_drhatch_pscans3_scanfiles0031/scanfiles0031,0.81127171,0.82745639,0,0,0.975,0.619138,-1,-1,ITG_TEM
/pscratch/sd/j/joeschm/MGKDB_projects/KBM_classifier_IFS_data/pscratch_sd_d_drhatch_pscans3_scanfiles0032/scanfiles0032,1.2720769,1.0732082,0,0,0.945,0.056747541,-1,-1,MTM
/pscratch/sd/j/joeschm/MGKDB_projects/KBM_classifier_IFS_data/pscratch_sd_d_drhatch_pscans3_scanfiles0032/scanfiles0032,1.2720769,1.0732082,0,0,0.945,0.11349508,-1,-1,MTM
/pscratch/sd/j/joeschm/MGKDB_projects/KBM_classifier_IFS_data/pscratch_sd_d_drhatch_pscans3_scanfiles0032/scanfiles0032,1.2720769,1.0732082,0,0,0.945,0.22699016,0.032150931,-0.23879665,ITG_TEM
/pscratch/sd/j/joeschm/MGKDB_projects/KBM_classifier_IFS_data/pscratch_sd_d_drhatch_pscans3_scanfiles0032/scanfiles0032,1.2720769,1.0732082,0,0,0.945,0.34048524,0.091371004,-0.31073899,ITG_TEM
/pscratch/sd/j/joeschm/MGKDB_projects/KBM_classifier_IFS_data/pscratch_sd_d_drhatch_pscans3_scanfiles0032/scanfiles0032,1.2720769,1.0732082,0,0,0.945,0.45398033,0.15240054,-0.34752811,ITG_TEM
/pscratch/sd/j/joeschm/MGKDB_projects/KBM_classifier_IFS_data/pscratch_sd_d_drhatch_pscans3_scanfiles0032/scanfiles0032,1.2720769,1.0732082,0,0,0.945,0.56747538,0.20816223,-0.35651694,ITG_TEM
/pscratch/sd/j/joeschm/MGKDB_projects/KBM_classifier_IFS_data/pscratch_sd_d_drhatch_pscans3_scanfiles0032/scanfiles0032,1.2720769,1.0732082,0,0,0.945,0.79446554,0.299,-0.327,ITG_TEM
/pscratch/sd/j/joeschm/MGKDB_projects/KBM_classifier_IFS_data/pscratch_sd_d_drhatch_pscans3_scanfiles0032/scanfiles0032,1.2720769,1.0732082,0,0,0.945,1.1349508,0.401,-0.256,ITG_TEM
/pscratch/sd/j/joeschm/MGKDB_projects/KBM_classifier_IFS_data/pscratch_sd_d_drhatch_pscans3_scanfiles0033/scanfiles0033,0.81004711,0.82645633,0,0,0.98,0.028862983,-0.054583086,0.021146089,
/pscratch/sd/j/joeschm/MGKDB_projects/KBM_classifier_IFS_data/pscratch_sd_d_drhatch_pscans3_scanfiles0033/scanfiles0033,0.81004711,0.82645633,0,0,0.98,0.057725966,-1,-1,
/pscratch/sd/j/joeschm/MGKDB_projects/KBM_classifier_IFS_data/pscratch_sd_d_drhatch_pscans3_scanfiles0033/scanfiles0033,0.81004711,0.82645633,0,0,0.98,0.11545193,0.222,-8.458,MTM
/pscratch/sd/j/joeschm/MGKDB_projects/KBM_classifier_IFS_data/pscratch_sd_d_drhatch_pscans3_scanfiles0033/scanfiles0033,0.81004711,0.82645633,0,0,0.98,0.1731779,0.469,-10.913,MTM
/pscratch/sd/j/joeschm/MGKDB_projects/KBM_classifier_IFS_data/pscratch_sd_d_drhatch_pscans3_scanfiles0033/scanfiles0033,0.81004711,0.82645633,0,0,0.98,0.23090386,0.132,-4.699,ITG_TEM
/pscratch/sd/j/joeschm/MGKDB_projects/KBM_classifier_IFS_data/pscratch_sd_d_drhatch_pscans3_scanfiles0033/scanfiles0033,0.81004711,0.82645633,0,0,0.98,0.28862983,-0.017839619,-0.050208772,
/pscratch/sd/j/joeschm/MGKDB_projects/KBM_classifier_IFS_data/pscratch_sd_d_drhatch_pscans3_scanfiles0033/scanfiles0033,0.81004711,0.82645633,0,0,0.98,0.40408176,-0.042727221,-0.080608872,
/pscratch/sd/j/joeschm/MGKDB_projects/KBM_classifier_IFS_data/pscratch_sd_d_drhatch_pscans3_scanfiles0033/scanfiles0033,0.81004711,0.82645633,0,0,0.98,0.57725966,-1,-1,
/pscratch/sd/j/joeschm/MGKDB_projects/KBM_classifier_IFS_data/pscratch_sd_d_drhatch_pscans3_scanfiles0034/scanfiles0034,1.2720769,1.0732082,0,0,0.945,0.056747541,-1,-1,MTM
/pscratch/sd/j/joeschm/MGKDB_projects/KBM_classifier_IFS_data/pscratch_sd_d_drhatch_pscans3_scanfiles0034/scanfiles0034,1.2720769,1.0732082,0,0,0.945,0.11349508,-1,-1,MTM
/pscratch/sd/j/joeschm/MGKDB_projects/KBM_classifier_IFS_data/pscratch_sd_d_drhatch_pscans3_scanfiles0034/scanfiles0034,1.2720769,1.0732082,0,0,0.945,0.22699016,0.032150931,-0.23879665,ITG_TEM
/pscratch/sd/j/joeschm/MGKDB_projects/KBM_classifier_IFS_data/pscratch_sd_d_drhatch_pscans3_scanfiles0034/scanfiles0034,1.2720769,1.0732082,0,0,0.945,0.34048524,0.091371004,-0.31073899,ITG_TEM
/pscratch/sd/j/joeschm/MGKDB_projects/KBM_classifier_IFS_data/pscratch_sd_d_drhatch_pscans3_scanfiles0034/scanfiles0034,1.2720769,1.0732082,0,0,0.945,0.45398033,0.15240054,-0.34752811,ITG_TEM
/pscratch/sd/j/joeschm/MGKDB_projects/KBM_classifier_IFS_data/pscratch_sd_d_drhatch_pscans3_scanfiles0034/scanfiles0034,1.2720769,1.0732082,0,0,0.945,0.56747538,0.20816223,-0.35651694,ITG_TEM
/pscratch/sd/j/joeschm/MGKDB_projects/KBM_classifier_IFS_data/pscratch_sd_d_drhatch_pscans3_scanfiles0034/scanfiles0034,1.2720769,1.0732082,0,0,0.945,0.79446554,0.299,-0.327,ITG_TEM
/pscratch/sd/j/joeschm/MGKDB_projects/KBM_classifier_IFS_data/pscratch_sd_d_drhatch_pscans3_scanfiles0034/scanfiles0034,1.2720769,1.0732082,0,0,0.945,1.1349508,0.401,-0.256,ITG_TEM
/pscratch/sd/j/joeschm/MGKDB_projects/KBM_classifier_IFS_data/pscratch_sd_d_drhatch_pscans3_scanfiles0035/scanfiles0035,0.80907938,0.825678,0,0,0.985,0.026677541,-1,-1,
/pscratch/sd/j/joeschm/MGKDB_projects/KBM_classifier_IFS_data/pscratch_sd_d_drhatch_pscans3_scanfiles0035/scanfiles0035,0.80907938,0.825678,0,0,0.985,0.053355083,-0.074968975,0.015930441,
/pscratch/sd/j/joeschm/MGKDB_projects/KBM_classifier_IFS_data/pscratch_sd_d_drhatch_pscans3_scanfiles0035/scanfiles0035,0.80907938,0.825678,0,0,0.985,0.10671017,0.351,-8.452,MTM
/pscratch/sd/j/joeschm/MGKDB_projects/KBM_classifier_IFS_data/pscratch_sd_d_drhatch_pscans3_scanfiles0035/scanfiles0035,0.80907938,0.825678,0,0,0.985,0.16006526,0.558,-10.482,MTM
/pscratch/sd/j/joeschm/MGKDB_projects/KBM_classifier_IFS_data/pscratch_sd_d_drhatch_pscans3_scanfiles0035/scanfiles0035,0.80907938,0.825678,0,0,0.985,0.21342033,0.333,-10.573,MTM
/pscratch/sd/j/joeschm/MGKDB_projects/KBM_classifier_IFS_data/pscratch_sd_d_drhatch_pscans3_scanfiles0035/scanfiles0035,0.80907938,0.825678,0,0,0.985,0.26677543,0.242,-9.606,ITG_TEM
/pscratch/sd/j/joeschm/MGKDB_projects/KBM_classifier_IFS_data/pscratch_sd_d_drhatch_pscans3_scanfiles0035/scanfiles0035,0.80907938,0.825678,0,0,0.985,0.37348562,-0.064222512,-0.045507164,
/pscratch/sd/j/joeschm/MGKDB_projects/KBM_classifier_IFS_data/pscratch_sd_d_drhatch_pscans3_scanfiles0035/scanfiles0035,0.80907938,0.825678,0,0,0.985,0.53355086,-0.057069064,-0.068827893,
/pscratch/sd/j/joeschm/MGKDB_projects/KBM_classifier_IFS_data/pscratch_sd_d_drhatch_pscans3_scanfiles0036/scanfiles0036,1.2832168,1.1213513,0,0,0.95,0.056426186,-0.021148741,-0.079705601,ITG_TEM
/pscratch/sd/j/joeschm/MGKDB_projects/KBM_classifier_IFS_data/pscratch_sd_d_drhatch_pscans3_scanfiles0036/scanfiles0036,1.2832168,1.1213513,0,0,0.95,0.11285237,-1,-1,MTM
/pscratch/sd/j/joeschm/MGKDB_projects/KBM_classifier_IFS_data/pscratch_sd_d_drhatch_pscans3_scanfiles0036/scanfiles0036,1.2832168,1.1213513,0,0,0.95,0.22570474,0.021926877,-0.2887056,ITG_TEM
/pscratch/sd/j/joeschm/MGKDB_projects/KBM_classifier_IFS_data/pscratch_sd_d_drhatch_pscans3_scanfiles0036/scanfiles0036,1.2832168,1.1213513,0,0,0.95,0.33855715,0.067565878,-0.37329444,ITG_TEM
/pscratch/sd/j/joeschm/MGKDB_projects/KBM_classifier_IFS_data/pscratch_sd_d_drhatch_pscans3_scanfiles0036/scanfiles0036,1.2832168,1.1213513,0,0,0.95,0.45140949,0.11555114,-0.42765785,ITG_TEM
/pscratch/sd/j/joeschm/MGKDB_projects/KBM_classifier_IFS_data/pscratch_sd_d_drhatch_pscans3_scanfiles0036/scanfiles0036,1.2832168,1.1213513,0,0,0.95,0.56426191,0.16331542,-0.46158925,ITG_TEM
/pscratch/sd/j/joeschm/MGKDB_projects/KBM_classifier_IFS_data/pscratch_sd_d_drhatch_pscans3_scanfiles0036/scanfiles0036,1.2832168,1.1213513,0,0,0.95,0.78996658,0.255,-0.482,ITG_TEM
/pscratch/sd/j/joeschm/MGKDB_projects/KBM_classifier_IFS_data/pscratch_sd_d_drhatch_pscans3_scanfiles0036/scanfiles0036,1.2832168,1.1213513,0,0,0.95,1.1285238,0.374,-0.445,ITG_TEM
/pscratch/sd/j/joeschm/MGKDB_projects/KBM_classifier_IFS_data/pscratch_sd_d_drhatch_pscans3_scanfiles0037/scanfiles0037,1.2928375,1.0811017,0,0,0.955,0.055594683,-1,-1,MTM
/pscratch/sd/j/joeschm/MGKDB_projects/KBM_classifier_IFS_data/pscratch_sd_d_drhatch_pscans3_scanfiles0037/scanfiles0037,1.2928375,1.0811017,0,0,0.955,0.11118937,-1,-1,ITG_TEM
/pscratch/sd/j/joeschm/MGKDB_projects/KBM_classifier_IFS_data/pscratch_sd_d_drhatch_pscans3_scanfiles0037/scanfiles0037,1.2928375,1.0811017,0,0,0.955,0.22237873,0.01202047,-0.27783788,ITG_TEM
/pscratch/sd/j/joeschm/MGKDB_projects/KBM_classifier_IFS_data/pscratch_sd_d_drhatch_pscans3_scanfiles0037/scanfiles0037,1.2928375,1.0811017,0,0,0.955,0.33356813,0.036554016,-0.36661547,ITG_TEM
/pscratch/sd/j/joeschm/MGKDB_projects/KBM_classifier_IFS_data/pscratch_sd_d_drhatch_pscans3_scanfiles0037/scanfiles0037,1.2928375,1.0811017,0,0,0.955,0.44475746,0.07,-0.437,ITG_TEM
/pscratch/sd/j/joeschm/MGKDB_projects/KBM_classifier_IFS_data/pscratch_sd_d_drhatch_pscans3_scanfiles0037/scanfiles0037,1.2928375,1.0811017,0,0,0.955,0.55594689,0.11,-0.494,ITG_TEM
/pscratch/sd/j/joeschm/MGKDB_projects/KBM_classifier_IFS_data/pscratch_sd_d_drhatch_pscans3_scanfiles0037/scanfiles0037,1.2928375,1.0811017,0,0,0.955,0.77832568,0.21,-0.563,ITG_TEM
/pscratch/sd/j/joeschm/MGKDB_projects/KBM_classifier_IFS_data/pscratch_sd_d_drhatch_pscans3_scanfiles0037/scanfiles0037,1.2928375,1.0811017,0,0,0.955,1.1118938,0.316,-0.542,ITG_TEM
/pscratch/sd/j/joeschm/MGKDB_projects/KBM_classifier_IFS_data/pscratch_sd_d_drhatch_pscans3_scanfiles0038/scanfiles0038,0.80825809,0.82500317,0,0,0.99,0.024646223,-1,-1,
/pscratch/sd/j/joeschm/MGKDB_projects/KBM_classifier_IFS_data/pscratch_sd_d_drhatch_pscans3_scanfiles0038/scanfiles0038,0.80825809,0.82500317,0,0,0.99,0.049292445,-1,-1,
/pscratch/sd/j/joeschm/MGKDB_projects/KBM_classifier_IFS_data/pscratch_sd_d_drhatch_pscans3_scanfiles0038/scanfiles0038,0.80825809,0.82500317,0,0,0.99,0.09858489,0.25,-8.241,MTM
/pscratch/sd/j/joeschm/MGKDB_projects/KBM_classifier_IFS_data/pscratch_sd_d_drhatch_pscans3_scanfiles0038/scanfiles0038,0.80825809,0.82500317,0,0,0.99,0.14787734,0.552,-9.998,ITG_TEM
/pscratch/sd/j/joeschm/MGKDB_projects/KBM_classifier_IFS_data/pscratch_sd_d_drhatch_pscans3_scanfiles0038/scanfiles0038,0.80825809,0.82500317,0,0,0.99,0.19716978,0.459,-10.082,ITG_TEM
/pscratch/sd/j/joeschm/MGKDB_projects/KBM_classifier_IFS_data/pscratch_sd_d_drhatch_pscans3_scanfiles0038/scanfiles0038,0.80825809,0.82500317,0,0,0.99,0.24646223,0.764,-9.399,ITG_TEM
/pscratch/sd/j/joeschm/MGKDB_projects/KBM_classifier_IFS_data/pscratch_sd_d_drhatch_pscans3_scanfiles0038/scanfiles0038,0.80825809,0.82500317,0,0,0.99,0.34504712,0.048263795,-7.9252154,ITG_TEM
/pscratch/sd/j/joeschm/MGKDB_projects/KBM_classifier_IFS_data/pscratch_sd_d_drhatch_pscans3_scanfiles0038/scanfiles0038,0.80825809,0.82500317,0,0,0.99,0.49292445,0.511,-4.695,ETG
/pscratch/sd/j/joeschm/MGKDB_projects/KBM_classifier_IFS_data/pscratch_sd_d_drhatch_pscans3_scanfiles0039/scanfiles0039,1.3002998,1.0832205,0,0,0.96,0.05395513,-1,-1,MTM
/pscratch/sd/j/joeschm/MGKDB_projects/KBM_classifier_IFS_data/pscratch_sd_d_drhatch_pscans3_scanfiles0039/scanfiles0039,1.3002998,1.0832205,0,0,0.96,0.10791026,-1,-1,ITG_TEM
/pscratch/sd/j/joeschm/MGKDB_projects/KBM_classifier_IFS_data/pscratch_sd_d_drhatch_pscans3_scanfiles0039/scanfiles0039,1.3002998,1.0832205,0,0,0.96,0.21582052,0.0066627662,-0.24689056,ITG_TEM
/pscratch/sd/j/joeschm/MGKDB_projects/KBM_classifier_IFS_data/pscratch_sd_d_drhatch_pscans3_scanfiles0039/scanfiles0039,1.3002998,1.0832205,0,0,0.96,0.32373077,0.023762786,-0.31282564,ITG_TEM
/pscratch/sd/j/joeschm/MGKDB_projects/KBM_classifier_IFS_data/pscratch_sd_d_drhatch_pscans3_scanfiles0039/scanfiles0039,1.3002998,1.0832205,0,0,0.96,0.43164104,0.035,-0.368,ITG_TEM
/pscratch/sd/j/joeschm/MGKDB_projects/KBM_classifier_IFS_data/pscratch_sd_d_drhatch_pscans3_scanfiles0039/scanfiles0039,1.3002998,1.0832205,0,0,0.96,0.53955126,0.056,-0.417,ITG_TEM
/pscratch/sd/j/joeschm/MGKDB_projects/KBM_classifier_IFS_data/pscratch_sd_d_drhatch_pscans3_scanfiles0039/scanfiles0039,1.3002998,1.0832205,0,0,0.96,0.75537187,0.139,-0.451,ITG_TEM
/pscratch/sd/j/joeschm/MGKDB_projects/KBM_classifier_IFS_data/pscratch_sd_d_drhatch_pscans3_scanfiles0039/scanfiles0039,1.3002998,1.0832205,0,0,0.96,1.0791025,0.095,-0.35,ITG_TEM
/pscratch/sd/j/joeschm/MGKDB_projects/KBM_classifier_IFS_data/pscratch_sd_d_drhatch_pscans3_scanfiles0040/scanfiles0040,0.92334972,0.88438894,0,0,0.935,0.039584912,-1,-1,MTM
/pscratch/sd/j/joeschm/MGKDB_projects/KBM_classifier_IFS_data/pscratch_sd_d_drhatch_pscans3_scanfiles0040/scanfiles0040,0.92334972,0.88438894,0,0,0.935,0.079169825,-1,-1,ITG_TEM
/pscratch/sd/j/joeschm/MGKDB_projects/KBM_classifier_IFS_data/pscratch_sd_d_drhatch_pscans3_scanfiles0040/scanfiles0040,0.92334972,0.88438894,0,0,0.935,0.15833965,0.022378582,0.061254343,ITG_TEM
/pscratch/sd/j/joeschm/MGKDB_projects/KBM_classifier_IFS_data/pscratch_sd_d_drhatch_pscans3_scanfiles0040/scanfiles0040,0.92334972,0.88438894,0,0,0.935,0.23750947,0.050414693,0.08100266,ITG_TEM
/pscratch/sd/j/joeschm/MGKDB_projects/KBM_classifier_IFS_data/pscratch_sd_d_drhatch_pscans3_scanfiles0040/scanfiles0040,0.92334972,0.88438894,0,0,0.935,0.3166793,0.088114792,0.10138541,ITG_TEM
/pscratch/sd/j/joeschm/MGKDB_projects/KBM_classifier_IFS_data/pscratch_sd_d_drhatch_pscans3_scanfiles0040/scanfiles0040,0.92334972,0.88438894,0,0,0.935,0.39584911,0.13323208,0.1195299,ITG_TEM
/pscratch/sd/j/joeschm/MGKDB_projects/KBM_classifier_IFS_data/pscratch_sd_d_drhatch_pscans3_scanfiles0040/scanfiles0040,0.92334972,0.88438894,0,0,0.935,0.55418879,0.217,0.173,ITG_TEM
/pscratch/sd/j/joeschm/MGKDB_projects/KBM_classifier_IFS_data/pscratch_sd_d_drhatch_pscans3_scanfiles0040/scanfiles0040,0.92334972,0.88438894,0,0,0.935,0.79169822,0.273,0.295,ITG_TEM
/pscratch/sd/j/joeschm/MGKDB_projects/KBM_classifier_IFS_data/pscratch_sd_d_drhatch_pscans3_scanfiles0041/scanfiles0041,1.3057546,1.0846468,0,0,0.965,0.051320102,0.11319696,-2.5812948,MTM
/pscratch/sd/j/joeschm/MGKDB_projects/KBM_classifier_IFS_data/pscratch_sd_d_drhatch_pscans3_scanfiles0041/scanfiles0041,1.3057546,1.0846468,0,0,0.965,0.1026402,-1,-1,ITG_TEM
/pscratch/sd/j/joeschm/MGKDB_projects/KBM_classifier_IFS_data/pscratch_sd_d_drhatch_pscans3_scanfiles0041/scanfiles0041,1.3057546,1.0846468,0,0,0.965,0.20528041,-1,-1,
/pscratch/sd/j/joeschm/MGKDB_projects/KBM_classifier_IFS_data/pscratch_sd_d_drhatch_pscans3_scanfiles0041/scanfiles0041,1.3057546,1.0846468,0,0,0.965,0.30792063,0.338,-13.272,MTM
/pscratch/sd/j/joeschm/MGKDB_projects/KBM_classifier_IFS_data/pscratch_sd_d_drhatch_pscans3_scanfiles0041/scanfiles0041,1.3057546,1.0846468,0,0,0.965,0.41056082,0.593,-16.666,MTM
/pscratch/sd/j/joeschm/MGKDB_projects/KBM_classifier_IFS_data/pscratch_sd_d_drhatch_pscans3_scanfiles0041/scanfiles0041,1.3057546,1.0846468,0,0,0.965,0.51320106,0.55865977,18.661453,
/pscratch/sd/j/joeschm/MGKDB_projects/KBM_classifier_IFS_data/pscratch_sd_d_drhatch_pscans3_scanfiles0041/scanfiles0041,1.3057546,1.0846468,0,0,0.965,0.71848148,0.494,-0.994,ITG_TEM
/pscratch/sd/j/joeschm/MGKDB_projects/KBM_classifier_IFS_data/pscratch_sd_d_drhatch_pscans3_scanfiles0041/scanfiles0041,1.3057546,1.0846468,0,0,0.965,1.0264021,0.033201741,-1.5006067,ETG
/pscratch/sd/j/joeschm/MGKDB_projects/KBM_classifier_IFS_data/pscratch_sd_d_drhatch_pscans3_scanfiles0042/scanfiles0042,1,0.89700458,0,0,0.94,0.039618254,-1,-1,MTM
/pscratch/sd/j/joeschm/MGKDB_projects/KBM_classifier_IFS_data/pscratch_sd_d_drhatch_pscans3_scanfiles0042/scanfiles0042,1,0.89700458,0,0,0.94,0.079236507,-1,-1,ITG_TEM
/pscratch/sd/j/joeschm/MGKDB_projects/KBM_classifier_IFS_data/pscratch_sd_d_drhatch_pscans3_scanfiles0042/scanfiles0042,1,0.89700458,0,0,0.94,0.15847301,-1,-1,ITG_TEM
/pscratch/sd/j/joeschm/MGKDB_projects/KBM_classifier_IFS_data/pscratch_sd_d_drhatch_pscans3_scanfiles0042/scanfiles0042,1,0.89700458,0,0,0.94,0.23770952,-1,-1,MTM
/pscratch/sd/j/joeschm/MGKDB_projects/KBM_classifier_IFS_data/pscratch_sd_d_drhatch_pscans3_scanfiles0042/scanfiles0042,1,0.89700458,0,0,0.94,0.31694603,0.021882806,-0.46455499,ITG_TEM
/pscratch/sd/j/joeschm/MGKDB_projects/KBM_classifier_IFS_data/pscratch_sd_d_drhatch_pscans3_scanfiles0042/scanfiles0042,1,0.89700458,0,0,0.94,0.39618257,0.136,-0.512,ITG_TEM
/pscratch/sd/j/joeschm/MGKDB_projects/KBM_classifier_IFS_data/pscratch_sd_d_drhatch_pscans3_scanfiles0042/scanfiles0042,1,0.89700458,0,0,0.94,0.55465555,0.301,-0.529,ITG_TEM
/pscratch/sd/j/joeschm/MGKDB_projects/KBM_classifier_IFS_data/pscratch_sd_d_drhatch_pscans3_scanfiles0042/scanfiles0042,1,0.89700458,0,0,0.94,0.79236513,0.427,-0.5,ITG_TEM
/pscratch/sd/j/joeschm/MGKDB_projects/KBM_classifier_IFS_data/pscratch_sd_d_drhatch_pscans3_scanfiles0043/scanfiles0043,1.1871668,1.0856459,0,0,0.97,0.04765084,0.19396382,-3.2023968,MTM
/pscratch/sd/j/joeschm/MGKDB_projects/KBM_classifier_IFS_data/pscratch_sd_d_drhatch_pscans3_scanfiles0043/scanfiles0043,1.1871668,1.0856459,0,0,0.97,0.09530168,-1,-1,
/pscratch/sd/j/joeschm/MGKDB_projects/KBM_classifier_IFS_data/pscratch_sd_d_drhatch_pscans3_scanfiles0043/scanfiles0043,1.1871668,1.0856459,0,0,0.97,0.19060336,0.479,-10.965,MTM
/pscratch/sd/j/joeschm/MGKDB_projects/KBM_classifier_IFS_data/pscratch_sd_d_drhatch_pscans3_scanfiles0043/scanfiles0043,1.1871668,1.0856459,0,0,0.97,0.28590506,0.737,-15.045,MTM
/pscratch/sd/j/joeschm/MGKDB_projects/KBM_classifier_IFS_data/pscratch_sd_d_drhatch_pscans3_scanfiles0043/scanfiles0043,1.1871668,1.0856459,0,0,0.97,0.38120672,0.72167173,17.07218,
/pscratch/sd/j/joeschm/MGKDB_projects/KBM_classifier_IFS_data/pscratch_sd_d_drhatch_pscans3_scanfiles0043/scanfiles0043,1.1871668,1.0856459,0,0,0.97,0.47650844,0.866,-0.972,
/pscratch/sd/j/joeschm/MGKDB_projects/KBM_classifier_IFS_data/pscratch_sd_d_drhatch_pscans3_scanfiles0043/scanfiles0043,1.1871668,1.0856459,0,0,0.97,0.66711181,0.91845842,-3.0999466,ITG_TEM
/pscratch/sd/j/joeschm/MGKDB_projects/KBM_classifier_IFS_data/pscratch_sd_d_drhatch_pscans3_scanfiles0043/scanfiles0043,1.1871668,1.0856459,0,0,0.97,0.95301688,1.271,-2.838,
/pscratch/sd/j/joeschm/MGKDB_projects/KBM_classifier_IFS_data/pscratch_sd_d_drhatch_pscans3_scanfiles0044/scanfiles0044,1,0.85388751,0,0,0.945,0.039583337,-1,-1,MTM
/pscratch/sd/j/joeschm/MGKDB_projects/KBM_classifier_IFS_data/pscratch_sd_d_drhatch_pscans3_scanfiles0044/scanfiles0044,1,0.85388751,0,0,0.945,0.079166673,-1,-1,ITG_TEM
/pscratch/sd/j/joeschm/MGKDB_projects/KBM_classifier_IFS_data/pscratch_sd_d_drhatch_pscans3_scanfiles0044/scanfiles0044,1,0.85388751,0,0,0.945,0.15833335,-1,-1,MTM
/pscratch/sd/j/joeschm/MGKDB_projects/KBM_classifier_IFS_data/pscratch_sd_d_drhatch_pscans3_scanfiles0044/scanfiles0044,1,0.85388751,0,0,0.945,0.23750003,0.029,-0.511,ITG_TEM
/pscratch/sd/j/joeschm/MGKDB_projects/KBM_classifier_IFS_data/pscratch_sd_d_drhatch_pscans3_scanfiles0044/scanfiles0044,1,0.85388751,0,0,0.945,0.31666669,0.175,-0.67,ITG_TEM
/pscratch/sd/j/joeschm/MGKDB_projects/KBM_classifier_IFS_data/pscratch_sd_d_drhatch_pscans3_scanfiles0044/scanfiles0044,1,0.85388751,0,0,0.945,0.39583334,0.321,-0.737,ITG_TEM
/pscratch/sd/j/joeschm/MGKDB_projects/KBM_classifier_IFS_data/pscratch_sd_d_drhatch_pscans3_scanfiles0044/scanfiles0044,1,0.85388751,0,0,0.945,0.55416673,0.537,-0.773,ITG_TEM
/pscratch/sd/j/joeschm/MGKDB_projects/KBM_classifier_IFS_data/pscratch_sd_d_drhatch_pscans3_scanfiles0044/scanfiles0044,1,0.85388751,0,0,0.945,0.79166669,0.74,-0.749,ITG_TEM
/pscratch/sd/j/joeschm/MGKDB_projects/KBM_classifier_IFS_data/pscratch_sd_d_drhatch_pscans3_scanfiles0045/scanfiles0045,1.1887116,1.0863109,0,0,0.975,0.043182347,0.187,-3.707,MTM
/pscratch/sd/j/joeschm/MGKDB_projects/KBM_classifier_IFS_data/pscratch_sd_d_drhatch_pscans3_scanfiles0045/scanfiles0045,1.1887116,1.0863109,0,0,0.975,0.086364694,0.034436624,-6.6755113,MTM
/pscratch/sd/j/joeschm/MGKDB_projects/KBM_classifier_IFS_data/pscratch_sd_d_drhatch_pscans3_scanfiles0045/scanfiles0045,1.1887116,1.0863109,0,0,0.975,0.17272939,0.555,-11.497,MTM
/pscratch/sd/j/joeschm/MGKDB_projects/KBM_classifier_IFS_data/pscratch_sd_d_drhatch_pscans3_scanfiles0045/scanfiles0045,1.1887116,1.0863109,0,0,0.975,0.25909409,0.6107237,-1.1338051,
/pscratch/sd/j/joeschm/MGKDB_projects/KBM_classifier_IFS_data/pscratch_sd_d_drhatch_pscans3_scanfiles0045/scanfiles0045,1.1887116,1.0863109,0,0,0.975,0.34545878,0.808,-0.712,
/pscratch/sd/j/joeschm/MGKDB_projects/KBM_classifier_IFS_data/pscratch_sd_d_drhatch_pscans3_scanfiles0045/scanfiles0045,1.1887116,1.0863109,0,0,0.975,0.43182346,0.819,-0.304,
/pscratch/sd/j/joeschm/MGKDB_projects/KBM_classifier_IFS_data/pscratch_sd_d_drhatch_pscans3_scanfiles0045/scanfiles0045,1.1887116,1.0863109,0,0,0.975,0.60455287,1.389,-2.751,
/pscratch/sd/j/joeschm/MGKDB_projects/KBM_classifier_IFS_data/pscratch_sd_d_drhatch_pscans3_scanfiles0045/scanfiles0045,1.1887116,1.0863109,0,0,0.975,0.86364692,1.4020014,-4.8701921,ETG
/pscratch/sd/j/joeschm/MGKDB_projects/KBM_classifier_IFS_data/pscratch_sd_d_drhatch_pscans3_scanfiles0046/scanfiles0046,1,0.87845451,0,0,0.95,0.03943726,-1,-1,MTM
/pscratch/sd/j/joeschm/MGKDB_projects/KBM_classifier_IFS_data/pscratch_sd_d_drhatch_pscans3_scanfiles0046/scanfiles0046,1,0.87845451,0,0,0.95,0.078874521,-0.019780734,-0.21086436,ITG_TEM
/pscratch/sd/j/joeschm/MGKDB_projects/KBM_classifier_IFS_data/pscratch_sd_d_drhatch_pscans3_scanfiles0046/scanfiles0046,1,0.87845451,0,0,0.95,0.15774904,0.017244573,-0.4530792,ITG_TEM
/pscratch/sd/j/joeschm/MGKDB_projects/KBM_classifier_IFS_data/pscratch_sd_d_drhatch_pscans3_scanfiles0046/scanfiles0046,1,0.87845451,0,0,0.95,0.23662353,0.103,-0.698,ITG_TEM
/pscratch/sd/j/joeschm/MGKDB_projects/KBM_classifier_IFS_data/pscratch_sd_d_drhatch_pscans3_scanfiles0046/scanfiles0046,1,0.87845451,0,0,0.95,0.31549808,0.272,-0.87,ITG_TEM
/pscratch/sd/j/joeschm/MGKDB_projects/KBM_classifier_IFS_data/pscratch_sd_d_drhatch_pscans3_scanfiles0046/scanfiles0046,1,0.87845451,0,0,0.95,0.39437258,0.433,-0.946,ITG_TEM
/pscratch/sd/j/joeschm/MGKDB_projects/KBM_classifier_IFS_data/pscratch_sd_d_drhatch_pscans3_scanfiles0046/scanfiles0046,1,0.87845451,0,0,0.95,0.55212158,0.676,-0.991,ITG_TEM
/pscratch/sd/j/joeschm/MGKDB_projects/KBM_classifier_IFS_data/pscratch_sd_d_drhatch_pscans3_scanfiles0046/scanfiles0046,1,0.87845451,0,0,0.95,0.78874516,0.924,-0.965,ITG_TEM
/pscratch/sd/j/joeschm/MGKDB_projects/KBM_classifier_IFS_data/pscratch_sd_d_drhatch_pscans3_scanfiles0047/scanfiles0047,1.1899103,1.086773,0,0,0.98,0.038323071,0.125,-3.844,MTM
/pscratch/sd/j/joeschm/MGKDB_projects/KBM_classifier_IFS_data/pscratch_sd_d_drhatch_pscans3_scanfiles0047/scanfiles0047,1.1899103,1.086773,0,0,0.98,0.076646142,-1,-1,
/pscratch/sd/j/joeschm/MGKDB_projects/KBM_classifier_IFS_data/pscratch_sd_d_drhatch_pscans3_scanfiles0047/scanfiles0047,1.1899103,1.086773,0,0,0.98,0.15329228,0.256,-1.148,
/pscratch/sd/j/joeschm/MGKDB_projects/KBM_classifier_IFS_data/pscratch_sd_d_drhatch_pscans3_scanfiles0047/scanfiles0047,1.1899103,1.086773,0,0,0.98,0.22993843,0.524,-0.608,
/pscratch/sd/j/joeschm/MGKDB_projects/KBM_classifier_IFS_data/pscratch_sd_d_drhatch_pscans3_scanfiles0047/scanfiles0047,1.1899103,1.086773,0,0,0.98,0.30658457,0.81140283,-3.5807253,ITG_TEM
/pscratch/sd/j/joeschm/MGKDB_projects/KBM_classifier_IFS_data/pscratch_sd_d_drhatch_pscans3_scanfiles0047/scanfiles0047,1.1899103,1.086773,0,0,0.98,0.38323072,1.143,-3.299,
/pscratch/sd/j/joeschm/MGKDB_projects/KBM_classifier_IFS_data/pscratch_sd_d_drhatch_pscans3_scanfiles0047/scanfiles0047,1.1899103,1.086773,0,0,0.98,0.53652304,1.139,-3.008,ETG
/pscratch/sd/j/joeschm/MGKDB_projects/KBM_classifier_IFS_data/pscratch_sd_d_drhatch_pscans3_scanfiles0047/scanfiles0047,1.1899103,1.086773,0,0,0.98,0.76646143,2.104,-3.631,ETG
/pscratch/sd/j/joeschm/MGKDB_projects/KBM_classifier_IFS_data/pscratch_sd_d_drhatch_pscans3_scanfiles0048/scanfiles0048,1,0.83785293,0,0,0.955,0.0390651,-0.010049604,-0.12487962,ITG_TEM
/pscratch/sd/j/joeschm/MGKDB_projects/KBM_classifier_IFS_data/pscratch_sd_d_drhatch_pscans3_scanfiles0048/scanfiles0048,1,0.83785293,0,0,0.955,0.078130201,-0.0040945623,-0.26554536,ITG_TEM
/pscratch/sd/j/joeschm/MGKDB_projects/KBM_classifier_IFS_data/pscratch_sd_d_drhatch_pscans3_scanfiles0048/scanfiles0048,1,0.83785293,0,0,0.955,0.1562604,0.035847192,-0.53536219,ITG_TEM
/pscratch/sd/j/joeschm/MGKDB_projects/KBM_classifier_IFS_data/pscratch_sd_d_drhatch_pscans3_scanfiles0048/scanfiles0048,1,0.83785293,0,0,0.955,0.23439057,0.139,-0.782,ITG_TEM
/pscratch/sd/j/joeschm/MGKDB_projects/KBM_classifier_IFS_data/pscratch_sd_d_drhatch_pscans3_scanfiles0048/scanfiles0048,1,0.83785293,0,0,0.955,0.3125208,0.303,-0.942,ITG_TEM
/pscratch/sd/j/joeschm/MGKDB_projects/KBM_classifier_IFS_data/pscratch_sd_d_drhatch_pscans3_scanfiles0048/scanfiles0048,1,0.83785293,0,0,0.955,0.39065099,0.462,-1.017,ITG_TEM
/pscratch/sd/j/joeschm/MGKDB_projects/KBM_classifier_IFS_data/pscratch_sd_d_drhatch_pscans3_scanfiles0048/scanfiles0048,1,0.83785293,0,0,0.955,0.54691136,0.714,-1.051,ITG_TEM
/pscratch/sd/j/joeschm/MGKDB_projects/KBM_classifier_IFS_data/pscratch_sd_d_drhatch_pscans3_scanfiles0048/scanfiles0048,1,0.83785293,0,0,0.955,0.78130198,0.985,-0.984,ITG_TEM
/pscratch/sd/j/joeschm/MGKDB_projects/KBM_classifier_IFS_data/pscratch_sd_d_drhatch_pscans3_scanfiles0049/scanfiles0049,1.1908903,1.0871773,0,0,0.985,0.033541501,-1,-1,
/pscratch/sd/j/joeschm/MGKDB_projects/KBM_classifier_IFS_data/pscratch_sd_d_drhatch_pscans3_scanfiles0049/scanfiles0049,1.1908903,1.0871773,0,0,0.985,0.067083001,-1,-1,
/pscratch/sd/j/joeschm/MGKDB_projects/KBM_classifier_IFS_data/pscratch_sd_d_drhatch_pscans3_scanfiles0049/scanfiles0049,1.1908903,1.0871773,0,0,0.985,0.134166,-0.05506013,-0.049666286,ETG
/pscratch/sd/j/joeschm/MGKDB_projects/KBM_classifier_IFS_data/pscratch_sd_d_drhatch_pscans3_scanfiles0049/scanfiles0049,1.1908903,1.0871773,0,0,0.985,0.20124902,0.50596143,-8.7470978,ITG_TEM
/pscratch/sd/j/joeschm/MGKDB_projects/KBM_classifier_IFS_data/pscratch_sd_d_drhatch_pscans3_scanfiles0049/scanfiles0049,1.1908903,1.0871773,0,0,0.985,0.268332,0.6343664,-4.433637,ITG_TEM
/pscratch/sd/j/joeschm/MGKDB_projects/KBM_classifier_IFS_data/pscratch_sd_d_drhatch_pscans3_scanfiles0049/scanfiles0049,1.1908903,1.0871773,0,0,0.985,0.33541501,0.926,-4.03,ETG
/pscratch/sd/j/joeschm/MGKDB_projects/KBM_classifier_IFS_data/pscratch_sd_d_drhatch_pscans3_scanfiles0049/scanfiles0049,1.1908903,1.0871773,0,0,0.985,0.46958104,1.751,-4.915,ETG
/pscratch/sd/j/joeschm/MGKDB_projects/KBM_classifier_IFS_data/pscratch_sd_d_drhatch_pscans3_scanfiles0049/scanfiles0049,1.1908903,1.0871773,0,0,0.985,0.67083001,2.911,-6.684,ETG
/pscratch/sd/j/joeschm/MGKDB_projects/KBM_classifier_IFS_data/pscratch_sd_d_drhatch_pscans3_scanfiles0050/scanfiles0050,1,0.83349951,0,0,0.96,0.038375009,-0.01170651,-0.14672974,ITG_TEM
/pscratch/sd/j/joeschm/MGKDB_projects/KBM_classifier_IFS_data/pscratch_sd_d_drhatch_pscans3_scanfiles0050/scanfiles0050,1,0.83349951,0,0,0.96,0.076750018,-0.0059407013,-0.25881217,ITG_TEM
/pscratch/sd/j/joeschm/MGKDB_projects/KBM_classifier_IFS_data/pscratch_sd_d_drhatch_pscans3_scanfiles0050/scanfiles0050,1,0.83349951,0,0,0.96,0.15350004,0.03457039,-0.50194391,ITG_TEM
/pscratch/sd/j/joeschm/MGKDB_projects/KBM_classifier_IFS_data/pscratch_sd_d_drhatch_pscans3_scanfiles0050/scanfiles0050,1,0.83349951,0,0,0.96,0.23025006,0.13,-0.699,ITG_TEM
/pscratch/sd/j/joeschm/MGKDB_projects/KBM_classifier_IFS_data/pscratch_sd_d_drhatch_pscans3_scanfiles0050/scanfiles0050,1,0.83349951,0,0,0.96,0.30700007,0.265,-0.823,ITG_TEM
/pscratch/sd/j/joeschm/MGKDB_projects/KBM_classifier_IFS_data/pscratch_sd_d_drhatch_pscans3_scanfiles0050/scanfiles0050,1,0.83349951,0,0,0.96,0.38375011,0.406,-0.873,ITG_TEM
/pscratch/sd/j/joeschm/MGKDB_projects/KBM_classifier_IFS_data/pscratch_sd_d_drhatch_pscans3_scanfiles0050/scanfiles0050,1,0.83349951,0,0,0.96,0.53725016,0.632,-0.847,ITG_TEM
/pscratch/sd/j/joeschm/MGKDB_projects/KBM_classifier_IFS_data/pscratch_sd_d_drhatch_pscans3_scanfiles0050/scanfiles0050,1,0.83349951,0,0,0.96,0.76750022,0.849,-0.681,ITG_TEM
/pscratch/sd/j/joeschm/MGKDB_projects/KBM_classifier_IFS_data/pscratch_sd_d_drhatch_pscans3_scanfiles0051/scanfiles0051,1.1917309,1.0875043,0,0,0.99,0.029282982,-1,-1,
/pscratch/sd/j/joeschm/MGKDB_projects/KBM_classifier_IFS_data/pscratch_sd_d_drhatch_pscans3_scanfiles0051/scanfiles0051,1.1917309,1.0875043,0,0,0.99,0.058565963,-1,-1,
/pscratch/sd/j/joeschm/MGKDB_projects/KBM_classifier_IFS_data/pscratch_sd_d_drhatch_pscans3_scanfiles0051/scanfiles0051,1.1917309,1.0875043,0,0,0.99,0.11713193,0.966,-5.872,ITG_TEM
/pscratch/sd/j/joeschm/MGKDB_projects/KBM_classifier_IFS_data/pscratch_sd_d_drhatch_pscans3_scanfiles0051/scanfiles0051,1.1917309,1.0875043,0,0,0.99,0.17569789,1.309,-8.949,ITG_TEM
/pscratch/sd/j/joeschm/MGKDB_projects/KBM_classifier_IFS_data/pscratch_sd_d_drhatch_pscans3_scanfiles0051/scanfiles0051,1.1917309,1.0875043,0,0,0.99,0.23426385,0.92603017,-8.7546741,ITG_TEM
/pscratch/sd/j/joeschm/MGKDB_projects/KBM_classifier_IFS_data/pscratch_sd_d_drhatch_pscans3_scanfiles0051/scanfiles0051,1.1917309,1.0875043,0,0,0.99,0.29282981,1.22,-6.321,ETG
/pscratch/sd/j/joeschm/MGKDB_projects/KBM_classifier_IFS_data/pscratch_sd_d_drhatch_pscans3_scanfiles0051/scanfiles0051,1.1917309,1.0875043,0,0,0.99,0.40996173,1.986,-8.188,ETG
/pscratch/sd/j/joeschm/MGKDB_projects/KBM_classifier_IFS_data/pscratch_sd_d_drhatch_pscans3_scanfiles0051/scanfiles0051,1.1917309,1.0875043,0,0,0.99,0.58565962,2.5904709,-3.0278455,ETG
/pscratch/sd/j/joeschm/MGKDB_projects/KBM_classifier_IFS_data/pscratch_sd_d_drhatch_pscans3_scanfiles0052/scanfiles0052,1,0.83063251,0,0,0.965,0.037213497,-0.037279803,-0.16246153,ETG
/pscratch/sd/j/joeschm/MGKDB_projects/KBM_classifier_IFS_data/pscratch_sd_d_drhatch_pscans3_scanfiles0052/scanfiles0052,1,0.83063251,0,0,0.965,0.074426994,-0.009133192,-0.20171665,ITG_TEM
/pscratch/sd/j/joeschm/MGKDB_projects/KBM_classifier_IFS_data/pscratch_sd_d_drhatch_pscans3_scanfiles0052/scanfiles0052,1,0.83063251,0,0,0.965,0.14885399,0.012787643,-0.33270876,ITG_TEM
/pscratch/sd/j/joeschm/MGKDB_projects/KBM_classifier_IFS_data/pscratch_sd_d_drhatch_pscans3_scanfiles0052/scanfiles0052,1,0.83063251,0,0,0.965,0.22328097,0.064,-0.466,ITG_TEM
/pscratch/sd/j/joeschm/MGKDB_projects/KBM_classifier_IFS_data/pscratch_sd_d_drhatch_pscans3_scanfiles0052/scanfiles0052,1,0.83063251,0,0,0.965,0.29770797,0.149,-0.546,ITG_TEM
/pscratch/sd/j/joeschm/MGKDB_projects/KBM_classifier_IFS_data/pscratch_sd_d_drhatch_pscans3_scanfiles0052/scanfiles0052,1,0.83063251,0,0,0.965,0.37213492,0.247,-0.573,ITG_TEM
/pscratch/sd/j/joeschm/MGKDB_projects/KBM_classifier_IFS_data/pscratch_sd_d_drhatch_pscans3_scanfiles0052/scanfiles0052,1,0.83063251,0,0,0.965,0.52098894,0.398,-0.501,ITG_TEM
/pscratch/sd/j/joeschm/MGKDB_projects/KBM_classifier_IFS_data/pscratch_sd_d_drhatch_pscans3_scanfiles0052/scanfiles0052,1,0.83063251,0,0,0.965,0.74426985,0.443,-0.3,ITG_TEM
/pscratch/sd/j/joeschm/MGKDB_projects/KBM_classifier_IFS_data/pscratch_sd_d_drhatch_pscans3_scanfiles0053/scanfiles0053,0.90643181,0.82875174,0,0,0.97,0.03551821,-0.033096895,-0.086735188,ETG
/pscratch/sd/j/joeschm/MGKDB_projects/KBM_classifier_IFS_data/pscratch_sd_d_drhatch_pscans3_scanfiles0053/scanfiles0053,0.90643181,0.82875174,0,0,0.97,0.071036421,-0.026851939,-0.12776572,ITG_TEM
/pscratch/sd/j/joeschm/MGKDB_projects/KBM_classifier_IFS_data/pscratch_sd_d_drhatch_pscans3_scanfiles0053/scanfiles0053,0.90643181,0.82875174,0,0,0.97,0.14207284,-1,-1,
/pscratch/sd/j/joeschm/MGKDB_projects/KBM_classifier_IFS_data/pscratch_sd_d_drhatch_pscans3_scanfiles0053/scanfiles0053,0.90643181,0.82875174,0,0,0.97,0.21310925,0.142,-5.573,MTM
/pscratch/sd/j/joeschm/MGKDB_projects/KBM_classifier_IFS_data/pscratch_sd_d_drhatch_pscans3_scanfiles0053/scanfiles0053,0.90643181,0.82875174,0,0,0.97,0.28414568,0.025058968,-0.29131963,
/pscratch/sd/j/joeschm/MGKDB_projects/KBM_classifier_IFS_data/pscratch_sd_d_drhatch_pscans3_scanfiles0053/scanfiles0053,0.90643181,0.82875174,0,0,0.97,0.35518211,0.071,-0.316,
/pscratch/sd/j/joeschm/MGKDB_projects/KBM_classifier_IFS_data/pscratch_sd_d_drhatch_pscans3_scanfiles0053/scanfiles0053,0.90643181,0.82875174,0,0,0.97,0.49725497,0.145,-0.277,
/pscratch/sd/j/joeschm/MGKDB_projects/KBM_classifier_IFS_data/pscratch_sd_d_drhatch_pscans3_scanfiles0053/scanfiles0053,0.90643181,0.82875174,0,0,0.97,0.71036422,0.088124942,-0.17525686,
/pscratch/sd/j/joeschm/MGKDB_projects/KBM_classifier_IFS_data/pscratch_sd_d_drhatch_pscans3_scanfiles0054/scanfiles0054,0.92334972,1,0,0,0.935,0.039951447,-1,-1,MTM
/pscratch/sd/j/joeschm/MGKDB_projects/KBM_classifier_IFS_data/pscratch_sd_d_drhatch_pscans3_scanfiles0054/scanfiles0054,0.92334972,1,0,0,0.935,0.079902895,-1,-1,ITG_TEM
/pscratch/sd/j/joeschm/MGKDB_projects/KBM_classifier_IFS_data/pscratch_sd_d_drhatch_pscans3_scanfiles0054/scanfiles0054,0.92334972,1,0,0,0.935,0.15980579,-1,-1,ITG_TEM
/pscratch/sd/j/joeschm/MGKDB_projects/KBM_classifier_IFS_data/pscratch_sd_d_drhatch_pscans3_scanfiles0054/scanfiles0054,0.92334972,1,0,0,0.935,0.23970868,0.020691569,0.079957661,ITG_TEM
/pscratch/sd/j/joeschm/MGKDB_projects/KBM_classifier_IFS_data/pscratch_sd_d_drhatch_pscans3_scanfiles0054/scanfiles0054,0.92334972,1,0,0,0.935,0.31961158,0.046594069,0.10802912,ITG_TEM
/pscratch/sd/j/joeschm/MGKDB_projects/KBM_classifier_IFS_data/pscratch_sd_d_drhatch_pscans3_scanfiles0054/scanfiles0054,0.92334972,1,0,0,0.935,0.3995145,0.078759324,0.12648057,ITG_TEM
/pscratch/sd/j/joeschm/MGKDB_projects/KBM_classifier_IFS_data/pscratch_sd_d_drhatch_pscans3_scanfiles0054/scanfiles0054,0.92334972,1,0,0,0.935,0.55932033,0.14289971,0.16248155,ITG_TEM
/pscratch/sd/j/joeschm/MGKDB_projects/KBM_classifier_IFS_data/pscratch_sd_d_drhatch_pscans3_scanfiles0054/scanfiles0054,0.92334972,1,0,0,0.935,0.79902899,0.189,0.252,ITG_TEM
/pscratch/sd/j/joeschm/MGKDB_projects/KBM_classifier_IFS_data/pscratch_sd_d_drhatch_pscans3_scanfiles0055/scanfiles0055,1,1.0341548,0,0,0.94,0.040020611,-1,-1,MTM
/pscratch/sd/j/joeschm/MGKDB_projects/KBM_classifier_IFS_data/pscratch_sd_d_drhatch_pscans3_scanfiles0055/scanfiles0055,1,1.0341548,0,0,0.94,0.080041222,-1,-1,ITG_TEM
/pscratch/sd/j/joeschm/MGKDB_projects/KBM_classifier_IFS_data/pscratch_sd_d_drhatch_pscans3_scanfiles0055/scanfiles0055,1,1.0341548,0,0,0.94,0.16008244,-1,-1,
/pscratch/sd/j/joeschm/MGKDB_projects/KBM_classifier_IFS_data/pscratch_sd_d_drhatch_pscans3_scanfiles0055/scanfiles0055,1,1.0341548,0,0,0.94,0.24012364,-1,-1,ITG_TEM
/pscratch/sd/j/joeschm/MGKDB_projects/KBM_classifier_IFS_data/pscratch_sd_d_drhatch_pscans3_scanfiles0055/scanfiles0055,1,1.0341548,0,0,0.94,0.32016489,0.030291167,-0.46262231,ITG_TEM
/pscratch/sd/j/joeschm/MGKDB_projects/KBM_classifier_IFS_data/pscratch_sd_d_drhatch_pscans3_scanfiles0055/scanfiles0055,1,1.0341548,0,0,0.94,0.40020609,0.13997046,-0.5107975,ITG_TEM
/pscratch/sd/j/joeschm/MGKDB_projects/KBM_classifier_IFS_data/pscratch_sd_d_drhatch_pscans3_scanfiles0055/scanfiles0055,1,1.0341548,0,0,0.94,0.56028855,0.29,-0.518,ITG_TEM
/pscratch/sd/j/joeschm/MGKDB_projects/KBM_classifier_IFS_data/pscratch_sd_d_drhatch_pscans3_scanfiles0055/scanfiles0055,1,1.0341548,0,0,0.94,0.80041218,0.391,-0.471,ITG_TEM
/pscratch/sd/j/joeschm/MGKDB_projects/KBM_classifier_IFS_data/pscratch_sd_d_drhatch_pscans3_scanfiles0056/scanfiles0056,0.90563125,0.82745639,0,0,0.975,0.033281002,-1,-1,
/pscratch/sd/j/joeschm/MGKDB_projects/KBM_classifier_IFS_data/pscratch_sd_d_drhatch_pscans3_scanfiles0056/scanfiles0056,0.90563125,0.82745639,0,0,0.975,0.066562004,-0.049072921,-0.05073829,
/pscratch/sd/j/joeschm/MGKDB_projects/KBM_classifier_IFS_data/pscratch_sd_d_drhatch_pscans3_scanfiles0056/scanfiles0056,0.90563125,0.82745639,0,0,0.975,0.13312401,0.29,-8.668,MTM
/pscratch/sd/j/joeschm/MGKDB_projects/KBM_classifier_IFS_data/pscratch_sd_d_drhatch_pscans3_scanfiles0056/scanfiles0056,0.90563125,0.82745639,0,0,0.975,0.19968602,0.69,-11.373,MTM
/pscratch/sd/j/joeschm/MGKDB_projects/KBM_classifier_IFS_data/pscratch_sd_d_drhatch_pscans3_scanfiles0056/scanfiles0056,0.90563125,0.82745639,0,0,0.975,0.26624802,0.2861739,-4.7890298,ITG_TEM
/pscratch/sd/j/joeschm/MGKDB_projects/KBM_classifier_IFS_data/pscratch_sd_d_drhatch_pscans3_scanfiles0056/scanfiles0056,0.90563125,0.82745639,0,0,0.975,0.33281001,0.11749703,-3.8019851,ITG_TEM
/pscratch/sd/j/joeschm/MGKDB_projects/KBM_classifier_IFS_data/pscratch_sd_d_drhatch_pscans3_scanfiles0056/scanfiles0056,0.90563125,0.82745639,0,0,0.975,0.46593404,0.026,-0.132,
/pscratch/sd/j/joeschm/MGKDB_projects/KBM_classifier_IFS_data/pscratch_sd_d_drhatch_pscans3_scanfiles0056/scanfiles0056,0.90563125,0.82745639,0,0,0.975,0.66562003,0.469,-2.943,ETG
/pscratch/sd/j/joeschm/MGKDB_projects/KBM_classifier_IFS_data/pscratch_sd_d_drhatch_pscans3_scanfiles0057/scanfiles0057,1,1,0,0,0.945,0.040019192,-1,-1,MTM
/pscratch/sd/j/joeschm/MGKDB_projects/KBM_classifier_IFS_data/pscratch_sd_d_drhatch_pscans3_scanfiles0057/scanfiles0057,1,1,0,0,0.945,0.080038384,-1,-1,MTM
/pscratch/sd/j/joeschm/MGKDB_projects/KBM_classifier_IFS_data/pscratch_sd_d_drhatch_pscans3_scanfiles0057/scanfiles0057,1,1,0,0,0.945,0.16007677,-0.014876266,-0.34055856,
/pscratch/sd/j/joeschm/MGKDB_projects/KBM_classifier_IFS_data/pscratch_sd_d_drhatch_pscans3_scanfiles0057/scanfiles0057,1,1,0,0,0.945,0.24011512,0.052244544,-0.51656889,ITG_TEM
/pscratch/sd/j/joeschm/MGKDB_projects/KBM_classifier_IFS_data/pscratch_sd_d_drhatch_pscans3_scanfiles0057/scanfiles0057,1,1,0,0,0.945,0.32015353,0.174,-0.65,ITG_TEM
/pscratch/sd/j/joeschm/MGKDB_projects/KBM_classifier_IFS_data/pscratch_sd_d_drhatch_pscans3_scanfiles0057/scanfiles0057,1,1,0,0,0.945,0.4001919,0.297,-0.707,ITG_TEM
/pscratch/sd/j/joeschm/MGKDB_projects/KBM_classifier_IFS_data/pscratch_sd_d_drhatch_pscans3_scanfiles0057/scanfiles0057,1,1,0,0,0.945,0.5602687,0.474,-0.721,ITG_TEM
/pscratch/sd/j/joeschm/MGKDB_projects/KBM_classifier_IFS_data/pscratch_sd_d_drhatch_pscans3_scanfiles0057/scanfiles0057,1,1,0,0,0.945,0.80038381,0.626,-0.672,ITG_TEM
/pscratch/sd/j/joeschm/MGKDB_projects/KBM_classifier_IFS_data/pscratch_sd_d_drhatch_pscans3_scanfiles0058/scanfiles0058,0.9050173,0.82645633,0,0,0.98,0.030690953,-0.037380582,-0.03940214,
/pscratch/sd/j/joeschm/MGKDB_projects/KBM_classifier_IFS_data/pscratch_sd_d_drhatch_pscans3_scanfiles0058/scanfiles0058,0.9050173,0.82645633,0,0,0.98,0.061381906,-1,-1,
/pscratch/sd/j/joeschm/MGKDB_projects/KBM_classifier_IFS_data/pscratch_sd_d_drhatch_pscans3_scanfiles0058/scanfiles0058,0.9050173,0.82645633,0,0,0.98,0.12276381,0.577,-8.542,MTM
/pscratch/sd/j/joeschm/MGKDB_projects/KBM_classifier_IFS_data/pscratch_sd_d_drhatch_pscans3_scanfiles0058/scanfiles0058,0.9050173,0.82645633,0,0,0.98,0.18414573,0.885,-11.331,MTM
/pscratch/sd/j/joeschm/MGKDB_projects/KBM_classifier_IFS_data/pscratch_sd_d_drhatch_pscans3_scanfiles0058/scanfiles0058,0.9050173,0.82645633,0,0,0.98,0.24552763,0.277,-4.814,ITG_TEM
/pscratch/sd/j/joeschm/MGKDB_projects/KBM_classifier_IFS_data/pscratch_sd_d_drhatch_pscans3_scanfiles0058/scanfiles0058,0.9050173,0.82645633,0,0,0.98,0.30690953,0.172,-3.962,ITG_TEM
/pscratch/sd/j/joeschm/MGKDB_projects/KBM_classifier_IFS_data/pscratch_sd_d_drhatch_pscans3_scanfiles0058/scanfiles0058,0.9050173,0.82645633,0,0,0.98,0.42967334,0.16497808,-5.3562061,ETG
/pscratch/sd/j/joeschm/MGKDB_projects/KBM_classifier_IFS_data/pscratch_sd_d_drhatch_pscans3_scanfiles0058/scanfiles0058,0.9050173,0.82645633,0,0,0.98,0.61381906,0.852,-6.852,ETG
/pscratch/sd/j/joeschm/MGKDB_projects/KBM_classifier_IFS_data/pscratch_sd_d_drhatch_pscans3_scanfiles0059/scanfiles0059,1,1.0404238,0,0,0.95,0.039878462,-0.020053491,-0.090560755,ITG_TEM
/pscratch/sd/j/joeschm/MGKDB_projects/KBM_classifier_IFS_data/pscratch_sd_d_drhatch_pscans3_scanfiles0059/scanfiles0059,1,1.0404238,0,0,0.95,0.079756923,-0.017466614,-0.22006401,ITG_TEM
/pscratch/sd/j/joeschm/MGKDB_projects/KBM_classifier_IFS_data/pscratch_sd_d_drhatch_pscans3_scanfiles0059/scanfiles0059,1,1.0404238,0,0,0.95,0.15951385,0.019631933,-0.45486067,ITG_TEM
/pscratch/sd/j/joeschm/MGKDB_projects/KBM_classifier_IFS_data/pscratch_sd_d_drhatch_pscans3_scanfiles0059/scanfiles0059,1,1.0404238,0,0,0.95,0.23927078,0.1048027,-0.65832048,ITG_TEM
/pscratch/sd/j/joeschm/MGKDB_projects/KBM_classifier_IFS_data/pscratch_sd_d_drhatch_pscans3_scanfiles0059/scanfiles0059,1,1.0404238,0,0,0.95,0.31902769,0.231,-0.787,ITG_TEM
/pscratch/sd/j/joeschm/MGKDB_projects/KBM_classifier_IFS_data/pscratch_sd_d_drhatch_pscans3_scanfiles0059/scanfiles0059,1,1.0404238,0,0,0.95,0.39878461,0.354,-0.845,ITG_TEM
/pscratch/sd/j/joeschm/MGKDB_projects/KBM_classifier_IFS_data/pscratch_sd_d_drhatch_pscans3_scanfiles0059/scanfiles0059,1,1.0404238,0,0,0.95,0.55829847,0.541,-0.862,ITG_TEM
/pscratch/sd/j/joeschm/MGKDB_projects/KBM_classifier_IFS_data/pscratch_sd_d_drhatch_pscans3_scanfiles0059/scanfiles0059,1,1.0404238,0,0,0.95,0.79756922,0.722,-0.798,ITG_TEM
/pscratch/sd/j/joeschm/MGKDB_projects/KBM_classifier_IFS_data/pscratch_sd_d_drhatch_pscans3_scanfiles0060/scanfiles0060,0.90453915,0.825678,0,0,0.985,0.027983703,-1,-1,
/pscratch/sd/j/joeschm/MGKDB_projects/KBM_classifier_IFS_data/pscratch_sd_d_drhatch_pscans3_scanfiles0060/scanfiles0060,0.90453915,0.825678,0,0,0.985,0.055967405,-1,-1,
/pscratch/sd/j/joeschm/MGKDB_projects/KBM_classifier_IFS_data/pscratch_sd_d_drhatch_pscans3_scanfiles0060/scanfiles0060,0.90453915,0.825678,0,0,0.985,0.11193481,0.7,-8.183,MTM
/pscratch/sd/j/joeschm/MGKDB_projects/KBM_classifier_IFS_data/pscratch_sd_d_drhatch_pscans3_scanfiles0060/scanfiles0060,0.90453915,0.825678,0,0,0.985,0.16790222,0.957,-10.868,MTM
/pscratch/sd/j/joeschm/MGKDB_projects/KBM_classifier_IFS_data/pscratch_sd_d_drhatch_pscans3_scanfiles0060/scanfiles0060,0.90453915,0.825678,0,0,0.985,0.22386962,0.643,-10.937,MTM
/pscratch/sd/j/joeschm/MGKDB_projects/KBM_classifier_IFS_data/pscratch_sd_d_drhatch_pscans3_scanfiles0060/scanfiles0060,0.90453915,0.825678,0,0,0.985,0.27983704,0.388,-10.091,ITG_TEM
/pscratch/sd/j/joeschm/MGKDB_projects/KBM_classifier_IFS_data/pscratch_sd_d_drhatch_pscans3_scanfiles0060/scanfiles0060,0.90453915,0.825678,0,0,0.985,0.39177185,0.5000262,-3.1085266,ETG
/pscratch/sd/j/joeschm/MGKDB_projects/KBM_classifier_IFS_data/pscratch_sd_d_drhatch_pscans3_scanfiles0060/scanfiles0060,0.90453915,0.825678,0,0,0.985,0.55967408,1.207,-3.372,ETG
/pscratch/sd/j/joeschm/MGKDB_projects/KBM_classifier_IFS_data/pscratch_sd_d_drhatch_pscans3_scanfiles0061/scanfiles0061,1,1,0,0,0.955,0.039535306,-0.0067344842,-0.13090392,ITG_TEM
/pscratch/sd/j/joeschm/MGKDB_projects/KBM_classifier_IFS_data/pscratch_sd_d_drhatch_pscans3_scanfiles0061/scanfiles0061,1,1,0,0,0.955,0.079070613,-0.017327494,-0.25215931,ITG_TEM
/pscratch/sd/j/joeschm/MGKDB_projects/KBM_classifier_IFS_data/pscratch_sd_d_drhatch_pscans3_scanfiles0061/scanfiles0061,1,1,0,0,0.955,0.15814123,0.018702821,-0.48920265,ITG_TEM
/pscratch/sd/j/joeschm/MGKDB_projects/KBM_classifier_IFS_data/pscratch_sd_d_drhatch_pscans3_scanfiles0061/scanfiles0061,1,1,0,0,0.955,0.23721184,0.102,-0.672,ITG_TEM
/pscratch/sd/j/joeschm/MGKDB_projects/KBM_classifier_IFS_data/pscratch_sd_d_drhatch_pscans3_scanfiles0061/scanfiles0061,1,1,0,0,0.955,0.31628245,0.213,-0.78,ITG_TEM
/pscratch/sd/j/joeschm/MGKDB_projects/KBM_classifier_IFS_data/pscratch_sd_d_drhatch_pscans3_scanfiles0061/scanfiles0061,1,1,0,0,0.955,0.39535305,0.319,-0.827,ITG_TEM
/pscratch/sd/j/joeschm/MGKDB_projects/KBM_classifier_IFS_data/pscratch_sd_d_drhatch_pscans3_scanfiles0061/scanfiles0061,1,1,0,0,0.955,0.55349433,0.49,-0.829,ITG_TEM
/pscratch/sd/j/joeschm/MGKDB_projects/KBM_classifier_IFS_data/pscratch_sd_d_drhatch_pscans3_scanfiles0061/scanfiles0061,1,1,0,0,0.955,0.7907061,0.661,-0.722,ITG_TEM
/pscratch/sd/j/joeschm/MGKDB_projects/KBM_classifier_IFS_data/pscratch_sd_d_drhatch_pscans3_scanfiles0062/scanfiles0062,0.90412988,0.82500317,0,0,0.99,0.025493454,-1,-1,
/pscratch/sd/j/joeschm/MGKDB_projects/KBM_classifier_IFS_data/pscratch_sd_d_drhatch_pscans3_scanfiles0062/scanfiles0062,0.90412988,0.82500317,0,0,0.99,0.050986908,-1,-1,
/pscratch/sd/j/joeschm/MGKDB_projects/KBM_classifier_IFS_data/pscratch_sd_d_drhatch_pscans3_scanfiles0062/scanfiles0062,0.90412988,0.82500317,0,0,0.99,0.10197382,0.812,-8.065,ITG_TEM
/pscratch/sd/j/joeschm/MGKDB_projects/KBM_classifier_IFS_data/pscratch_sd_d_drhatch_pscans3_scanfiles0062/scanfiles0062,0.90412988,0.82500317,0,0,0.99,0.15296073,0.831,-10.356,ITG_TEM
/pscratch/sd/j/joeschm/MGKDB_projects/KBM_classifier_IFS_data/pscratch_sd_d_drhatch_pscans3_scanfiles0062/scanfiles0062,0.90412988,0.82500317,0,0,0.99,0.20394763,0.773,-10.162,MTM
/pscratch/sd/j/joeschm/MGKDB_projects/KBM_classifier_IFS_data/pscratch_sd_d_drhatch_pscans3_scanfiles0062/scanfiles0062,0.90412988,0.82500317,0,0,0.99,0.25493455,1.092,-9.562,ITG_TEM
/pscratch/sd/j/joeschm/MGKDB_projects/KBM_classifier_IFS_data/pscratch_sd_d_drhatch_pscans3_scanfiles0062/scanfiles0062,0.90412988,0.82500317,0,0,0.99,0.35690835,1.2,-4.336,ETG
/pscratch/sd/j/joeschm/MGKDB_projects/KBM_classifier_IFS_data/pscratch_sd_d_drhatch_pscans3_scanfiles0062/scanfiles0062,0.90412988,0.82500317,0,0,0.99,0.5098691,2.195,-5.031,ETG
/pscratch/sd/j/joeschm/MGKDB_projects/KBM_classifier_IFS_data/pscratch_sd_d_drhatch_pscans3_scanfiles0063/scanfiles0063,1,1,0,0,0.96,0.038838331,-0.021353066,-0.13347849,ITG_TEM
/pscratch/sd/j/joeschm/MGKDB_projects/KBM_classifier_IFS_data/pscratch_sd_d_drhatch_pscans3_scanfiles0063/scanfiles0063,1,1,0,0,0.96,0.077676661,-0.017078419,-0.22040247,ITG_TEM
/pscratch/sd/j/joeschm/MGKDB_projects/KBM_classifier_IFS_data/pscratch_sd_d_drhatch_pscans3_scanfiles0063/scanfiles0063,1,1,0,0,0.96,0.15535332,-0.007181535,-0.39397007,ITG_TEM
/pscratch/sd/j/joeschm/MGKDB_projects/KBM_classifier_IFS_data/pscratch_sd_d_drhatch_pscans3_scanfiles0063/scanfiles0063,1,1,0,0,0.96,0.23302998,0.048,-0.53,ITG_TEM
/pscratch/sd/j/joeschm/MGKDB_projects/KBM_classifier_IFS_data/pscratch_sd_d_drhatch_pscans3_scanfiles0063/scanfiles0063,1,1,0,0,0.96,0.31070665,0.128,-0.609,ITG_TEM
/pscratch/sd/j/joeschm/MGKDB_projects/KBM_classifier_IFS_data/pscratch_sd_d_drhatch_pscans3_scanfiles0063/scanfiles0063,1,1,0,0,0.96,0.38838333,0.213,-0.637,ITG_TEM
/pscratch/sd/j/joeschm/MGKDB_projects/KBM_classifier_IFS_data/pscratch_sd_d_drhatch_pscans3_scanfiles0063/scanfiles0063,1,1,0,0,0.96,0.54373664,0.331,-0.593,ITG_TEM
/pscratch/sd/j/joeschm/MGKDB_projects/KBM_classifier_IFS_data/pscratch_sd_d_drhatch_pscans3_scanfiles0063/scanfiles0063,1,1,0,0,0.96,0.77676666,0.37,-0.458,ITG_TEM
/pscratch/sd/j/joeschm/MGKDB_projects/KBM_classifier_IFS_data/pscratch_sd_d_drhatch_pscans3_scanfiles0064/scanfiles0064,0.84668653,0.9418366,0,0,0.935,0.035841916,-1,-1,MTM
/pscratch/sd/j/joeschm/MGKDB_projects/KBM_classifier_IFS_data/pscratch_sd_d_drhatch_pscans3_scanfiles0064/scanfiles0064,0.84668653,0.9418366,0,0,0.935,0.071683832,-1,-1,ITG_TEM
/pscratch/sd/j/joeschm/MGKDB_projects/KBM_classifier_IFS_data/pscratch_sd_d_drhatch_pscans3_scanfiles0064/scanfiles0064,0.84668653,0.9418366,0,0,0.935,0.14336766,-1,-1,ITG_TEM
/pscratch/sd/j/joeschm/MGKDB_projects/KBM_classifier_IFS_data/pscratch_sd_d_drhatch_pscans3_scanfiles0064/scanfiles0064,0.84668653,0.9418366,0,0,0.935,0.2150515,0.021397736,0.099228572,ITG_TEM
/pscratch/sd/j/joeschm/MGKDB_projects/KBM_classifier_IFS_data/pscratch_sd_d_drhatch_pscans3_scanfiles0064/scanfiles0064,0.84668653,0.9418366,0,0,0.935,0.28673533,0.039651263,0.11752307,ITG_TEM
/pscratch/sd/j/joeschm/MGKDB_projects/KBM_classifier_IFS_data/pscratch_sd_d_drhatch_pscans3_scanfiles0064/scanfiles0064,0.84668653,0.9418366,0,0,0.935,0.35841918,0.055360637,0.13994721,ITG_TEM
/pscratch/sd/j/joeschm/MGKDB_projects/KBM_classifier_IFS_data/pscratch_sd_d_drhatch_pscans3_scanfiles0064/scanfiles0064,0.84668653,0.9418366,0,0,0.935,0.50178683,0.091626977,0.18070074,ITG_TEM
/pscratch/sd/j/joeschm/MGKDB_projects/KBM_classifier_IFS_data/pscratch_sd_d_drhatch_pscans3_scanfiles0064/scanfiles0064,0.84668653,0.9418366,0,0,0.935,0.71683836,0.11752558,0.25086448,ITG_TEM
/pscratch/sd/j/joeschm/MGKDB_projects/KBM_classifier_IFS_data/pscratch_sd_d_drhatch_pscans3_scanfiles0065/scanfiles0065,1,1,0,0,0.965,0.037662748,-1,-1,
/pscratch/sd/j/joeschm/MGKDB_projects/KBM_classifier_IFS_data/pscratch_sd_d_drhatch_pscans3_scanfiles0065/scanfiles0065,1,1,0,0,0.965,0.075325496,-0.018263776,-0.15618991,ITG_TEM
/pscratch/sd/j/joeschm/MGKDB_projects/KBM_classifier_IFS_data/pscratch_sd_d_drhatch_pscans3_scanfiles0065/scanfiles0065,1,1,0,0,0.965,0.15065099,-1,-1,ITG_TEM
/pscratch/sd/j/joeschm/MGKDB_projects/KBM_classifier_IFS_data/pscratch_sd_d_drhatch_pscans3_scanfiles0065/scanfiles0065,1,1,0,0,0.965,0.2259765,-1,-1,ITG_TEM
/pscratch/sd/j/joeschm/MGKDB_projects/KBM_classifier_IFS_data/pscratch_sd_d_drhatch_pscans3_scanfiles0065/scanfiles0065,1,1,0,0,0.965,0.30130199,0.032,-0.358,ITG_TEM
/pscratch/sd/j/joeschm/MGKDB_projects/KBM_classifier_IFS_data/pscratch_sd_d_drhatch_pscans3_scanfiles0065/scanfiles0065,1,1,0,0,0.965,0.3766275,0.073,-0.378,ITG_TEM
/pscratch/sd/j/joeschm/MGKDB_projects/KBM_classifier_IFS_data/pscratch_sd_d_drhatch_pscans3_scanfiles0065/scanfiles0065,1,1,0,0,0.965,0.52727848,0.118,-0.35,ITG_TEM
/pscratch/sd/j/joeschm/MGKDB_projects/KBM_classifier_IFS_data/pscratch_sd_d_drhatch_pscans3_scanfiles0065/scanfiles0065,1,1,0,0,0.965,0.75325501,0.069,-0.323,ITG_TEM
/pscratch/sd/j/joeschm/MGKDB_projects/KBM_classifier_IFS_data/pscratch_sd_d_drhatch_pscans3_scanfiles0066/scanfiles0066,0.90643181,1,0,0,0.97,0.035920497,-1,-1,
/pscratch/sd/j/joeschm/MGKDB_projects/KBM_classifier_IFS_data/pscratch_sd_d_drhatch_pscans3_scanfiles0066/scanfiles0066,0.90643181,1,0,0,0.97,0.071840994,-0.02649746,-0.085853202,
/pscratch/sd/j/joeschm/MGKDB_projects/KBM_classifier_IFS_data/pscratch_sd_d_drhatch_pscans3_scanfiles0066/scanfiles0066,0.90643181,1,0,0,0.97,0.14368199,0.112,-8.08,MTM
/pscratch/sd/j/joeschm/MGKDB_projects/KBM_classifier_IFS_data/pscratch_sd_d_drhatch_pscans3_scanfiles0066/scanfiles0066,0.90643181,1,0,0,0.97,0.21552299,0.454,-11.028,MTM
/pscratch/sd/j/joeschm/MGKDB_projects/KBM_classifier_IFS_data/pscratch_sd_d_drhatch_pscans3_scanfiles0066/scanfiles0066,0.90643181,1,0,0,0.97,0.28736398,0.342,-13.713,MTM
/pscratch/sd/j/joeschm/MGKDB_projects/KBM_classifier_IFS_data/pscratch_sd_d_drhatch_pscans3_scanfiles0066/scanfiles0066,0.90643181,1,0,0,0.97,0.35920498,0.147,-15.955,MTM
/pscratch/sd/j/joeschm/MGKDB_projects/KBM_classifier_IFS_data/pscratch_sd_d_drhatch_pscans3_scanfiles0066/scanfiles0066,0.90643181,1,0,0,0.97,0.50288701,0.018,-0.178,
/pscratch/sd/j/joeschm/MGKDB_projects/KBM_classifier_IFS_data/pscratch_sd_d_drhatch_pscans3_scanfiles0066/scanfiles0066,0.90643181,1,0,0,0.97,0.71840996,-0.01638201,-0.21440019,
/pscratch/sd/j/joeschm/MGKDB_projects/KBM_classifier_IFS_data/pscratch_sd_d_drhatch_pscans3_scanfiles0067/scanfiles0067,0.91315735,0.96584519,0,0,0.94,0.035910659,-1,-1,MTM
/pscratch/sd/j/joeschm/MGKDB_projects/KBM_classifier_IFS_data/pscratch_sd_d_drhatch_pscans3_scanfiles0067/scanfiles0067,0.91315735,0.96584519,0,0,0.94,0.071821317,-1,-1,ITG_TEM
/pscratch/sd/j/joeschm/MGKDB_projects/KBM_classifier_IFS_data/pscratch_sd_d_drhatch_pscans3_scanfiles0067/scanfiles0067,0.91315735,0.96584519,0,0,0.94,0.14364263,-1,-1,
/pscratch/sd/j/joeschm/MGKDB_projects/KBM_classifier_IFS_data/pscratch_sd_d_drhatch_pscans3_scanfiles0067/scanfiles0067,0.91315735,0.96584519,0,0,0.94,0.21546395,-0.028404845,0.089969413,ITG_TEM
/pscratch/sd/j/joeschm/MGKDB_projects/KBM_classifier_IFS_data/pscratch_sd_d_drhatch_pscans3_scanfiles0067/scanfiles0067,0.91315735,0.96584519,0,0,0.94,0.28728527,-1,-1,
/pscratch/sd/j/joeschm/MGKDB_projects/KBM_classifier_IFS_data/pscratch_sd_d_drhatch_pscans3_scanfiles0067/scanfiles0067,0.91315735,0.96584519,0,0,0.94,0.35910657,0.083,-0.584,ITG_TEM
/pscratch/sd/j/joeschm/MGKDB_projects/KBM_classifier_IFS_data/pscratch_sd_d_drhatch_pscans3_scanfiles0067/scanfiles0067,0.91315735,0.96584519,0,0,0.94,0.5027492,0.26,-0.622,ITG_TEM
/pscratch/sd/j/joeschm/MGKDB_projects/KBM_classifier_IFS_data/pscratch_sd_d_drhatch_pscans3_scanfiles0067/scanfiles0067,0.91315735,0.96584519,0,0,0.94,0.71821314,0.404,-0.6,ITG_TEM
/pscratch/sd/j/joeschm/MGKDB_projects/KBM_classifier_IFS_data/pscratch_sd_d_drhatch_pscans3_scanfiles0068/scanfiles0068,0.90563125,1,0,0,0.975,0.033633798,-1,-1,
/pscratch/sd/j/joeschm/MGKDB_projects/KBM_classifier_IFS_data/pscratch_sd_d_drhatch_pscans3_scanfiles0068/scanfiles0068,0.90563125,1,0,0,0.975,0.067267597,-0.040239925,-0.020547517,
/pscratch/sd/j/joeschm/MGKDB_projects/KBM_classifier_IFS_data/pscratch_sd_d_drhatch_pscans3_scanfiles0068/scanfiles0068,0.90563125,1,0,0,0.975,0.13453519,0.413,-8.616,MTM
/pscratch/sd/j/joeschm/MGKDB_projects/KBM_classifier_IFS_data/pscratch_sd_d_drhatch_pscans3_scanfiles0068/scanfiles0068,0.90563125,1,0,0,0.975,0.20180279,0.523,-11.937,MTM
/pscratch/sd/j/joeschm/MGKDB_projects/KBM_classifier_IFS_data/pscratch_sd_d_drhatch_pscans3_scanfiles0068/scanfiles0068,0.90563125,1,0,0,0.975,0.26907039,0.025919005,-0.19499115,
/pscratch/sd/j/joeschm/MGKDB_projects/KBM_classifier_IFS_data/pscratch_sd_d_drhatch_pscans3_scanfiles0068/scanfiles0068,0.90563125,1,0,0,0.975,0.33633798,0.045920432,-0.024812281,
/pscratch/sd/j/joeschm/MGKDB_projects/KBM_classifier_IFS_data/pscratch_sd_d_drhatch_pscans3_scanfiles0068/scanfiles0068,0.90563125,1,0,0,0.975,0.47087318,-0.036817945,-0.099255122,
/pscratch/sd/j/joeschm/MGKDB_projects/KBM_classifier_IFS_data/pscratch_sd_d_drhatch_pscans3_scanfiles0068/scanfiles0068,0.90563125,1,0,0,0.975,0.67267597,-0.031251537,-0.12430093,
/pscratch/sd/j/joeschm/MGKDB_projects/KBM_classifier_IFS_data/pscratch_sd_d_drhatch_pscans3_scanfiles0069/scanfiles0069,0.90932072,0.92709959,0,0,0.945,0.035917923,-1,-1,MTM
/pscratch/sd/j/joeschm/MGKDB_projects/KBM_classifier_IFS_data/pscratch_sd_d_drhatch_pscans3_scanfiles0069/scanfiles0069,0.90932072,0.92709959,0,0,0.945,0.071835846,-1,-1,ITG_TEM
/pscratch/sd/j/joeschm/MGKDB_projects/KBM_classifier_IFS_data/pscratch_sd_d_drhatch_pscans3_scanfiles0069/scanfiles0069,0.90932072,0.92709959,0,0,0.945,0.14367169,-1,-1,MTM
/pscratch/sd/j/joeschm/MGKDB_projects/KBM_classifier_IFS_data/pscratch_sd_d_drhatch_pscans3_scanfiles0069/scanfiles0069,0.90932072,0.92709959,0,0,0.945,0.21550754,-0.013468109,-0.53216858,ITG_TEM
/pscratch/sd/j/joeschm/MGKDB_projects/KBM_classifier_IFS_data/pscratch_sd_d_drhatch_pscans3_scanfiles0069/scanfiles0069,0.90932072,0.92709959,0,0,0.945,0.28734338,0.12,-0.729,ITG_TEM
/pscratch/sd/j/joeschm/MGKDB_projects/KBM_classifier_IFS_data/pscratch_sd_d_drhatch_pscans3_scanfiles0069/scanfiles0069,0.90932072,0.92709959,0,0,0.945,0.35917923,0.27,-0.81,ITG_TEM
/pscratch/sd/j/joeschm/MGKDB_projects/KBM_classifier_IFS_data/pscratch_sd_d_drhatch_pscans3_scanfiles0069/scanfiles0069,0.90932072,0.92709959,0,0,0.945,0.50285089,0.485,-0.854,ITG_TEM
/pscratch/sd/j/joeschm/MGKDB_projects/KBM_classifier_IFS_data/pscratch_sd_d_drhatch_pscans3_scanfiles0069/scanfiles0069,0.90932072,0.92709959,0,0,0.945,0.71835846,0.68,-0.826,ITG_TEM
/pscratch/sd/j/joeschm/MGKDB_projects/KBM_classifier_IFS_data/pscratch_sd_d_drhatch_pscans3_scanfiles0070/scanfiles0070,0.9050173,1,0,0,0.98,0.03098079,-0.026957448,-0.048574391,
/pscratch/sd/j/joeschm/MGKDB_projects/KBM_classifier_IFS_data/pscratch_sd_d_drhatch_pscans3_scanfiles0070/scanfiles0070,0.9050173,1,0,0,0.98,0.06196158,-0.065849145,0.015430546,
/pscratch/sd/j/joeschm/MGKDB_projects/KBM_classifier_IFS_data/pscratch_sd_d_drhatch_pscans3_scanfiles0070/scanfiles0070,0.9050173,1,0,0,0.98,0.12392316,0.063,-6.45,MTM
/pscratch/sd/j/joeschm/MGKDB_projects/KBM_classifier_IFS_data/pscratch_sd_d_drhatch_pscans3_scanfiles0070/scanfiles0070,0.9050173,1,0,0,0.98,0.18588474,0.439,-11.393,MTM
/pscratch/sd/j/joeschm/MGKDB_projects/KBM_classifier_IFS_data/pscratch_sd_d_drhatch_pscans3_scanfiles0070/scanfiles0070,0.9050173,1,0,0,0.98,0.24784632,-0.034501007,0.13635754,
/pscratch/sd/j/joeschm/MGKDB_projects/KBM_classifier_IFS_data/pscratch_sd_d_drhatch_pscans3_scanfiles0070/scanfiles0070,0.9050173,1,0,0,0.98,0.3098079,-0.058326335,-0.03244102,
/pscratch/sd/j/joeschm/MGKDB_projects/KBM_classifier_IFS_data/pscratch_sd_d_drhatch_pscans3_scanfiles0070/scanfiles0070,0.9050173,1,0,0,0.98,0.43373105,-1,-1,
/pscratch/sd/j/joeschm/MGKDB_projects/KBM_classifier_IFS_data/pscratch_sd_d_drhatch_pscans3_scanfiles0070/scanfiles0070,0.9050173,1,0,0,0.98,0.61961579,-1,-1,
/pscratch/sd/j/joeschm/MGKDB_projects/KBM_classifier_IFS_data/pscratch_sd_d_drhatch_pscans3_scanfiles0071/scanfiles0071,0.90566701,0.95957621,0,0,0.95,0.035839543,-0.021105595,-0.09045967,ITG_TEM
/pscratch/sd/j/joeschm/MGKDB_projects/KBM_classifier_IFS_data/pscratch_sd_d_drhatch_pscans3_scanfiles0071/scanfiles0071,0.90566701,0.95957621,0,0,0.95,0.071679085,-0.028134545,-0.21886836,ITG_TEM
/pscratch/sd/j/joeschm/MGKDB_projects/KBM_classifier_IFS_data/pscratch_sd_d_drhatch_pscans3_scanfiles0071/scanfiles0071,0.90566701,0.95957621,0,0,0.95,0.14335817,-0.0016734335,-0.47788467,ITG_TEM
/pscratch/sd/j/joeschm/MGKDB_projects/KBM_classifier_IFS_data/pscratch_sd_d_drhatch_pscans3_scanfiles0071/scanfiles0071,0.90566701,0.95957621,0,0,0.95,0.21503726,0.073,-0.742,ITG_TEM
/pscratch/sd/j/joeschm/MGKDB_projects/KBM_classifier_IFS_data/pscratch_sd_d_drhatch_pscans3_scanfiles0071/scanfiles0071,0.90566701,0.95957621,0,0,0.95,0.28671634,0.239,-0.929,ITG_TEM
/pscratch/sd/j/joeschm/MGKDB_projects/KBM_classifier_IFS_data/pscratch_sd_d_drhatch_pscans3_scanfiles0071/scanfiles0071,0.90566701,0.95957621,0,0,0.95,0.35839546,0.394,-1.008,ITG_TEM
/pscratch/sd/j/joeschm/MGKDB_projects/KBM_classifier_IFS_data/pscratch_sd_d_drhatch_pscans3_scanfiles0071/scanfiles0071,0.90566701,0.95957621,0,0,0.95,0.50175363,0.617,-1.047,ITG_TEM
/pscratch/sd/j/joeschm/MGKDB_projects/KBM_classifier_IFS_data/pscratch_sd_d_drhatch_pscans3_scanfiles0071/scanfiles0071,0.90566701,0.95957621,0,0,0.95,0.71679091,0.831,-1,ITG_TEM
/pscratch/sd/j/joeschm/MGKDB_projects/KBM_classifier_IFS_data/pscratch_sd_d_drhatch_pscans3_scanfiles0072/scanfiles0072,0.90453915,1,0,0,0.985,0.028240848,-1,-1,
/pscratch/sd/j/joeschm/MGKDB_projects/KBM_classifier_IFS_data/pscratch_sd_d_drhatch_pscans3_scanfiles0072/scanfiles0072,0.90453915,1,0,0,0.985,0.056481697,-0.10981987,-0.062463524,
/pscratch/sd/j/joeschm/MGKDB_projects/KBM_classifier_IFS_data/pscratch_sd_d_drhatch_pscans3_scanfiles0072/scanfiles0072,0.90453915,1,0,0,0.985,0.11296339,0.5,-6.789,MTM
/pscratch/sd/j/joeschm/MGKDB_projects/KBM_classifier_IFS_data/pscratch_sd_d_drhatch_pscans3_scanfiles0072/scanfiles0072,0.90453915,1,0,0,0.985,0.1694451,0.514,-10.642,MTM
/pscratch/sd/j/joeschm/MGKDB_projects/KBM_classifier_IFS_data/pscratch_sd_d_drhatch_pscans3_scanfiles0072/scanfiles0072,0.90453915,1,0,0,0.985,0.22592679,-1,-1,
/pscratch/sd/j/joeschm/MGKDB_projects/KBM_classifier_IFS_data/pscratch_sd_d_drhatch_pscans3_scanfiles0072/scanfiles0072,0.90453915,1,0,0,0.985,0.28240848,-1,-1,
/pscratch/sd/j/joeschm/MGKDB_projects/KBM_classifier_IFS_data/pscratch_sd_d_drhatch_pscans3_scanfiles0072/scanfiles0072,0.90453915,1,0,0,0.985,0.39537188,-0.081801642,-0.023426954,
/pscratch/sd/j/joeschm/MGKDB_projects/KBM_classifier_IFS_data/pscratch_sd_d_drhatch_pscans3_scanfiles0072/scanfiles0072,0.90453915,1,0,0,0.985,0.56481695,-1,-1,
/pscratch/sd/j/joeschm/MGKDB_projects/KBM_classifier_IFS_data/pscratch_sd_d_drhatch_pscans3_scanfiles0073/scanfiles0073,0.90244762,0.918828,0,0,0.955,0.035577703,-0.011821716,-0.12357037,ITG_TEM
/pscratch/sd/j/joeschm/MGKDB_projects/KBM_classifier_IFS_data/pscratch_sd_d_drhatch_pscans3_scanfiles0073/scanfiles0073,0.90244762,0.918828,0,0,0.955,0.071155407,-0.013480879,-0.27780864,ITG_TEM
/pscratch/sd/j/joeschm/MGKDB_projects/KBM_classifier_IFS_data/pscratch_sd_d_drhatch_pscans3_scanfiles0073/scanfiles0073,0.90244762,0.918828,0,0,0.955,0.14231081,0.018970764,-0.57223386,ITG_TEM
/pscratch/sd/j/joeschm/MGKDB_projects/KBM_classifier_IFS_data/pscratch_sd_d_drhatch_pscans3_scanfiles0073/scanfiles0073,0.90244762,0.918828,0,0,0.955,0.21346623,0.127,-0.831,ITG_TEM
/pscratch/sd/j/joeschm/MGKDB_projects/KBM_classifier_IFS_data/pscratch_sd_d_drhatch_pscans3_scanfiles0073/scanfiles0073,0.90244762,0.918828,0,0,0.955,0.28462163,0.284,-0.979,ITG_TEM
/pscratch/sd/j/joeschm/MGKDB_projects/KBM_classifier_IFS_data/pscratch_sd_d_drhatch_pscans3_scanfiles0073/scanfiles0073,0.90244762,0.918828,0,0,0.955,0.35577706,0.422,-1.042,ITG_TEM
/pscratch/sd/j/joeschm/MGKDB_projects/KBM_classifier_IFS_data/pscratch_sd_d_drhatch_pscans3_scanfiles0073/scanfiles0073,0.90244762,0.918828,0,0,0.955,0.49808785,0.624,-1.057,ITG_TEM
/pscratch/sd/j/joeschm/MGKDB_projects/KBM_classifier_IFS_data/pscratch_sd_d_drhatch_pscans3_scanfiles0073/scanfiles0073,0.90244762,0.918828,0,0,0.955,0.71155411,0.817,-0.96,ITG_TEM
/pscratch/sd/j/joeschm/MGKDB_projects/KBM_classifier_IFS_data/pscratch_sd_d_drhatch_pscans3_scanfiles0074/scanfiles0074,0.89987607,0.9167641,0,0,0.96,0.03507641,-1,-1,MTM
/pscratch/sd/j/joeschm/MGKDB_projects/KBM_classifier_IFS_data/pscratch_sd_d_drhatch_pscans3_scanfiles0074/scanfiles0074,0.89987607,0.9167641,0,0,0.96,0.070152819,-0.019143608,-0.26740148,ITG_TEM
/pscratch/sd/j/joeschm/MGKDB_projects/KBM_classifier_IFS_data/pscratch_sd_d_drhatch_pscans3_scanfiles0074/scanfiles0074,0.89987607,0.9167641,0,0,0.96,0.14030564,0.017716275,-0.52537088,ITG_TEM
/pscratch/sd/j/joeschm/MGKDB_projects/KBM_classifier_IFS_data/pscratch_sd_d_drhatch_pscans3_scanfiles0074/scanfiles0074,0.89987607,0.9167641,0,0,0.96,0.21045847,0.114,-0.717,ITG_TEM
/pscratch/sd/j/joeschm/MGKDB_projects/KBM_classifier_IFS_data/pscratch_sd_d_drhatch_pscans3_scanfiles0074/scanfiles0074,0.89987607,0.9167641,0,0,0.96,0.28061128,0.239,-0.819,ITG_TEM
/pscratch/sd/j/joeschm/MGKDB_projects/KBM_classifier_IFS_data/pscratch_sd_d_drhatch_pscans3_scanfiles0074/scanfiles0074,0.89987607,0.9167641,0,0,0.96,0.35076407,0.351,-0.844,ITG_TEM
/pscratch/sd/j/joeschm/MGKDB_projects/KBM_classifier_IFS_data/pscratch_sd_d_drhatch_pscans3_scanfiles0074/scanfiles0074,0.89987607,0.9167641,0,0,0.96,0.49106973,0.482,-0.793,ITG_TEM
/pscratch/sd/j/joeschm/MGKDB_projects/KBM_classifier_IFS_data/pscratch_sd_d_drhatch_pscans3_scanfiles0074/scanfiles0074,0.89987607,0.9167641,0,0,0.96,0.70152813,0.546,-0.651,ITG_TEM
/pscratch/sd/j/joeschm/MGKDB_projects/KBM_classifier_IFS_data/pscratch_sd_d_drhatch_pscans3_scanfiles0075/scanfiles0075,0.90412988,1,0,0,0.99,0.025727861,-1,-1,
/pscratch/sd/j/joeschm/MGKDB_projects/KBM_classifier_IFS_data/pscratch_sd_d_drhatch_pscans3_scanfiles0075/scanfiles0075,0.90412988,1,0,0,0.99,0.051455721,-1,-1,
/pscratch/sd/j/joeschm/MGKDB_projects/KBM_classifier_IFS_data/pscratch_sd_d_drhatch_pscans3_scanfiles0075/scanfiles0075,0.90412988,1,0,0,0.99,0.10291144,1.012,-7.046,MTM
/pscratch/sd/j/joeschm/MGKDB_projects/KBM_classifier_IFS_data/pscratch_sd_d_drhatch_pscans3_scanfiles0075/scanfiles0075,0.90412988,1,0,0,0.99,0.15436715,0.35,-10.075,MTM
/pscratch/sd/j/joeschm/MGKDB_projects/KBM_classifier_IFS_data/pscratch_sd_d_drhatch_pscans3_scanfiles0075/scanfiles0075,0.90412988,1,0,0,0.99,0.20582289,0.087060825,-5.3917507,ITG_TEM
/pscratch/sd/j/joeschm/MGKDB_projects/KBM_classifier_IFS_data/pscratch_sd_d_drhatch_pscans3_scanfiles0075/scanfiles0075,0.90412988,1,0,0,0.99,0.25727859,0.020541023,-9.5402319,ITG_TEM
/pscratch/sd/j/joeschm/MGKDB_projects/KBM_classifier_IFS_data/pscratch_sd_d_drhatch_pscans3_scanfiles0075/scanfiles0075,0.90412988,1,0,0,0.99,0.36019003,-1,-1,ETG
/pscratch/sd/j/joeschm/MGKDB_projects/KBM_classifier_IFS_data/pscratch_sd_d_drhatch_pscans3_scanfiles0075/scanfiles0075,0.90412988,1,0,0,0.99,0.51455718,-1,-1,
/pscratch/sd/j/joeschm/MGKDB_projects/KBM_classifier_IFS_data/pscratch_sd_d_drhatch_pscans3_scanfiles0076/scanfiles0076,0.89806065,0.91535713,0,0,0.965,0.034193851,-1,-1,MTM
/pscratch/sd/j/joeschm/MGKDB_projects/KBM_classifier_IFS_data/pscratch_sd_d_drhatch_pscans3_scanfiles0076/scanfiles0076,0.89806065,0.91535713,0,0,0.965,0.068387702,-0.022247413,-0.18445707,
/pscratch/sd/j/joeschm/MGKDB_projects/KBM_classifier_IFS_data/pscratch_sd_d_drhatch_pscans3_scanfiles0076/scanfiles0076,0.89806065,0.91535713,0,0,0.965,0.1367754,-1,-1,
/pscratch/sd/j/joeschm/MGKDB_projects/KBM_classifier_IFS_data/pscratch_sd_d_drhatch_pscans3_scanfiles0076/scanfiles0076,0.89806065,0.91535713,0,0,0.965,0.20516308,0.042641792,-0.45891218,ITG_TEM
/pscratch/sd/j/joeschm/MGKDB_projects/KBM_classifier_IFS_data/pscratch_sd_d_drhatch_pscans3_scanfiles0076/scanfiles0076,0.89806065,0.91535713,0,0,0.965,0.27355081,0.116,-0.517,ITG_TEM
/pscratch/sd/j/joeschm/MGKDB_projects/KBM_classifier_IFS_data/pscratch_sd_d_drhatch_pscans3_scanfiles0076/scanfiles0076,0.89806065,0.91535713,0,0,0.965,0.3419385,0.18,-0.521,ITG_TEM
/pscratch/sd/j/joeschm/MGKDB_projects/KBM_classifier_IFS_data/pscratch_sd_d_drhatch_pscans3_scanfiles0076/scanfiles0076,0.89806065,0.91535713,0,0,0.965,0.4787139,0.226,-0.465,ITG_TEM
/pscratch/sd/j/joeschm/MGKDB_projects/KBM_classifier_IFS_data/pscratch_sd_d_drhatch_pscans3_scanfiles0076/scanfiles0076,0.89806065,0.91535713,0,0,0.965,0.68387699,0.171,-0.412,ITG_TEM
/pscratch/sd/j/joeschm/MGKDB_projects/KBM_classifier_IFS_data/pscratch_sd_d_drhatch_pscans3_scanfiles0077/scanfiles0077,0.81284223,0.9143857,0,0,0.97,0.032864511,-0.03533014,-0.069654111,
/pscratch/sd/j/joeschm/MGKDB_projects/KBM_classifier_IFS_data/pscratch_sd_d_drhatch_pscans3_scanfiles0077/scanfiles0077,0.81284223,0.9143857,0,0,0.97,0.065729022,-0.025524523,-0.11553614,
/pscratch/sd/j/joeschm/MGKDB_projects/KBM_classifier_IFS_data/pscratch_sd_d_drhatch_pscans3_scanfiles0077/scanfiles0077,0.81284223,0.9143857,0,0,0.97,0.13145804,-1,-1,
/pscratch/sd/j/joeschm/MGKDB_projects/KBM_classifier_IFS_data/pscratch_sd_d_drhatch_pscans3_scanfiles0077/scanfiles0077,0.81284223,0.9143857,0,0,0.97,0.19718707,-1,-1,ITG_TEM
/pscratch/sd/j/joeschm/MGKDB_projects/KBM_classifier_IFS_data/pscratch_sd_d_drhatch_pscans3_scanfiles0077/scanfiles0077,0.81284223,0.9143857,0,0,0.97,0.26291609,0.028199054,-0.27433648,
/pscratch/sd/j/joeschm/MGKDB_projects/KBM_classifier_IFS_data/pscratch_sd_d_drhatch_pscans3_scanfiles0077/scanfiles0077,0.81284223,0.9143857,0,0,0.97,0.32864508,0.057,-0.267,
/pscratch/sd/j/joeschm/MGKDB_projects/KBM_classifier_IFS_data/pscratch_sd_d_drhatch_pscans3_scanfiles0077/scanfiles0077,0.81284223,0.9143857,0,0,0.97,0.46010315,0.044,-0.242,
/pscratch/sd/j/joeschm/MGKDB_projects/KBM_classifier_IFS_data/pscratch_sd_d_drhatch_pscans3_scanfiles0077/scanfiles0077,0.81284223,0.9143857,0,0,0.97,0.65729016,0.016881109,-0.28017415,
/pscratch/sd/j/joeschm/MGKDB_projects/KBM_classifier_IFS_data/pscratch_sd_d_drhatch_pscans3_scanfiles0078/scanfiles0078,1,1,0,0,0.935,0.044492114,-1,-1,MTM
/pscratch/sd/j/joeschm/MGKDB_projects/KBM_classifier_IFS_data/pscratch_sd_d_drhatch_pscans3_scanfiles0078/scanfiles0078,1,1,0,0,0.935,0.088984229,-1,-1,ITG_TEM
/pscratch/sd/j/joeschm/MGKDB_projects/KBM_classifier_IFS_data/pscratch_sd_d_drhatch_pscans3_scanfiles0078/scanfiles0078,1,1,0,0,0.935,0.17796846,0.016547911,0.046734264,ITG_TEM
/pscratch/sd/j/joeschm/MGKDB_projects/KBM_classifier_IFS_data/pscratch_sd_d_drhatch_pscans3_scanfiles0078/scanfiles0078,1,1,0,0,0.935,0.26695272,0.040297581,0.078701927,ITG_TEM
/pscratch/sd/j/joeschm/MGKDB_projects/KBM_classifier_IFS_data/pscratch_sd_d_drhatch_pscans3_scanfiles0078/scanfiles0078,1,1,0,0,0.935,0.35593691,0.084482332,0.10403987,ITG_TEM
/pscratch/sd/j/joeschm/MGKDB_projects/KBM_classifier_IFS_data/pscratch_sd_d_drhatch_pscans3_scanfiles0078/scanfiles0078,1,1,0,0,0.935,0.44492117,0.14977623,0.11817668,ITG_TEM
/pscratch/sd/j/joeschm/MGKDB_projects/KBM_classifier_IFS_data/pscratch_sd_d_drhatch_pscans3_scanfiles0078/scanfiles0078,1,1,0,0,0.935,0.62288964,0.24564926,0.17362474,ITG_TEM
/pscratch/sd/j/joeschm/MGKDB_projects/KBM_classifier_IFS_data/pscratch_sd_d_drhatch_pscans3_scanfiles0078/scanfiles0078,1,1,0,0,0.935,0.88984233,0.295,0.303,ITG_TEM
/pscratch/sd/j/joeschm/MGKDB_projects/KBM_classifier_IFS_data/pscratch_sd_d_drhatch_pscans3_scanfiles0079/scanfiles0079,1.0867629,1.0341548,0,0,0.94,0.044548888,-1,-1,MTM
/pscratch/sd/j/joeschm/MGKDB_projects/KBM_classifier_IFS_data/pscratch_sd_d_drhatch_pscans3_scanfiles0079/scanfiles0079,1.0867629,1.0341548,0,0,0.94,0.089097776,-1,-1,ITG_TEM
/pscratch/sd/j/joeschm/MGKDB_projects/KBM_classifier_IFS_data/pscratch_sd_d_drhatch_pscans3_scanfiles0079/scanfiles0079,1.0867629,1.0341548,0,0,0.94,0.17819555,-0.058790146,0.051673048,ITG_TEM
/pscratch/sd/j/joeschm/MGKDB_projects/KBM_classifier_IFS_data/pscratch_sd_d_drhatch_pscans3_scanfiles0079/scanfiles0079,1.0867629,1.0341548,0,0,0.94,0.2672933,-1,-1,ITG_TEM
/pscratch/sd/j/joeschm/MGKDB_projects/KBM_classifier_IFS_data/pscratch_sd_d_drhatch_pscans3_scanfiles0079/scanfiles0079,1.0867629,1.0341548,0,0,0.94,0.3563911,0.087402805,-0.39222614,ITG_TEM
/pscratch/sd/j/joeschm/MGKDB_projects/KBM_classifier_IFS_data/pscratch_sd_d_drhatch_pscans3_scanfiles0079/scanfiles0079,1.0867629,1.0341548,0,0,0.94,0.44548884,0.18213923,-0.41623638,ITG_TEM
/pscratch/sd/j/joeschm/MGKDB_projects/KBM_classifier_IFS_data/pscratch_sd_d_drhatch_pscans3_scanfiles0079/scanfiles0079,1.0867629,1.0341548,0,0,0.94,0.62368435,0.304,-0.396,ITG_TEM
/pscratch/sd/j/joeschm/MGKDB_projects/KBM_classifier_IFS_data/pscratch_sd_d_drhatch_pscans3_scanfiles0079/scanfiles0079,1.0867629,1.0341548,0,0,0.94,0.89097768,0.376,-0.328,ITG_TEM
/pscratch/sd/j/joeschm/MGKDB_projects/KBM_classifier_IFS_data/pscratch_sd_d_drhatch_pscans3_scanfiles0080/scanfiles0080,0.81127171,0.91371954,0,0,0.975,0.031088842,-0.025709847,-0.06925276,
/pscratch/sd/j/joeschm/MGKDB_projects/KBM_classifier_IFS_data/pscratch_sd_d_drhatch_pscans3_scanfiles0080/scanfiles0080,0.81127171,0.91371954,0,0,0.975,0.062177684,-0.038080188,-0.043566679,
/pscratch/sd/j/joeschm/MGKDB_projects/KBM_classifier_IFS_data/pscratch_sd_d_drhatch_pscans3_scanfiles0080/scanfiles0080,0.81127171,0.91371954,0,0,0.975,0.12435537,0.067372972,-8.0742036,MTM
/pscratch/sd/j/joeschm/MGKDB_projects/KBM_classifier_IFS_data/pscratch_sd_d_drhatch_pscans3_scanfiles0080/scanfiles0080,0.81127171,0.91371954,0,0,0.975,0.18653303,0.425,-10.919,MTM
/pscratch/sd/j/joeschm/MGKDB_projects/KBM_classifier_IFS_data/pscratch_sd_d_drhatch_pscans3_scanfiles0080/scanfiles0080,0.81127171,0.91371954,0,0,0.975,0.24871074,0.029724592,-0.12341279,
/pscratch/sd/j/joeschm/MGKDB_projects/KBM_classifier_IFS_data/pscratch_sd_d_drhatch_pscans3_scanfiles0080/scanfiles0080,0.81127171,0.91371954,0,0,0.975,0.31088841,0.013275419,-0.093649202,
/pscratch/sd/j/joeschm/MGKDB_projects/KBM_classifier_IFS_data/pscratch_sd_d_drhatch_pscans3_scanfiles0080/scanfiles0080,0.81127171,0.91371954,0,0,0.975,0.43524376,-0.022265993,-0.12355279,
/pscratch/sd/j/joeschm/MGKDB_projects/KBM_classifier_IFS_data/pscratch_sd_d_drhatch_pscans3_scanfiles0080/scanfiles0080,0.81127171,0.91371954,0,0,0.975,0.62177682,-0.016913787,-0.15743559,
/pscratch/sd/j/joeschm/MGKDB_projects/KBM_classifier_IFS_data/pscratch_sd_d_drhatch_pscans3_scanfiles0081/scanfiles0081,1.0907281,1,0,0,0.945,0.044515319,-1,-1,MTM
/pscratch/sd/j/joeschm/MGKDB_projects/KBM_classifier_IFS_data/pscratch_sd_d_drhatch_pscans3_scanfiles0081/scanfiles0081,1.0907281,1,0,0,0.945,0.089030638,-1,-1,MTM
/pscratch/sd/j/joeschm/MGKDB_projects/KBM_classifier_IFS_data/pscratch_sd_d_drhatch_pscans3_scanfiles0081/scanfiles0081,1.0907281,1,0,0,0.945,0.17806128,0.0087906239,-0.32212621,ITG_TEM
/pscratch/sd/j/joeschm/MGKDB_projects/KBM_classifier_IFS_data/pscratch_sd_d_drhatch_pscans3_scanfiles0081/scanfiles0081,1.0907281,1,0,0,0.945,0.26709193,0.089566467,-0.46878382,ITG_TEM
/pscratch/sd/j/joeschm/MGKDB_projects/KBM_classifier_IFS_data/pscratch_sd_d_drhatch_pscans3_scanfiles0081/scanfiles0081,1.0907281,1,0,0,0.945,0.35612255,0.20140311,-0.56724876,ITG_TEM
/pscratch/sd/j/joeschm/MGKDB_projects/KBM_classifier_IFS_data/pscratch_sd_d_drhatch_pscans3_scanfiles0081/scanfiles0081,1.0907281,1,0,0,0.945,0.44515321,0.308,-0.606,ITG_TEM
/pscratch/sd/j/joeschm/MGKDB_projects/KBM_classifier_IFS_data/pscratch_sd_d_drhatch_pscans3_scanfiles0081/scanfiles0081,1.0907281,1,0,0,0.945,0.62321448,0.463,-0.608,ITG_TEM
/pscratch/sd/j/joeschm/MGKDB_projects/KBM_classifier_IFS_data/pscratch_sd_d_drhatch_pscans3_scanfiles0081/scanfiles0081,1.0907281,1,0,0,0.945,0.89030641,0.598,-0.55,ITG_TEM
/pscratch/sd/j/joeschm/MGKDB_projects/KBM_classifier_IFS_data/pscratch_sd_d_drhatch_pscans3_scanfiles0082/scanfiles0082,0.81004711,0.91323008,0,0,0.98,0.028979445,-0.037695945,-0.02205683,
/pscratch/sd/j/joeschm/MGKDB_projects/KBM_classifier_IFS_data/pscratch_sd_d_drhatch_pscans3_scanfiles0082/scanfiles0082,0.81004711,0.91323008,0,0,0.98,0.05795889,-0.0555775,0.006883582,
/pscratch/sd/j/joeschm/MGKDB_projects/KBM_classifier_IFS_data/pscratch_sd_d_drhatch_pscans3_scanfiles0082/scanfiles0082,0.81004711,0.91323008,0,0,0.98,0.11591778,0.44,-8.393,MTM
/pscratch/sd/j/joeschm/MGKDB_projects/KBM_classifier_IFS_data/pscratch_sd_d_drhatch_pscans3_scanfiles0082/scanfiles0082,0.81004711,0.91323008,0,0,0.98,0.17387669,0.472,-11.037,MTM
/pscratch/sd/j/joeschm/MGKDB_projects/KBM_classifier_IFS_data/pscratch_sd_d_drhatch_pscans3_scanfiles0082/scanfiles0082,0.81004711,0.91323008,0,0,0.98,0.23183556,-1,-1,
/pscratch/sd/j/joeschm/MGKDB_projects/KBM_classifier_IFS_data/pscratch_sd_d_drhatch_pscans3_scanfiles0082/scanfiles0082,0.81004711,0.91323008,0,0,0.98,0.28979445,-0.040012255,-0.045498786,
/pscratch/sd/j/joeschm/MGKDB_projects/KBM_classifier_IFS_data/pscratch_sd_d_drhatch_pscans3_scanfiles0082/scanfiles0082,0.81004711,0.91323008,0,0,0.98,0.40571222,-0.039278231,-0.072434939,
/pscratch/sd/j/joeschm/MGKDB_projects/KBM_classifier_IFS_data/pscratch_sd_d_drhatch_pscans3_scanfiles0082/scanfiles0082,0.81004711,0.91323008,0,0,0.98,0.57958889,-1,-1,
/pscratch/sd/j/joeschm/MGKDB_projects/KBM_classifier_IFS_data/pscratch_sd_d_drhatch_pscans3_scanfiles0083/scanfiles0083,1.0944194,1.0404238,0,0,0.95,0.044330146,-0.020472286,-0.094044951,ITG_TEM
/pscratch/sd/j/joeschm/MGKDB_projects/KBM_classifier_IFS_data/pscratch_sd_d_drhatch_pscans3_scanfiles0083/scanfiles0083,1.0944194,1.0404238,0,0,0.95,0.088660292,-0.010952932,-0.20897855,ITG_TEM
/pscratch/sd/j/joeschm/MGKDB_projects/KBM_classifier_IFS_data/pscratch_sd_d_drhatch_pscans3_scanfiles0083/scanfiles0083,1.0944194,1.0404238,0,0,0.95,0.17732058,0.032215278,-0.41238977,ITG_TEM
/pscratch/sd/j/joeschm/MGKDB_projects/KBM_classifier_IFS_data/pscratch_sd_d_drhatch_pscans3_scanfiles0083/scanfiles0083,1.0944194,1.0404238,0,0,0.95,0.26598087,0.11273952,-0.57667861,ITG_TEM
/pscratch/sd/j/joeschm/MGKDB_projects/KBM_classifier_IFS_data/pscratch_sd_d_drhatch_pscans3_scanfiles0083/scanfiles0083,1.0944194,1.0404238,0,0,0.95,0.35464117,0.22,-0.681,ITG_TEM
/pscratch/sd/j/joeschm/MGKDB_projects/KBM_classifier_IFS_data/pscratch_sd_d_drhatch_pscans3_scanfiles0083/scanfiles0083,1.0944194,1.0404238,0,0,0.95,0.44330144,0.327,-0.734,ITG_TEM
/pscratch/sd/j/joeschm/MGKDB_projects/KBM_classifier_IFS_data/pscratch_sd_d_drhatch_pscans3_scanfiles0083/scanfiles0083,1.0944194,1.0404238,0,0,0.95,0.62062204,0.5,-0.753,ITG_TEM
/pscratch/sd/j/joeschm/MGKDB_projects/KBM_classifier_IFS_data/pscratch_sd_d_drhatch_pscans3_scanfiles0083/scanfiles0083,1.0944194,1.0404238,0,0,0.95,0.88660288,0.676,-0.697,ITG_TEM
/pscratch/sd/j/joeschm/MGKDB_projects/KBM_classifier_IFS_data/pscratch_sd_d_drhatch_pscans3_scanfiles0084/scanfiles0084,0.80907938,0.91284211,0,0,0.985,0.026778745,-1,-1,
/pscratch/sd/j/joeschm/MGKDB_projects/KBM_classifier_IFS_data/pscratch_sd_d_drhatch_pscans3_scanfiles0084/scanfiles0084,0.80907938,0.91284211,0,0,0.985,0.053557489,-1,-1,
/pscratch/sd/j/joeschm/MGKDB_projects/KBM_classifier_IFS_data/pscratch_sd_d_drhatch_pscans3_scanfiles0084/scanfiles0084,0.80907938,0.91284211,0,0,0.985,0.10711498,0.49,-8.035,MTM
/pscratch/sd/j/joeschm/MGKDB_projects/KBM_classifier_IFS_data/pscratch_sd_d_drhatch_pscans3_scanfiles0084/scanfiles0084,0.80907938,0.91284211,0,0,0.985,0.16067246,0.529,-10.642,MTM
/pscratch/sd/j/joeschm/MGKDB_projects/KBM_classifier_IFS_data/pscratch_sd_d_drhatch_pscans3_scanfiles0084/scanfiles0084,0.80907938,0.91284211,0,0,0.985,0.21422996,0.206,-10.768,MTM
/pscratch/sd/j/joeschm/MGKDB_projects/KBM_classifier_IFS_data/pscratch_sd_d_drhatch_pscans3_scanfiles0084/scanfiles0084,0.80907938,0.91284211,0,0,0.985,0.26778746,-0.032456981,-9.9266397,ITG_TEM
/pscratch/sd/j/joeschm/MGKDB_projects/KBM_classifier_IFS_data/pscratch_sd_d_drhatch_pscans3_scanfiles0084/scanfiles0084,0.80907938,0.91284211,0,0,0.985,0.37490243,-0.059263503,-0.037560185,
/pscratch/sd/j/joeschm/MGKDB_projects/KBM_classifier_IFS_data/pscratch_sd_d_drhatch_pscans3_scanfiles0084/scanfiles0084,0.80907938,0.91284211,0,0,0.985,0.53557491,-1,-1,
/pscratch/sd/j/joeschm/MGKDB_projects/KBM_classifier_IFS_data/pscratch_sd_d_drhatch_pscans3_scanfiles0085/scanfiles0085,1.0976077,1,0,0,0.955,0.043856677,-1,-1,MTM
/pscratch/sd/j/joeschm/MGKDB_projects/KBM_classifier_IFS_data/pscratch_sd_d_drhatch_pscans3_scanfiles0085/scanfiles0085,1.0976077,1,0,0,0.955,0.087713353,-0.014495149,-0.22604936,ITG_TEM
/pscratch/sd/j/joeschm/MGKDB_projects/KBM_classifier_IFS_data/pscratch_sd_d_drhatch_pscans3_scanfiles0085/scanfiles0085,1.0976077,1,0,0,0.955,0.17542671,0.020149994,-0.4261993,ITG_TEM
/pscratch/sd/j/joeschm/MGKDB_projects/KBM_classifier_IFS_data/pscratch_sd_d_drhatch_pscans3_scanfiles0085/scanfiles0085,1.0976077,1,0,0,0.955,0.26314002,0.088448721,-0.57582139,ITG_TEM
/pscratch/sd/j/joeschm/MGKDB_projects/KBM_classifier_IFS_data/pscratch_sd_d_drhatch_pscans3_scanfiles0085/scanfiles0085,1.0976077,1,0,0,0.955,0.35085341,0.18,-0.673,ITG_TEM
/pscratch/sd/j/joeschm/MGKDB_projects/KBM_classifier_IFS_data/pscratch_sd_d_drhatch_pscans3_scanfiles0085/scanfiles0085,1.0976077,1,0,0,0.955,0.43856674,0.275,-0.726,ITG_TEM
/pscratch/sd/j/joeschm/MGKDB_projects/KBM_classifier_IFS_data/pscratch_sd_d_drhatch_pscans3_scanfiles0085/scanfiles0085,1.0976077,1,0,0,0.955,0.61399341,0.449,-0.745,ITG_TEM
/pscratch/sd/j/joeschm/MGKDB_projects/KBM_classifier_IFS_data/pscratch_sd_d_drhatch_pscans3_scanfiles0085/scanfiles0085,1.0976077,1,0,0,0.955,0.87713349,0.638,-0.66,ITG_TEM
/pscratch/sd/j/joeschm/MGKDB_projects/KBM_classifier_IFS_data/pscratch_sd_d_drhatch_pscans3_scanfiles0086/scanfiles0086,1.0958688,1,0,0,0.99,0.028330525,-1,-1,
/pscratch/sd/j/joeschm/MGKDB_projects/KBM_classifier_IFS_data/pscratch_sd_d_drhatch_pscans3_scanfiles0086/scanfiles0086,1.0958688,1,0,0,0.99,0.056661051,-1,-1,
/pscratch/sd/j/joeschm/MGKDB_projects/KBM_classifier_IFS_data/pscratch_sd_d_drhatch_pscans3_scanfiles0086/scanfiles0086,1.0958688,1,0,0,0.99,0.1133221,1.406,-6.957,ITG_TEM
/pscratch/sd/j/joeschm/MGKDB_projects/KBM_classifier_IFS_data/pscratch_sd_d_drhatch_pscans3_scanfiles0086/scanfiles0086,1.0958688,1,0,0,0.99,0.16998315,0.997,-9.675,ITG_TEM
/pscratch/sd/j/joeschm/MGKDB_projects/KBM_classifier_IFS_data/pscratch_sd_d_drhatch_pscans3_scanfiles0086/scanfiles0086,1.0958688,1,0,0,0.99,0.2266442,0.767,-9.408,ITG_TEM
/pscratch/sd/j/joeschm/MGKDB_projects/KBM_classifier_IFS_data/pscratch_sd_d_drhatch_pscans3_scanfiles0086/scanfiles0086,1.0958688,1,0,0,0.99,0.28330526,0.928,-8.709,ITG_TEM
/pscratch/sd/j/joeschm/MGKDB_projects/KBM_classifier_IFS_data/pscratch_sd_d_drhatch_pscans3_scanfiles0086/scanfiles0086,1.0958688,1,0,0,0.99,0.39662737,0.92111992,-3.5035369,ETG
/pscratch/sd/j/joeschm/MGKDB_projects/KBM_classifier_IFS_data/pscratch_sd_d_drhatch_pscans3_scanfiles0086/scanfiles0086,1.0958688,1,0,0,0.99,0.56661052,1.907,-4.03,ETG
/pscratch/sd/j/joeschm/MGKDB_projects/KBM_classifier_IFS_data/pscratch_sd_d_drhatch_pscans3_scanfiles0087/scanfiles0087,1.1001038,1,0,0,0.96,0.042922474,-1,-1,MTM
/pscratch/sd/j/joeschm/MGKDB_projects/KBM_classifier_IFS_data/pscratch_sd_d_drhatch_pscans3_scanfiles0087/scanfiles0087,1.1001038,1,0,0,0.96,0.085844949,-0.0090241857,-0.19664239,ITG_TEM
/pscratch/sd/j/joeschm/MGKDB_projects/KBM_classifier_IFS_data/pscratch_sd_d_drhatch_pscans3_scanfiles0087/scanfiles0087,1.1001038,1,0,0,0.96,0.1716899,0.0030873997,-0.32793304,ITG_TEM
/pscratch/sd/j/joeschm/MGKDB_projects/KBM_classifier_IFS_data/pscratch_sd_d_drhatch_pscans3_scanfiles0087/scanfiles0087,1.1001038,1,0,0,0.96,0.25753483,0.039603183,-0.4419117,ITG_TEM
/pscratch/sd/j/joeschm/MGKDB_projects/KBM_classifier_IFS_data/pscratch_sd_d_drhatch_pscans3_scanfiles0087/scanfiles0087,1.1001038,1,0,0,0.96,0.3433798,0.1,-0.521,ITG_TEM
/pscratch/sd/j/joeschm/MGKDB_projects/KBM_classifier_IFS_data/pscratch_sd_d_drhatch_pscans3_scanfiles0087/scanfiles0087,1.1001038,1,0,0,0.96,0.42922476,0.175,-0.564,ITG_TEM
/pscratch/sd/j/joeschm/MGKDB_projects/KBM_classifier_IFS_data/pscratch_sd_d_drhatch_pscans3_scanfiles0087/scanfiles0087,1.1001038,1,0,0,0.96,0.60091466,0.319,-0.549,ITG_TEM
/pscratch/sd/j/joeschm/MGKDB_projects/KBM_classifier_IFS_data/pscratch_sd_d_drhatch_pscans3_scanfiles0087/scanfiles0087,1.1001038,1,0,0,0.96,0.85844952,0.405,-0.404,ITG_TEM
/pscratch/sd/j/joeschm/MGKDB_projects/KBM_classifier_IFS_data/pscratch_sd_d_drhatch_pscans3_scanfiles0088/scanfiles0088,0.80825809,0.9124957,0,0,0.99,0.024755873,-1,-1,
/pscratch/sd/j/joeschm/MGKDB_projects/KBM_classifier_IFS_data/pscratch_sd_d_drhatch_pscans3_scanfiles0088/scanfiles0088,0.80825809,0.9124957,0,0,0.99,0.049511746,-1,-1,
/pscratch/sd/j/joeschm/MGKDB_projects/KBM_classifier_IFS_data/pscratch_sd_d_drhatch_pscans3_scanfiles0088/scanfiles0088,0.80825809,0.9124957,0,0,0.99,0.099023491,0.58,-7.885,ITG_TEM
/pscratch/sd/j/joeschm/MGKDB_projects/KBM_classifier_IFS_data/pscratch_sd_d_drhatch_pscans3_scanfiles0088/scanfiles0088,0.80825809,0.9124957,0,0,0.99,0.14853524,0.423,-10.219,ITG_TEM
/pscratch/sd/j/joeschm/MGKDB_projects/KBM_classifier_IFS_data/pscratch_sd_d_drhatch_pscans3_scanfiles0088/scanfiles0088,0.80825809,0.9124957,0,0,0.99,0.19804698,0.195,-10.212,MTM
/pscratch/sd/j/joeschm/MGKDB_projects/KBM_classifier_IFS_data/pscratch_sd_d_drhatch_pscans3_scanfiles0088/scanfiles0088,0.80825809,0.9124957,0,0,0.99,0.24755874,0.432,-9.557,ITG_TEM
/pscratch/sd/j/joeschm/MGKDB_projects/KBM_classifier_IFS_data/pscratch_sd_d_drhatch_pscans3_scanfiles0088/scanfiles0088,0.80825809,0.9124957,0,0,0.99,0.3465822,-1,-1,
/pscratch/sd/j/joeschm/MGKDB_projects/KBM_classifier_IFS_data/pscratch_sd_d_drhatch_pscans3_scanfiles0088/scanfiles0088,0.80825809,0.9124957,0,0,0.99,0.49511749,-1,-1,ITG_TEM
/pscratch/sd/j/joeschm/MGKDB_projects/KBM_classifier_IFS_data/pscratch_sd_d_drhatch_pscans3_scanfiles0089/scanfiles0089,1.0954413,1,0,0,0.985,0.031852536,-1,-1,
/pscratch/sd/j/joeschm/MGKDB_projects/KBM_classifier_IFS_data/pscratch_sd_d_drhatch_pscans3_scanfiles0089/scanfiles0089,1.0954413,1,0,0,0.985,0.063705072,-1,-1,
/pscratch/sd/j/joeschm/MGKDB_projects/KBM_classifier_IFS_data/pscratch_sd_d_drhatch_pscans3_scanfiles0089/scanfiles0089,1.0954413,1,0,0,0.985,0.12741014,0.04,-5.81,ITG_TEM
/pscratch/sd/j/joeschm/MGKDB_projects/KBM_classifier_IFS_data/pscratch_sd_d_drhatch_pscans3_scanfiles0089/scanfiles0089,1.0954413,1,0,0,0.985,0.19111522,0.847,-10.14,MTM
/pscratch/sd/j/joeschm/MGKDB_projects/KBM_classifier_IFS_data/pscratch_sd_d_drhatch_pscans3_scanfiles0089/scanfiles0089,1.0954413,1,0,0,0.985,0.25482029,0.112,-4.981,ITG_TEM
/pscratch/sd/j/joeschm/MGKDB_projects/KBM_classifier_IFS_data/pscratch_sd_d_drhatch_pscans3_scanfiles0089/scanfiles0089,1.0954413,1,0,0,0.985,0.31852537,0.145,-4.444,ETG
/pscratch/sd/j/joeschm/MGKDB_projects/KBM_classifier_IFS_data/pscratch_sd_d_drhatch_pscans3_scanfiles0089/scanfiles0089,1.0954413,1,0,0,0.985,0.44593552,0.633,-5.37,ETG
/pscratch/sd/j/joeschm/MGKDB_projects/KBM_classifier_IFS_data/pscratch_sd_d_drhatch_pscans3_scanfiles0089/scanfiles0089,1.0954413,1,0,0,0.985,0.63705075,1.273,-7.178,ETG
/pscratch/sd/j/joeschm/MGKDB_projects/KBM_classifier_IFS_data/pscratch_sd_d_drhatch_pscans3_scanfiles0090/scanfiles0090,1.0949401,1,0,0,0.98,0.035794634,-0.027465882,-0.056967126,
/pscratch/sd/j/joeschm/MGKDB_projects/KBM_classifier_IFS_data/pscratch_sd_d_drhatch_pscans3_scanfiles0090/scanfiles0090,1.0949401,1,0,0,0.98,0.071589269,-1,-1,
/pscratch/sd/j/joeschm/MGKDB_projects/KBM_classifier_IFS_data/pscratch_sd_d_drhatch_pscans3_scanfiles0090/scanfiles0090,1.0949401,1,0,0,0.98,0.14317854,0.151,-1.404,
/pscratch/sd/j/joeschm/MGKDB_projects/KBM_classifier_IFS_data/pscratch_sd_d_drhatch_pscans3_scanfiles0090/scanfiles0090,1.0949401,1,0,0,0.98,0.21476781,0.322,-0.862,
/pscratch/sd/j/joeschm/MGKDB_projects/KBM_classifier_IFS_data/pscratch_sd_d_drhatch_pscans3_scanfiles0090/scanfiles0090,1.0949401,1,0,0,0.98,0.28635707,0.50995734,-3.9376877,ITG_TEM
/pscratch/sd/j/joeschm/MGKDB_projects/KBM_classifier_IFS_data/pscratch_sd_d_drhatch_pscans3_scanfiles0090/scanfiles0090,1.0949401,1,0,0,0.98,0.35794634,0.674,-3.863,ITG_TEM
/pscratch/sd/j/joeschm/MGKDB_projects/KBM_classifier_IFS_data/pscratch_sd_d_drhatch_pscans3_scanfiles0090/scanfiles0090,1.0949401,1,0,0,0.98,0.50112486,0.559,-3.987,ETG
/pscratch/sd/j/joeschm/MGKDB_projects/KBM_classifier_IFS_data/pscratch_sd_d_drhatch_pscans3_scanfiles0090/scanfiles0090,1.0949401,1,0,0,0.98,0.71589267,1.215,-4.907,ETG
/pscratch/sd/j/joeschm/MGKDB_projects/KBM_classifier_IFS_data/pscratch_sd_d_drhatch_pscans3_scanfiles0091/scanfiles0091,1.101914,1,0,0,0.965,0.041400347,-0.044220982,-0.074902575,
/pscratch/sd/j/joeschm/MGKDB_projects/KBM_classifier_IFS_data/pscratch_sd_d_drhatch_pscans3_scanfiles0091/scanfiles0091,1.101914,1,0,0,0.965,0.082800694,-1,-1,ITG_TEM
/pscratch/sd/j/joeschm/MGKDB_projects/KBM_classifier_IFS_data/pscratch_sd_d_drhatch_pscans3_scanfiles0091/scanfiles0091,1.101914,1,0,0,0.965,0.16560139,-1,-1,ITG_TEM
/pscratch/sd/j/joeschm/MGKDB_projects/KBM_classifier_IFS_data/pscratch_sd_d_drhatch_pscans3_scanfiles0091/scanfiles0091,1.101914,1,0,0,0.965,0.24840209,-1,-1,
/pscratch/sd/j/joeschm/MGKDB_projects/KBM_classifier_IFS_data/pscratch_sd_d_drhatch_pscans3_scanfiles0091/scanfiles0091,1.101914,1,0,0,0.965,0.33120278,-1,-1,ITG_TEM
/pscratch/sd/j/joeschm/MGKDB_projects/KBM_classifier_IFS_data/pscratch_sd_d_drhatch_pscans3_scanfiles0091/scanfiles0091,1.101914,1,0,0,0.965,0.41400346,0.050718549,-0.34038911,ITG_TEM
/pscratch/sd/j/joeschm/MGKDB_projects/KBM_classifier_IFS_data/pscratch_sd_d_drhatch_pscans3_scanfiles0091/scanfiles0091,1.101914,1,0,0,0.965,0.57960486,0.121,-0.336,ITG_TEM
/pscratch/sd/j/joeschm/MGKDB_projects/KBM_classifier_IFS_data/pscratch_sd_d_drhatch_pscans3_scanfiles0091/scanfiles0091,1.101914,1,0,0,0.965,0.82800692,0.075243331,-0.25543088,ITG_TEM
/pscratch/sd/j/joeschm/MGKDB_projects/KBM_classifier_IFS_data/pscratch_sd_d_drhatch_pscans3_scanfiles0092/scanfiles0092,0.92334972,0.9418366,0,0,0.935,0.039755009,-1,-1,MTM
/pscratch/sd/j/joeschm/MGKDB_projects/KBM_classifier_IFS_data/pscratch_sd_d_drhatch_pscans3_scanfiles0092/scanfiles0092,0.92334972,0.9418366,0,0,0.935,0.079510018,-1,-1,ITG_TEM
/pscratch/sd/j/joeschm/MGKDB_projects/KBM_classifier_IFS_data/pscratch_sd_d_drhatch_pscans3_scanfiles0092/scanfiles0092,0.92334972,0.9418366,0,0,0.935,0.15902004,0.017235021,0.057115273,ITG_TEM
/pscratch/sd/j/joeschm/MGKDB_projects/KBM_classifier_IFS_data/pscratch_sd_d_drhatch_pscans3_scanfiles0092/scanfiles0092,0.92334972,0.9418366,0,0,0.935,0.23853005,0.036217894,0.080193499,ITG_TEM
/pscratch/sd/j/joeschm/MGKDB_projects/KBM_classifier_IFS_data/pscratch_sd_d_drhatch_pscans3_scanfiles0092/scanfiles0092,0.92334972,0.9418366,0,0,0.935,0.31804007,0.06573005,0.10297777,ITG_TEM
/pscratch/sd/j/joeschm/MGKDB_projects/KBM_classifier_IFS_data/pscratch_sd_d_drhatch_pscans3_scanfiles0092/scanfiles0092,0.92334972,0.9418366,0,0,0.935,0.39755008,0.1045233,0.11992524,ITG_TEM
/pscratch/sd/j/joeschm/MGKDB_projects/KBM_classifier_IFS_data/pscratch_sd_d_drhatch_pscans3_scanfiles0092/scanfiles0092,0.92334972,0.9418366,0,0,0.935,0.55657017,0.18014097,0.16308629,ITG_TEM
/pscratch/sd/j/joeschm/MGKDB_projects/KBM_classifier_IFS_data/pscratch_sd_d_drhatch_pscans3_scanfiles0092/scanfiles0092,0.92334972,0.9418366,0,0,0.935,0.79510015,0.233,0.269,ITG_TEM
/pscratch/sd/j/joeschm/MGKDB_projects/KBM_classifier_IFS_data/pscratch_sd_d_drhatch_pscans3_scanfiles0093/scanfiles0093,1,1,0,0,0.97,0.039174128,-1,-1,
/pscratch/sd/j/joeschm/MGKDB_projects/KBM_classifier_IFS_data/pscratch_sd_d_drhatch_pscans3_scanfiles0093/scanfiles0093,1,1,0,0,0.97,0.078348257,-0.032130571,-0.079692869,
/pscratch/sd/j/joeschm/MGKDB_projects/KBM_classifier_IFS_data/pscratch_sd_d_drhatch_pscans3_scanfiles0093/scanfiles0093,1,1,0,0,0.97,0.15669651,0.548,-8.624,MTM
/pscratch/sd/j/joeschm/MGKDB_projects/KBM_classifier_IFS_data/pscratch_sd_d_drhatch_pscans3_scanfiles0093/scanfiles0093,1,1,0,0,0.97,0.23504479,0.561,-11.976,MTM
/pscratch/sd/j/joeschm/MGKDB_projects/KBM_classifier_IFS_data/pscratch_sd_d_drhatch_pscans3_scanfiles0093/scanfiles0093,1,1,0,0,0.97,0.31339303,0.507,-15.109,MTM
/pscratch/sd/j/joeschm/MGKDB_projects/KBM_classifier_IFS_data/pscratch_sd_d_drhatch_pscans3_scanfiles0093/scanfiles0093,1,1,0,0,0.97,0.39174131,0.444,-17.573,MTM
/pscratch/sd/j/joeschm/MGKDB_projects/KBM_classifier_IFS_data/pscratch_sd_d_drhatch_pscans3_scanfiles0093/scanfiles0093,1,1,0,0,0.97,0.54843777,0.055010046,-0.48603559,
/pscratch/sd/j/joeschm/MGKDB_projects/KBM_classifier_IFS_data/pscratch_sd_d_drhatch_pscans3_scanfiles0093/scanfiles0093,1,1,0,0,0.97,0.78348261,-0.036339628,-0.19218023,
/pscratch/sd/j/joeschm/MGKDB_projects/KBM_classifier_IFS_data/pscratch_sd_d_drhatch_pscans3_scanfiles0094/scanfiles0094,1,0.96584519,0,0,0.94,0.039806426,-1,-1,MTM
/pscratch/sd/j/joeschm/MGKDB_projects/KBM_classifier_IFS_data/pscratch_sd_d_drhatch_pscans3_scanfiles0094/scanfiles0094,1,0.96584519,0,0,0.94,0.079612851,-1,-1,ITG_TEM
/pscratch/sd/j/joeschm/MGKDB_projects/KBM_classifier_IFS_data/pscratch_sd_d_drhatch_pscans3_scanfiles0094/scanfiles0094,1,0.96584519,0,0,0.94,0.1592257,-1,-1,ITG_TEM
/pscratch/sd/j/joeschm/MGKDB_projects/KBM_classifier_IFS_data/pscratch_sd_d_drhatch_pscans3_scanfiles0094/scanfiles0094,1,0.96584519,0,0,0.94,0.23883852,-1,-1,ITG_TEM
/pscratch/sd/j/joeschm/MGKDB_projects/KBM_classifier_IFS_data/pscratch_sd_d_drhatch_pscans3_scanfiles0094/scanfiles0094,1,0.96584519,0,0,0.94,0.3184514,0.024771534,-0.46641487,ITG_TEM
/pscratch/sd/j/joeschm/MGKDB_projects/KBM_classifier_IFS_data/pscratch_sd_d_drhatch_pscans3_scanfiles0094/scanfiles0094,1,0.96584519,0,0,0.94,0.39806423,0.141,-0.517,ITG_TEM
/pscratch/sd/j/joeschm/MGKDB_projects/KBM_classifier_IFS_data/pscratch_sd_d_drhatch_pscans3_scanfiles0094/scanfiles0094,1,0.96584519,0,0,0.94,0.55728996,0.301,-0.528,ITG_TEM
/pscratch/sd/j/joeschm/MGKDB_projects/KBM_classifier_IFS_data/pscratch_sd_d_drhatch_pscans3_scanfiles0094/scanfiles0094,1,0.96584519,0,0,0.94,0.79612845,0.416,-0.488,ITG_TEM
/pscratch/sd/j/joeschm/MGKDB_projects/KBM_classifier_IFS_data/pscratch_sd_d_drhatch_pscans3_scanfiles0095/scanfiles0095,1.0935811,1,0,0,0.97,0.043358572,0.086632109,-2.7749173,MTM
/pscratch/sd/j/joeschm/MGKDB_projects/KBM_classifier_IFS_data/pscratch_sd_d_drhatch_pscans3_scanfiles0095/scanfiles0095,1.0935811,1,0,0,0.97,0.086717144,-0.04010413,-0.067182517,
/pscratch/sd/j/joeschm/MGKDB_projects/KBM_classifier_IFS_data/pscratch_sd_d_drhatch_pscans3_scanfiles0095/scanfiles0095,1.0935811,1,0,0,0.97,0.17343429,0.175,-9.601,MTM
/pscratch/sd/j/joeschm/MGKDB_projects/KBM_classifier_IFS_data/pscratch_sd_d_drhatch_pscans3_scanfiles0095/scanfiles0095,1.0935811,1,0,0,0.97,0.26015142,0.538,-13.283,MTM
/pscratch/sd/j/joeschm/MGKDB_projects/KBM_classifier_IFS_data/pscratch_sd_d_drhatch_pscans3_scanfiles0095/scanfiles0095,1.0935811,1,0,0,0.97,0.34686857,0.5945474,-16.553578,MTM
/pscratch/sd/j/joeschm/MGKDB_projects/KBM_classifier_IFS_data/pscratch_sd_d_drhatch_pscans3_scanfiles0095/scanfiles0095,1.0935811,1,0,0,0.97,0.4335857,0.63407695,-1.0486555,ITG_TEM
/pscratch/sd/j/joeschm/MGKDB_projects/KBM_classifier_IFS_data/pscratch_sd_d_drhatch_pscans3_scanfiles0095/scanfiles0095,1.0935811,1,0,0,0.97,0.60701996,0.51502498,-0.61198536,
/pscratch/sd/j/joeschm/MGKDB_projects/KBM_classifier_IFS_data/pscratch_sd_d_drhatch_pscans3_scanfiles0095/scanfiles0095,1.0935811,1,0,0,0.97,0.86717141,0.354,-4.132,ETG
/pscratch/sd/j/joeschm/MGKDB_projects/KBM_classifier_IFS_data/pscratch_sd_d_drhatch_pscans3_scanfiles0096/scanfiles0096,1,1,0,0,0.975,0.036309432,-1,-1,
/pscratch/sd/j/joeschm/MGKDB_projects/KBM_classifier_IFS_data/pscratch_sd_d_drhatch_pscans3_scanfiles0096/scanfiles0096,1,1,0,0,0.975,0.072618864,-0.035745677,-0.033646234,
/pscratch/sd/j/joeschm/MGKDB_projects/KBM_classifier_IFS_data/pscratch_sd_d_drhatch_pscans3_scanfiles0096/scanfiles0096,1,1,0,0,0.975,0.14523773,0.113,-9.453,MTM
/pscratch/sd/j/joeschm/MGKDB_projects/KBM_classifier_IFS_data/pscratch_sd_d_drhatch_pscans3_scanfiles0096/scanfiles0096,1,1,0,0,0.975,0.21785659,0.19247594,-12.8155,MTM
/pscratch/sd/j/joeschm/MGKDB_projects/KBM_classifier_IFS_data/pscratch_sd_d_drhatch_pscans3_scanfiles0096/scanfiles0096,1,1,0,0,0.975,0.29047546,0.289,-0.611,
/pscratch/sd/j/joeschm/MGKDB_projects/KBM_classifier_IFS_data/pscratch_sd_d_drhatch_pscans3_scanfiles0096/scanfiles0096,1,1,0,0,0.975,0.36309433,0.277,-0.307,
/pscratch/sd/j/joeschm/MGKDB_projects/KBM_classifier_IFS_data/pscratch_sd_d_drhatch_pscans3_scanfiles0096/scanfiles0096,1,1,0,0,0.975,0.50833201,0.034310962,0.088287098,
/pscratch/sd/j/joeschm/MGKDB_projects/KBM_classifier_IFS_data/pscratch_sd_d_drhatch_pscans3_scanfiles0096/scanfiles0096,1,1,0,0,0.975,0.72618866,0.416,-4.405,ETG
/pscratch/sd/j/joeschm/MGKDB_projects/KBM_classifier_IFS_data/pscratch_sd_d_drhatch_pscans3_scanfiles0097/scanfiles0097,1.2001901,1,0,0,0.96,0.048212063,-0.028688916,-0.16914628,ITG_TEM
/pscratch/sd/j/joeschm/MGKDB_projects/KBM_classifier_IFS_data/pscratch_sd_d_drhatch_pscans3_scanfiles0097/scanfiles0097,1.2001901,1,0,0,0.96,0.096424125,-1,-1,ITG_TEM
/pscratch/sd/j/joeschm/MGKDB_projects/KBM_classifier_IFS_data/pscratch_sd_d_drhatch_pscans3_scanfiles0097/scanfiles0097,1.2001901,1,0,0,0.96,0.19284825,0.022150272,-0.27683213,ITG_TEM
/pscratch/sd/j/joeschm/MGKDB_projects/KBM_classifier_IFS_data/pscratch_sd_d_drhatch_pscans3_scanfiles0097/scanfiles0097,1.2001901,1,0,0,0.96,0.2892724,0.043319994,-0.35570426,ITG_TEM
/pscratch/sd/j/joeschm/MGKDB_projects/KBM_classifier_IFS_data/pscratch_sd_d_drhatch_pscans3_scanfiles0097/scanfiles0097,1.2001901,1,0,0,0.96,0.3856965,0.084,-0.418,ITG_TEM
/pscratch/sd/j/joeschm/MGKDB_projects/KBM_classifier_IFS_data/pscratch_sd_d_drhatch_pscans3_scanfiles0097/scanfiles0097,1.2001901,1,0,0,0.96,0.48212063,0.134,-0.461,ITG_TEM
/pscratch/sd/j/joeschm/MGKDB_projects/KBM_classifier_IFS_data/pscratch_sd_d_drhatch_pscans3_scanfiles0097/scanfiles0097,1.2001901,1,0,0,0.96,0.6749689,0.259,-0.478,ITG_TEM
/pscratch/sd/j/joeschm/MGKDB_projects/KBM_classifier_IFS_data/pscratch_sd_d_drhatch_pscans3_scanfiles0097/scanfiles0097,1.2001901,1,0,0,0.96,0.96424127,0.348,-0.367,ITG_TEM
/pscratch/sd/j/joeschm/MGKDB_projects/KBM_classifier_IFS_data/pscratch_sd_d_drhatch_pscans3_scanfiles0098/scanfiles0098,1.2038634,1,0,0,0.965,0.046222381,-1,-1,
/pscratch/sd/j/joeschm/MGKDB_projects/KBM_classifier_IFS_data/pscratch_sd_d_drhatch_pscans3_scanfiles0098/scanfiles0098,1.2038634,1,0,0,0.965,0.092444763,-0.018116505,-0.13392708,ITG_TEM
/pscratch/sd/j/joeschm/MGKDB_projects/KBM_classifier_IFS_data/pscratch_sd_d_drhatch_pscans3_scanfiles0098/scanfiles0098,1.2038634,1,0,0,0.965,0.18488953,0.261,-8.241,MTM
/pscratch/sd/j/joeschm/MGKDB_projects/KBM_classifier_IFS_data/pscratch_sd_d_drhatch_pscans3_scanfiles0098/scanfiles0098,1.2038634,1,0,0,0.965,0.27733427,0.203,-11.309,MTM
/pscratch/sd/j/joeschm/MGKDB_projects/KBM_classifier_IFS_data/pscratch_sd_d_drhatch_pscans3_scanfiles0098/scanfiles0098,1.2038634,1,0,0,0.965,0.36977905,0.312,-14.393,MTM
/pscratch/sd/j/joeschm/MGKDB_projects/KBM_classifier_IFS_data/pscratch_sd_d_drhatch_pscans3_scanfiles0098/scanfiles0098,1.2038634,1,0,0,0.965,0.4622238,0.1,-17,MTM
/pscratch/sd/j/joeschm/MGKDB_projects/KBM_classifier_IFS_data/pscratch_sd_d_drhatch_pscans3_scanfiles0098/scanfiles0098,1.2038634,1,0,0,0.965,0.64711332,0.062,-0.358,ITG_TEM
/pscratch/sd/j/joeschm/MGKDB_projects/KBM_classifier_IFS_data/pscratch_sd_d_drhatch_pscans3_scanfiles0098/scanfiles0098,1.2038634,1,0,0,0.965,0.9244476,0.037,-0.295,ITG_TEM
/pscratch/sd/j/joeschm/MGKDB_projects/KBM_classifier_IFS_data/pscratch_sd_d_drhatch_pscans3_scanfiles0099/scanfiles0099,1,1,0,0,0.98,0.033047892,-1,-1,ETG
/pscratch/sd/j/joeschm/MGKDB_projects/KBM_classifier_IFS_data/pscratch_sd_d_drhatch_pscans3_scanfiles0099/scanfiles0099,1,1,0,0,0.98,0.066095784,-1,-1,
/pscratch/sd/j/joeschm/MGKDB_projects/KBM_classifier_IFS_data/pscratch_sd_d_drhatch_pscans3_scanfiles0099/scanfiles0099,1,1,0,0,0.98,0.13219157,-0.074875778,-0.016076945,
/pscratch/sd/j/joeschm/MGKDB_projects/KBM_classifier_IFS_data/pscratch_sd_d_drhatch_pscans3_scanfiles0099/scanfiles0099,1,1,0,0,0.98,0.19828734,0.052,-0.522,
/pscratch/sd/j/joeschm/MGKDB_projects/KBM_classifier_IFS_data/pscratch_sd_d_drhatch_pscans3_scanfiles0099/scanfiles0099,1,1,0,0,0.98,0.26438314,0.059,-0.097,
/pscratch/sd/j/joeschm/MGKDB_projects/KBM_classifier_IFS_data/pscratch_sd_d_drhatch_pscans3_scanfiles0099/scanfiles0099,1,1,0,0,0.98,0.33047891,0.236,-3.612,ITG_TEM
/pscratch/sd/j/joeschm/MGKDB_projects/KBM_classifier_IFS_data/pscratch_sd_d_drhatch_pscans3_scanfiles0099/scanfiles0099,1,1,0,0,0.98,0.46267045,0.075,-3.853,ETG
/pscratch/sd/j/joeschm/MGKDB_projects/KBM_classifier_IFS_data/pscratch_sd_d_drhatch_pscans3_scanfiles0099/scanfiles0099,1,1,0,0,0.98,0.66095781,0.779,-4.797,ETG
/pscratch/sd/j/joeschm/MGKDB_projects/KBM_classifier_IFS_data/pscratch_sd_d_drhatch_pscans3_scanfiles0100/scanfiles0100,1,0.92709959,0,0,0.945,0.039788447,-1,-1,MTM
/pscratch/sd/j/joeschm/MGKDB_projects/KBM_classifier_IFS_data/pscratch_sd_d_drhatch_pscans3_scanfiles0100/scanfiles0100,1,0.92709959,0,0,0.945,0.079576895,-1,-1,MTM
/pscratch/sd/j/joeschm/MGKDB_projects/KBM_classifier_IFS_data/pscratch_sd_d_drhatch_pscans3_scanfiles0100/scanfiles0100,1,0.92709959,0,0,0.945,0.15915379,-0.019620946,-0.33409428,
/pscratch/sd/j/joeschm/MGKDB_projects/KBM_classifier_IFS_data/pscratch_sd_d_drhatch_pscans3_scanfiles0100/scanfiles0100,1,0.92709959,0,0,0.945,0.2387307,0.04271804,-0.51682302,ITG_TEM
/pscratch/sd/j/joeschm/MGKDB_projects/KBM_classifier_IFS_data/pscratch_sd_d_drhatch_pscans3_scanfiles0100/scanfiles0100,1,0.92709959,0,0,0.945,0.31830758,0.177,-0.665,ITG_TEM
/pscratch/sd/j/joeschm/MGKDB_projects/KBM_classifier_IFS_data/pscratch_sd_d_drhatch_pscans3_scanfiles0100/scanfiles0100,1,0.92709959,0,0,0.945,0.39788446,0.314,-0.727,ITG_TEM
/pscratch/sd/j/joeschm/MGKDB_projects/KBM_classifier_IFS_data/pscratch_sd_d_drhatch_pscans3_scanfiles0100/scanfiles0100,1,0.92709959,0,0,0.945,0.55703819,0.512,-0.752,ITG_TEM
/pscratch/sd/j/joeschm/MGKDB_projects/KBM_classifier_IFS_data/pscratch_sd_d_drhatch_pscans3_scanfiles0100/scanfiles0100,1,0.92709959,0,0,0.945,0.79576892,0.691,-0.714,ITG_TEM
/pscratch/sd/j/joeschm/MGKDB_projects/KBM_classifier_IFS_data/pscratch_sd_d_drhatch_pscans3_scanfiles0101/scanfiles0101,1,1,0,0,0.985,0.029719623,-1,-1,
/pscratch/sd/j/joeschm/MGKDB_projects/KBM_classifier_IFS_data/pscratch_sd_d_drhatch_pscans3_scanfiles0101/scanfiles0101,1,1,0,0,0.985,0.059439246,-1,-1,
/pscratch/sd/j/joeschm/MGKDB_projects/KBM_classifier_IFS_data/pscratch_sd_d_drhatch_pscans3_scanfiles0101/scanfiles0101,1,1,0,0,0.985,0.11887849,0.256,-6.188,MTM
/pscratch/sd/j/joeschm/MGKDB_projects/KBM_classifier_IFS_data/pscratch_sd_d_drhatch_pscans3_scanfiles0101/scanfiles0101,1,1,0,0,0.985,0.17831773,0.724,-10.379,MTM
/pscratch/sd/j/joeschm/MGKDB_projects/KBM_classifier_IFS_data/pscratch_sd_d_drhatch_pscans3_scanfiles0101/scanfiles0101,1,1,0,0,0.985,0.23775698,-1,-1,ETG
/pscratch/sd/j/joeschm/MGKDB_projects/KBM_classifier_IFS_data/pscratch_sd_d_drhatch_pscans3_scanfiles0101/scanfiles0101,1,1,0,0,0.985,0.29719621,-1,-1,ETG
/pscratch/sd/j/joeschm/MGKDB_projects/KBM_classifier_IFS_data/pscratch_sd_d_drhatch_pscans3_scanfiles0101/scanfiles0101,1,1,0,0,0.985,0.41607469,0.414,-5.202,ETG
/pscratch/sd/j/joeschm/MGKDB_projects/KBM_classifier_IFS_data/pscratch_sd_d_drhatch_pscans3_scanfiles0101/scanfiles0101,1,1,0,0,0.985,0.59439242,1.086,-6.707,ETG
/pscratch/sd/j/joeschm/MGKDB_projects/KBM_classifier_IFS_data/pscratch_sd_d_drhatch_pscans3_scanfiles0102/scanfiles0102,1,0.95957621,0,0,0.95,0.039639376,-0.020188841,-0.091081633,ITG_TEM
/pscratch/sd/j/joeschm/MGKDB_projects/KBM_classifier_IFS_data/pscratch_sd_d_drhatch_pscans3_scanfiles0102/scanfiles0102,1,0.95957621,0,0,0.95,0.079278752,-0.017524948,-0.21719468,ITG_TEM
/pscratch/sd/j/joeschm/MGKDB_projects/KBM_classifier_IFS_data/pscratch_sd_d_drhatch_pscans3_scanfiles0102/scanfiles0102,1,0.95957621,0,0,0.95,0.1585575,0.020160806,-0.45789428,ITG_TEM
/pscratch/sd/j/joeschm/MGKDB_projects/KBM_classifier_IFS_data/pscratch_sd_d_drhatch_pscans3_scanfiles0102/scanfiles0102,1,0.95957621,0,0,0.95,0.23783627,0.109,-0.683,ITG_TEM
/pscratch/sd/j/joeschm/MGKDB_projects/KBM_classifier_IFS_data/pscratch_sd_d_drhatch_pscans3_scanfiles0102/scanfiles0102,1,0.95957621,0,0,0.95,0.31711501,0.257,-0.834,ITG_TEM
/pscratch/sd/j/joeschm/MGKDB_projects/KBM_classifier_IFS_data/pscratch_sd_d_drhatch_pscans3_scanfiles0102/scanfiles0102,1,0.95957621,0,0,0.95,0.39639378,0.4,-0.901,ITG_TEM
/pscratch/sd/j/joeschm/MGKDB_projects/KBM_classifier_IFS_data/pscratch_sd_d_drhatch_pscans3_scanfiles0102/scanfiles0102,1,0.95957621,0,0,0.95,0.55495125,0.616,-0.93,ITG_TEM
/pscratch/sd/j/joeschm/MGKDB_projects/KBM_classifier_IFS_data/pscratch_sd_d_drhatch_pscans3_scanfiles0102/scanfiles0102,1,0.95957621,0,0,0.95,0.79278755,0.831,-0.883,ITG_TEM
/pscratch/sd/j/joeschm/MGKDB_projects/KBM_classifier_IFS_data/pscratch_sd_d_drhatch_pscans3_scanfiles0103/scanfiles0103,0.90643181,1.0856459,0,0,0.97,0.036159024,-1,-1,
/pscratch/sd/j/joeschm/MGKDB_projects/KBM_classifier_IFS_data/pscratch_sd_d_drhatch_pscans3_scanfiles0103/scanfiles0103,0.90643181,1.0856459,0,0,0.97,0.072318047,-0.027341378,-0.070891563,
/pscratch/sd/j/joeschm/MGKDB_projects/KBM_classifier_IFS_data/pscratch_sd_d_drhatch_pscans3_scanfiles0103/scanfiles0103,0.90643181,1.0856459,0,0,0.97,0.14463609,0.429,-8.342,MTM
/pscratch/sd/j/joeschm/MGKDB_projects/KBM_classifier_IFS_data/pscratch_sd_d_drhatch_pscans3_scanfiles0103/scanfiles0103,0.90643181,1.0856459,0,0,0.97,0.21695413,0.522,-11.407,MTM
/pscratch/sd/j/joeschm/MGKDB_projects/KBM_classifier_IFS_data/pscratch_sd_d_drhatch_pscans3_scanfiles0103/scanfiles0103,0.90643181,1.0856459,0,0,0.97,0.28927219,0.451,-14.327,MTM
/pscratch/sd/j/joeschm/MGKDB_projects/KBM_classifier_IFS_data/pscratch_sd_d_drhatch_pscans3_scanfiles0103/scanfiles0103,0.90643181,1.0856459,0,0,0.97,0.36159021,0.301,-16.722,MTM
/pscratch/sd/j/joeschm/MGKDB_projects/KBM_classifier_IFS_data/pscratch_sd_d_drhatch_pscans3_scanfiles0103/scanfiles0103,0.90643181,1.0856459,0,0,0.97,0.5062263,-0.021278649,-0.15528613,
/pscratch/sd/j/joeschm/MGKDB_projects/KBM_classifier_IFS_data/pscratch_sd_d_drhatch_pscans3_scanfiles0103/scanfiles0103,0.90643181,1.0856459,0,0,0.97,0.72318041,-1,-1,
/pscratch/sd/j/joeschm/MGKDB_projects/KBM_classifier_IFS_data/pscratch_sd_d_drhatch_pscans3_scanfiles0104/scanfiles0104,1,0.9124957,0,0,0.99,0.026532473,-0.05876296,0.014545004,
/pscratch/sd/j/joeschm/MGKDB_projects/KBM_classifier_IFS_data/pscratch_sd_d_drhatch_pscans3_scanfiles0104/scanfiles0104,1,0.9124957,0,0,0.99,0.053064946,-0.054560637,-0.012359231,
/pscratch/sd/j/joeschm/MGKDB_projects/KBM_classifier_IFS_data/pscratch_sd_d_drhatch_pscans3_scanfiles0104/scanfiles0104,1,0.9124957,0,0,0.99,0.10612989,1.193,-7.15,MTM
/pscratch/sd/j/joeschm/MGKDB_projects/KBM_classifier_IFS_data/pscratch_sd_d_drhatch_pscans3_scanfiles0104/scanfiles0104,1,0.9124957,0,0,0.99,0.15919483,0.929,-10.095,MTM
/pscratch/sd/j/joeschm/MGKDB_projects/KBM_classifier_IFS_data/pscratch_sd_d_drhatch_pscans3_scanfiles0104/scanfiles0104,1,0.9124957,0,0,0.99,0.21225978,0.79,-9.915,ITG_TEM
/pscratch/sd/j/joeschm/MGKDB_projects/KBM_classifier_IFS_data/pscratch_sd_d_drhatch_pscans3_scanfiles0104/scanfiles0104,1,0.9124957,0,0,0.99,0.26532471,0.923,-9.408,ITG_TEM
/pscratch/sd/j/joeschm/MGKDB_projects/KBM_classifier_IFS_data/pscratch_sd_d_drhatch_pscans3_scanfiles0104/scanfiles0104,1,0.9124957,0,0,0.99,0.3714546,1.354,-3.81,ETG
/pscratch/sd/j/joeschm/MGKDB_projects/KBM_classifier_IFS_data/pscratch_sd_d_drhatch_pscans3_scanfiles0104/scanfiles0104,1,0.9124957,0,0,0.99,0.53064942,2.38,-4.331,ETG
/pscratch/sd/j/joeschm/MGKDB_projects/KBM_classifier_IFS_data/pscratch_sd_d_drhatch_pscans3_scanfiles0105/scanfiles0105,1,0.918828,0,0,0.955,0.039282195,-0.010727133,-0.12328788,ITG_TEM
/pscratch/sd/j/joeschm/MGKDB_projects/KBM_classifier_IFS_data/pscratch_sd_d_drhatch_pscans3_scanfiles0105/scanfiles0105,1,0.918828,0,0,0.955,0.078564391,-0.0094980267,-0.26143166,ITG_TEM
/pscratch/sd/j/joeschm/MGKDB_projects/KBM_classifier_IFS_data/pscratch_sd_d_drhatch_pscans3_scanfiles0105/scanfiles0105,1,0.918828,0,0,0.955,0.15712878,0.030696288,-0.51744754,ITG_TEM
/pscratch/sd/j/joeschm/MGKDB_projects/KBM_classifier_IFS_data/pscratch_sd_d_drhatch_pscans3_scanfiles0105/scanfiles0105,1,0.918828,0,0,0.955,0.23569317,0.127,-0.731,ITG_TEM
/pscratch/sd/j/joeschm/MGKDB_projects/KBM_classifier_IFS_data/pscratch_sd_d_drhatch_pscans3_scanfiles0105/scanfiles0105,1,0.918828,0,0,0.955,0.31425756,0.264,-0.863,ITG_TEM
/pscratch/sd/j/joeschm/MGKDB_projects/KBM_classifier_IFS_data/pscratch_sd_d_drhatch_pscans3_scanfiles0105/scanfiles0105,1,0.918828,0,0,0.955,0.39282197,0.396,-0.924,ITG_TEM
/pscratch/sd/j/joeschm/MGKDB_projects/KBM_classifier_IFS_data/pscratch_sd_d_drhatch_pscans3_scanfiles0105/scanfiles0105,1,0.918828,0,0,0.955,0.54995072,0.608,-0.94,ITG_TEM
/pscratch/sd/j/joeschm/MGKDB_projects/KBM_classifier_IFS_data/pscratch_sd_d_drhatch_pscans3_scanfiles0105/scanfiles0105,1,0.918828,0,0,0.955,0.78564394,0.83,-0.847,ITG_TEM
/pscratch/sd/j/joeschm/MGKDB_projects/KBM_classifier_IFS_data/pscratch_sd_d_drhatch_pscans3_scanfiles0106/scanfiles0106,1,1,0,0,0.99,0.026701426,-1,-1,
/pscratch/sd/j/joeschm/MGKDB_projects/KBM_classifier_IFS_data/pscratch_sd_d_drhatch_pscans3_scanfiles0106/scanfiles0106,1,1,0,0,0.99,0.053402852,-1,-1,
/pscratch/sd/j/joeschm/MGKDB_projects/KBM_classifier_IFS_data/pscratch_sd_d_drhatch_pscans3_scanfiles0106/scanfiles0106,1,1,0,0,0.99,0.1068057,1.106,-6.679,MTM
/pscratch/sd/j/joeschm/MGKDB_projects/KBM_classifier_IFS_data/pscratch_sd_d_drhatch_pscans3_scanfiles0106/scanfiles0106,1,1,0,0,0.99,0.16020857,0.742,-9.822,MTM
/pscratch/sd/j/joeschm/MGKDB_projects/KBM_classifier_IFS_data/pscratch_sd_d_drhatch_pscans3_scanfiles0106/scanfiles0106,1,1,0,0,0.99,0.21361141,0.397,-9.711,ITG_TEM
/pscratch/sd/j/joeschm/MGKDB_projects/KBM_classifier_IFS_data/pscratch_sd_d_drhatch_pscans3_scanfiles0106/scanfiles0106,1,1,0,0,0.99,0.26701427,0.355,-9.187,ITG_TEM
/pscratch/sd/j/joeschm/MGKDB_projects/KBM_classifier_IFS_data/pscratch_sd_d_drhatch_pscans3_scanfiles0106/scanfiles0106,1,1,0,0,0.99,0.37382001,0.474,-7.783,ETG
/pscratch/sd/j/joeschm/MGKDB_projects/KBM_classifier_IFS_data/pscratch_sd_d_drhatch_pscans3_scanfiles0106/scanfiles0106,1,1,0,0,0.99,0.53402853,0.76808363,-3.6388802,ETG
/pscratch/sd/j/joeschm/MGKDB_projects/KBM_classifier_IFS_data/pscratch_sd_d_drhatch_pscans3_scanfiles0107/scanfiles0107,0.92334972,1.0579391,0,0,0.935,0.040166028,-1,-1,MTM
/pscratch/sd/j/joeschm/MGKDB_projects/KBM_classifier_IFS_data/pscratch_sd_d_drhatch_pscans3_scanfiles0107/scanfiles0107,0.92334972,1.0579391,0,0,0.935,0.080332056,-1,-1,ITG_TEM
/pscratch/sd/j/joeschm/MGKDB_projects/KBM_classifier_IFS_data/pscratch_sd_d_drhatch_pscans3_scanfiles0107/scanfiles0107,0.92334972,1.0579391,0,0,0.935,0.16066411,-1,-1,ITG_TEM
/pscratch/sd/j/joeschm/MGKDB_projects/KBM_classifier_IFS_data/pscratch_sd_d_drhatch_pscans3_scanfiles0107/scanfiles0107,0.92334972,1.0579391,0,0,0.935,0.24099617,-1,-1,ITG_TEM
/pscratch/sd/j/joeschm/MGKDB_projects/KBM_classifier_IFS_data/pscratch_sd_d_drhatch_pscans3_scanfiles0107/scanfiles0107,0.92334972,1.0579391,0,0,0.935,0.32132822,0.033576322,0.10588674,ITG_TEM
/pscratch/sd/j/joeschm/MGKDB_projects/KBM_classifier_IFS_data/pscratch_sd_d_drhatch_pscans3_scanfiles0107/scanfiles0107,0.92334972,1.0579391,0,0,0.935,0.40166026,0.056945585,0.13512128,ITG_TEM
/pscratch/sd/j/joeschm/MGKDB_projects/KBM_classifier_IFS_data/pscratch_sd_d_drhatch_pscans3_scanfiles0107/scanfiles0107,0.92334972,1.0579391,0,0,0.935,0.56232435,0.10815049,0.16964085,ITG_TEM
/pscratch/sd/j/joeschm/MGKDB_projects/KBM_classifier_IFS_data/pscratch_sd_d_drhatch_pscans3_scanfiles0107/scanfiles0107,0.92334972,1.0579391,0,0,0.935,0.80332053,0.14332439,0.24262078,ITG_TEM
/pscratch/sd/j/joeschm/MGKDB_projects/KBM_classifier_IFS_data/pscratch_sd_d_drhatch_pscans3_scanfiles0108/scanfiles0108,0.90563125,1.0863109,0,0,0.975,0.03384446,-1,-1,
/pscratch/sd/j/joeschm/MGKDB_projects/KBM_classifier_IFS_data/pscratch_sd_d_drhatch_pscans3_scanfiles0108/scanfiles0108,0.90563125,1.0863109,0,0,0.975,0.06768892,-0.036655884,-0.0083798086,
/pscratch/sd/j/joeschm/MGKDB_projects/KBM_classifier_IFS_data/pscratch_sd_d_drhatch_pscans3_scanfiles0108/scanfiles0108,0.90563125,1.0863109,0,0,0.975,0.13537784,0.174,-8.955,MTM
/pscratch/sd/j/joeschm/MGKDB_projects/KBM_classifier_IFS_data/pscratch_sd_d_drhatch_pscans3_scanfiles0108/scanfiles0108,0.90563125,1.0863109,0,0,0.975,0.20306675,0.242,-12.351,MTM
/pscratch/sd/j/joeschm/MGKDB_projects/KBM_classifier_IFS_data/pscratch_sd_d_drhatch_pscans3_scanfiles0108/scanfiles0108,0.90563125,1.0863109,0,0,0.975,0.27075568,0.073,-0.055,
/pscratch/sd/j/joeschm/MGKDB_projects/KBM_classifier_IFS_data/pscratch_sd_d_drhatch_pscans3_scanfiles0108/scanfiles0108,0.90563125,1.0863109,0,0,0.975,0.33844459,-1,-1,
/pscratch/sd/j/joeschm/MGKDB_projects/KBM_classifier_IFS_data/pscratch_sd_d_drhatch_pscans3_scanfiles0108/scanfiles0108,0.90563125,1.0863109,0,0,0.975,0.47382241,-1,-1,
/pscratch/sd/j/joeschm/MGKDB_projects/KBM_classifier_IFS_data/pscratch_sd_d_drhatch_pscans3_scanfiles0108/scanfiles0108,0.90563125,1.0863109,0,0,0.975,0.67688918,-1,-1,
/pscratch/sd/j/joeschm/MGKDB_projects/KBM_classifier_IFS_data/pscratch_sd_d_drhatch_pscans3_scanfiles0109/scanfiles0109,1.195225,1,0,0,0.955,0.049417183,-1,-1,MTM
/pscratch/sd/j/joeschm/MGKDB_projects/KBM_classifier_IFS_data/pscratch_sd_d_drhatch_pscans3_scanfiles0109/scanfiles0109,1.195225,1,0,0,0.955,0.098834366,-0.0041740034,-0.19099958,ITG_TEM
/pscratch/sd/j/joeschm/MGKDB_projects/KBM_classifier_IFS_data/pscratch_sd_d_drhatch_pscans3_scanfiles0109/scanfiles0109,1.195225,1,0,0,0.955,0.19766873,0.025241021,-0.34575026,ITG_TEM
/pscratch/sd/j/joeschm/MGKDB_projects/KBM_classifier_IFS_data/pscratch_sd_d_drhatch_pscans3_scanfiles0109/scanfiles0109,1.195225,1,0,0,0.955,0.29650313,0.084994842,-0.45630905,ITG_TEM
/pscratch/sd/j/joeschm/MGKDB_projects/KBM_classifier_IFS_data/pscratch_sd_d_drhatch_pscans3_scanfiles0109/scanfiles0109,1.195225,1,0,0,0.955,0.39533746,0.16,-0.529,ITG_TEM
/pscratch/sd/j/joeschm/MGKDB_projects/KBM_classifier_IFS_data/pscratch_sd_d_drhatch_pscans3_scanfiles0109/scanfiles0109,1.195225,1,0,0,0.955,0.49417186,0.242,-0.573,ITG_TEM
/pscratch/sd/j/joeschm/MGKDB_projects/KBM_classifier_IFS_data/pscratch_sd_d_drhatch_pscans3_scanfiles0109/scanfiles0109,1.195225,1,0,0,0.955,0.69184053,0.405,-0.587,ITG_TEM
/pscratch/sd/j/joeschm/MGKDB_projects/KBM_classifier_IFS_data/pscratch_sd_d_drhatch_pscans3_scanfiles0109/scanfiles0109,1.195225,1,0,0,0.955,0.98834372,0.585,-0.499,ITG_TEM
/pscratch/sd/j/joeschm/MGKDB_projects/KBM_classifier_IFS_data/pscratch_sd_d_drhatch_pscans3_scanfiles0110/scanfiles0110,1,0.9167641,0,0,0.96,0.038594186,-0.016411039,-0.14206863,ITG_TEM
/pscratch/sd/j/joeschm/MGKDB_projects/KBM_classifier_IFS_data/pscratch_sd_d_drhatch_pscans3_scanfiles0110/scanfiles0110,1,0.9167641,0,0,0.96,0.077188373,-0.01253527,-0.23899202,ITG_TEM
/pscratch/sd/j/joeschm/MGKDB_projects/KBM_classifier_IFS_data/pscratch_sd_d_drhatch_pscans3_scanfiles0110/scanfiles0110,1,0.9167641,0,0,0.96,0.15437675,0.014722264,-0.45250959,ITG_TEM
/pscratch/sd/j/joeschm/MGKDB_projects/KBM_classifier_IFS_data/pscratch_sd_d_drhatch_pscans3_scanfiles0110/scanfiles0110,1,0.9167641,0,0,0.96,0.2315651,0.092,-0.617,ITG_TEM
/pscratch/sd/j/joeschm/MGKDB_projects/KBM_classifier_IFS_data/pscratch_sd_d_drhatch_pscans3_scanfiles0110/scanfiles0110,1,0.9167641,0,0,0.96,0.30875349,0.198,-0.715,ITG_TEM
/pscratch/sd/j/joeschm/MGKDB_projects/KBM_classifier_IFS_data/pscratch_sd_d_drhatch_pscans3_scanfiles0110/scanfiles0110,1,0.9167641,0,0,0.96,0.38594186,0.31,-0.752,ITG_TEM
/pscratch/sd/j/joeschm/MGKDB_projects/KBM_classifier_IFS_data/pscratch_sd_d_drhatch_pscans3_scanfiles0110/scanfiles0110,1,0.9167641,0,0,0.96,0.54031861,0.479,-0.71,ITG_TEM
/pscratch/sd/j/joeschm/MGKDB_projects/KBM_classifier_IFS_data/pscratch_sd_d_drhatch_pscans3_scanfiles0110/scanfiles0110,1,0.9167641,0,0,0.96,0.77188373,0.604,-0.544,ITG_TEM
/pscratch/sd/j/joeschm/MGKDB_projects/KBM_classifier_IFS_data/pscratch_sd_d_drhatch_pscans3_scanfiles0111/scanfiles0111,1,1.1029954,0,0,0.94,0.040252596,-1,-1,MTM
/pscratch/sd/j/joeschm/MGKDB_projects/KBM_classifier_IFS_data/pscratch_sd_d_drhatch_pscans3_scanfiles0111/scanfiles0111,1,1.1029954,0,0,0.94,0.080505192,-1,-1,ITG_TEM
/pscratch/sd/j/joeschm/MGKDB_projects/KBM_classifier_IFS_data/pscratch_sd_d_drhatch_pscans3_scanfiles0111/scanfiles0111,1,1.1029954,0,0,0.94,0.16101038,-1,-1,ITG_TEM
/pscratch/sd/j/joeschm/MGKDB_projects/KBM_classifier_IFS_data/pscratch_sd_d_drhatch_pscans3_scanfiles0111/scanfiles0111,1,1.1029954,0,0,0.94,0.24151558,-1,-1,ITG_TEM
/pscratch/sd/j/joeschm/MGKDB_projects/KBM_classifier_IFS_data/pscratch_sd_d_drhatch_pscans3_scanfiles0111/scanfiles0111,1,1.1029954,0,0,0.94,0.32202077,0.037103039,-0.45166741,ITG_TEM
/pscratch/sd/j/joeschm/MGKDB_projects/KBM_classifier_IFS_data/pscratch_sd_d_drhatch_pscans3_scanfiles0111/scanfiles0111,1,1.1029954,0,0,0.94,0.40252599,0.13570722,-0.49678203,ITG_TEM
/pscratch/sd/j/joeschm/MGKDB_projects/KBM_classifier_IFS_data/pscratch_sd_d_drhatch_pscans3_scanfiles0111/scanfiles0111,1,1.1029954,0,0,0.94,0.56353635,0.269,-0.498,ITG_TEM
/pscratch/sd/j/joeschm/MGKDB_projects/KBM_classifier_IFS_data/pscratch_sd_d_drhatch_pscans3_scanfiles0111/scanfiles0111,1,1.1029954,0,0,0.94,0.80505198,0.353,-0.446,ITG_TEM
/pscratch/sd/j/joeschm/MGKDB_projects/KBM_classifier_IFS_data/pscratch_sd_d_drhatch_pscans3_scanfiles0112/scanfiles0112,1.0943612,1,0,0,0.975,0.039758027,0.136,-3.214,MTM
/pscratch/sd/j/joeschm/MGKDB_projects/KBM_classifier_IFS_data/pscratch_sd_d_drhatch_pscans3_scanfiles0112/scanfiles0112,1.0943612,1,0,0,0.975,0.079516053,-0.055791195,-0.018604735,ETG
/pscratch/sd/j/joeschm/MGKDB_projects/KBM_classifier_IFS_data/pscratch_sd_d_drhatch_pscans3_scanfiles0112/scanfiles0112,1.0943612,1,0,0,0.975,0.15903211,0.33,-10.362,MTM
/pscratch/sd/j/joeschm/MGKDB_projects/KBM_classifier_IFS_data/pscratch_sd_d_drhatch_pscans3_scanfiles0112/scanfiles0112,1.0943612,1,0,0,0.975,0.23854816,0.48865698,-1.2453791,
/pscratch/sd/j/joeschm/MGKDB_projects/KBM_classifier_IFS_data/pscratch_sd_d_drhatch_pscans3_scanfiles0112/scanfiles0112,1.0943612,1,0,0,0.975,0.31806421,0.619,-0.831,
/pscratch/sd/j/joeschm/MGKDB_projects/KBM_classifier_IFS_data/pscratch_sd_d_drhatch_pscans3_scanfiles0112/scanfiles0112,1.0943612,1,0,0,0.975,0.3975803,0.61103564,-3.5598259,ITG_TEM
/pscratch/sd/j/joeschm/MGKDB_projects/KBM_classifier_IFS_data/pscratch_sd_d_drhatch_pscans3_scanfiles0112/scanfiles0112,1.0943612,1,0,0,0.975,0.55661237,0.817,-3.4,ITG_TEM
/pscratch/sd/j/joeschm/MGKDB_projects/KBM_classifier_IFS_data/pscratch_sd_d_drhatch_pscans3_scanfiles0112/scanfiles0112,1.0943612,1,0,0,0.975,0.79516059,0.924,-3.868,ETG
/pscratch/sd/j/joeschm/MGKDB_projects/KBM_classifier_IFS_data/pscratch_sd_d_drhatch_pscans3_scanfiles0113/scanfiles0113,0.9050173,1.086773,0,0,0.98,0.031158855,-0.036144402,-0.046362998,
/pscratch/sd/j/joeschm/MGKDB_projects/KBM_classifier_IFS_data/pscratch_sd_d_drhatch_pscans3_scanfiles0113/scanfiles0113,0.9050173,1.086773,0,0,0.98,0.06231771,-1,-1,
/pscratch/sd/j/joeschm/MGKDB_projects/KBM_classifier_IFS_data/pscratch_sd_d_drhatch_pscans3_scanfiles0113/scanfiles0113,0.9050173,1.086773,0,0,0.98,0.12463542,-0.041776109,-0.17393569,
/pscratch/sd/j/joeschm/MGKDB_projects/KBM_classifier_IFS_data/pscratch_sd_d_drhatch_pscans3_scanfiles0113/scanfiles0113,0.9050173,1.086773,0,0,0.98,0.18695314,0.0083457645,0.034317299,
/pscratch/sd/j/joeschm/MGKDB_projects/KBM_classifier_IFS_data/pscratch_sd_d_drhatch_pscans3_scanfiles0113/scanfiles0113,0.9050173,1.086773,0,0,0.98,0.24927084,-1,-1,
/pscratch/sd/j/joeschm/MGKDB_projects/KBM_classifier_IFS_data/pscratch_sd_d_drhatch_pscans3_scanfiles0113/scanfiles0113,0.9050173,1.086773,0,0,0.98,0.31158856,-0.063104741,-0.029342337,
/pscratch/sd/j/joeschm/MGKDB_projects/KBM_classifier_IFS_data/pscratch_sd_d_drhatch_pscans3_scanfiles0113/scanfiles0113,0.9050173,1.086773,0,0,0.98,0.43622398,-1,-1,
/pscratch/sd/j/joeschm/MGKDB_projects/KBM_classifier_IFS_data/pscratch_sd_d_drhatch_pscans3_scanfiles0113/scanfiles0113,0.9050173,1.086773,0,0,0.98,0.62317711,-0.024250078,-2.2828924,
/pscratch/sd/j/joeschm/MGKDB_projects/KBM_classifier_IFS_data/pscratch_sd_d_drhatch_pscans3_scanfiles0114/scanfiles0114,1.0766433,1.0579391,0,0,0.935,0.050181005,-1,-1,MTM
/pscratch/sd/j/joeschm/MGKDB_projects/KBM_classifier_IFS_data/pscratch_sd_d_drhatch_pscans3_scanfiles0114/scanfiles0114,1.0766433,1.0579391,0,0,0.935,0.10036201,-1,-1,MTM
/pscratch/sd/j/joeschm/MGKDB_projects/KBM_classifier_IFS_data/pscratch_sd_d_drhatch_pscans3_scanfiles0114/scanfiles0114,1.0766433,1.0579391,0,0,0.935,0.20072402,-1,-1,ITG_TEM
/pscratch/sd/j/joeschm/MGKDB_projects/KBM_classifier_IFS_data/pscratch_sd_d_drhatch_pscans3_scanfiles0114/scanfiles0114,1.0766433,1.0579391,0,0,0.935,0.30108601,-1,-1,ITG_TEM
/pscratch/sd/j/joeschm/MGKDB_projects/KBM_classifier_IFS_data/pscratch_sd_d_drhatch_pscans3_scanfiles0114/scanfiles0114,1.0766433,1.0579391,0,0,0.935,0.40144804,0.12205043,0.13091092,ITG_TEM
/pscratch/sd/j/joeschm/MGKDB_projects/KBM_classifier_IFS_data/pscratch_sd_d_drhatch_pscans3_scanfiles0114/scanfiles0114,1.0766433,1.0579391,0,0,0.935,0.50181001,0.19501092,0.14181153,ITG_TEM
/pscratch/sd/j/joeschm/MGKDB_projects/KBM_classifier_IFS_data/pscratch_sd_d_drhatch_pscans3_scanfiles0114/scanfiles0114,1.0766433,1.0579391,0,0,0.935,0.70253402,0.29036221,0.21820689,ITG_TEM
/pscratch/sd/j/joeschm/MGKDB_projects/KBM_classifier_IFS_data/pscratch_sd_d_drhatch_pscans3_scanfiles0114/scanfiles0114,1.0766433,1.0579391,0,0,0.935,1.00362,0.318,0.361,ITG_TEM
/pscratch/sd/j/joeschm/MGKDB_projects/KBM_classifier_IFS_data/pscratch_sd_d_drhatch_pscans3_scanfiles0115/scanfiles0115,1,0.91535713,0,0,0.965,0.037425544,-1,-1,ETG
/pscratch/sd/j/joeschm/MGKDB_projects/KBM_classifier_IFS_data/pscratch_sd_d_drhatch_pscans3_scanfiles0115/scanfiles0115,1,0.91535713,0,0,0.965,0.074851088,-1,-1,
/pscratch/sd/j/joeschm/MGKDB_projects/KBM_classifier_IFS_data/pscratch_sd_d_drhatch_pscans3_scanfiles0115/scanfiles0115,1,0.91535713,0,0,0.965,0.14970218,-1,-1,
/pscratch/sd/j/joeschm/MGKDB_projects/KBM_classifier_IFS_data/pscratch_sd_d_drhatch_pscans3_scanfiles0115/scanfiles0115,1,0.91535713,0,0,0.965,0.22455326,0.022412885,-0.38032794,
/pscratch/sd/j/joeschm/MGKDB_projects/KBM_classifier_IFS_data/pscratch_sd_d_drhatch_pscans3_scanfiles0115/scanfiles0115,1,0.91535713,0,0,0.965,0.29940435,0.079150996,-0.44572391,ITG_TEM
/pscratch/sd/j/joeschm/MGKDB_projects/KBM_classifier_IFS_data/pscratch_sd_d_drhatch_pscans3_scanfiles0115/scanfiles0115,1,0.91535713,0,0,0.965,0.37425545,0.146,-0.469,ITG_TEM
/pscratch/sd/j/joeschm/MGKDB_projects/KBM_classifier_IFS_data/pscratch_sd_d_drhatch_pscans3_scanfiles0115/scanfiles0115,1,0.91535713,0,0,0.965,0.52395761,0.236,-0.417,ITG_TEM
/pscratch/sd/j/joeschm/MGKDB_projects/KBM_classifier_IFS_data/pscratch_sd_d_drhatch_pscans3_scanfiles0115/scanfiles0115,1,0.91535713,0,0,0.965,0.7485109,0.20206453,-0.30199681,ITG_TEM
/pscratch/sd/j/joeschm/MGKDB_projects/KBM_classifier_IFS_data/pscratch_sd_d_drhatch_pscans3_scanfiles0116/scanfiles0116,0.92334972,0.9418366,0,0,0.935,0.039755009,-1,-1,MTM
/pscratch/sd/j/joeschm/MGKDB_projects/KBM_classifier_IFS_data/pscratch_sd_d_drhatch_pscans3_scanfiles0116/scanfiles0116,0.92334972,0.9418366,0,0,0.935,0.079510018,-1,-1,ITG_TEM
/pscratch/sd/j/joeschm/MGKDB_projects/KBM_classifier_IFS_data/pscratch_sd_d_drhatch_pscans3_scanfiles0116/scanfiles0116,0.92334972,0.9418366,0,0,0.935,0.15902004,0.017235021,0.057115273,ITG_TEM
/pscratch/sd/j/joeschm/MGKDB_projects/KBM_classifier_IFS_data/pscratch_sd_d_drhatch_pscans3_scanfiles0116/scanfiles0116,0.92334972,0.9418366,0,0,0.935,0.23853005,0.036217894,0.080193499,ITG_TEM
/pscratch/sd/j/joeschm/MGKDB_projects/KBM_classifier_IFS_data/pscratch_sd_d_drhatch_pscans3_scanfiles0116/scanfiles0116,0.92334972,0.9418366,0,0,0.935,0.31804007,0.06573005,0.10297777,ITG_TEM
/pscratch/sd/j/joeschm/MGKDB_projects/KBM_classifier_IFS_data/pscratch_sd_d_drhatch_pscans3_scanfiles0116/scanfiles0116,0.92334972,0.9418366,0,0,0.935,0.39755008,0.1045233,0.11992524,ITG_TEM
/pscratch/sd/j/joeschm/MGKDB_projects/KBM_classifier_IFS_data/pscratch_sd_d_drhatch_pscans3_scanfiles0116/scanfiles0116,0.92334972,0.9418366,0,0,0.935,0.55657017,0.18014097,0.16308629,ITG_TEM
/pscratch/sd/j/joeschm/MGKDB_projects/KBM_classifier_IFS_data/pscratch_sd_d_drhatch_pscans3_scanfiles0116/scanfiles0116,0.92334972,0.9418366,0,0,0.935,0.79510015,0.233,0.269,ITG_TEM
/pscratch/sd/j/joeschm/MGKDB_projects/KBM_classifier_IFS_data/pscratch_sd_d_drhatch_pscans3_scanfiles0117/scanfiles0117,1,1,0,0,0.97,0.039174128,-1,-1,
/pscratch/sd/j/joeschm/MGKDB_projects/KBM_classifier_IFS_data/pscratch_sd_d_drhatch_pscans3_scanfiles0117/scanfiles0117,1,1,0,0,0.97,0.078348257,-0.032130571,-0.079692869,
/pscratch/sd/j/joeschm/MGKDB_projects/KBM_classifier_IFS_data/pscratch_sd_d_drhatch_pscans3_scanfiles0117/scanfiles0117,1,1,0,0,0.97,0.15669651,0.548,-8.624,MTM
/pscratch/sd/j/joeschm/MGKDB_projects/KBM_classifier_IFS_data/pscratch_sd_d_drhatch_pscans3_scanfiles0117/scanfiles0117,1,1,0,0,0.97,0.23504479,0.561,-11.976,MTM
/pscratch/sd/j/joeschm/MGKDB_projects/KBM_classifier_IFS_data/pscratch_sd_d_drhatch_pscans3_scanfiles0117/scanfiles0117,1,1,0,0,0.97,0.31339303,0.507,-15.109,MTM
/pscratch/sd/j/joeschm/MGKDB_projects/KBM_classifier_IFS_data/pscratch_sd_d_drhatch_pscans3_scanfiles0117/scanfiles0117,1,1,0,0,0.97,0.39174131,0.444,-17.573,MTM
/pscratch/sd/j/joeschm/MGKDB_projects/KBM_classifier_IFS_data/pscratch_sd_d_drhatch_pscans3_scanfiles0117/scanfiles0117,1,1,0,0,0.97,0.54843777,0.055010046,-0.48603559,
/pscratch/sd/j/joeschm/MGKDB_projects/KBM_classifier_IFS_data/pscratch_sd_d_drhatch_pscans3_scanfiles0117/scanfiles0117,1,1,0,0,0.97,0.78348261,-0.036339628,-0.19218023,
/pscratch/sd/j/joeschm/MGKDB_projects/KBM_classifier_IFS_data/pscratch_sd_d_drhatch_pscans3_scanfiles0118/scanfiles0118,0.90453915,1.0871773,0,0,0.985,0.028406022,-1,-1,
/pscratch/sd/j/joeschm/MGKDB_projects/KBM_classifier_IFS_data/pscratch_sd_d_drhatch_pscans3_scanfiles0118/scanfiles0118,0.90453915,1.0871773,0,0,0.985,0.056812044,-0.073921982,-0.075245461,
/pscratch/sd/j/joeschm/MGKDB_projects/KBM_classifier_IFS_data/pscratch_sd_d_drhatch_pscans3_scanfiles0118/scanfiles0118,0.90453915,1.0871773,0,0,0.985,0.11362409,0.241,-6.193,MTM
/pscratch/sd/j/joeschm/MGKDB_projects/KBM_classifier_IFS_data/pscratch_sd_d_drhatch_pscans3_scanfiles0118/scanfiles0118,0.90453915,1.0871773,0,0,0.985,0.17043613,0.215,-10.417,MTM
/pscratch/sd/j/joeschm/MGKDB_projects/KBM_classifier_IFS_data/pscratch_sd_d_drhatch_pscans3_scanfiles0118/scanfiles0118,0.90453915,1.0871773,0,0,0.985,0.22724818,-1,-1,ITG_TEM
/pscratch/sd/j/joeschm/MGKDB_projects/KBM_classifier_IFS_data/pscratch_sd_d_drhatch_pscans3_scanfiles0118/scanfiles0118,0.90453915,1.0871773,0,0,0.985,0.28406021,-1,-1,
/pscratch/sd/j/joeschm/MGKDB_projects/KBM_classifier_IFS_data/pscratch_sd_d_drhatch_pscans3_scanfiles0118/scanfiles0118,0.90453915,1.0871773,0,0,0.985,0.39768431,-1,-1,
/pscratch/sd/j/joeschm/MGKDB_projects/KBM_classifier_IFS_data/pscratch_sd_d_drhatch_pscans3_scanfiles0118/scanfiles0118,0.90453915,1.0871773,0,0,0.985,0.56812042,0.0070595576,-2.8030814,ITG_TEM
/pscratch/sd/j/joeschm/MGKDB_projects/KBM_classifier_IFS_data/pscratch_sd_d_drhatch_pscans3_scanfiles0119/scanfiles0119,1,1.1213513,0,0,0.95,0.040146347,-0.020172831,-0.090833384,ITG_TEM
/pscratch/sd/j/joeschm/MGKDB_projects/KBM_classifier_IFS_data/pscratch_sd_d_drhatch_pscans3_scanfiles0119/scanfiles0119,1,1.1213513,0,0,0.95,0.080292694,-0.019675189,-0.21872084,ITG_TEM
/pscratch/sd/j/joeschm/MGKDB_projects/KBM_classifier_IFS_data/pscratch_sd_d_drhatch_pscans3_scanfiles0119/scanfiles0119,1,1.1213513,0,0,0.95,0.16058539,0.015275635,-0.44167092,ITG_TEM
/pscratch/sd/j/joeschm/MGKDB_projects/KBM_classifier_IFS_data/pscratch_sd_d_drhatch_pscans3_scanfiles0119/scanfiles0119,1,1.1213513,0,0,0.95,0.24087808,0.091927105,-0.62033932,ITG_TEM
/pscratch/sd/j/joeschm/MGKDB_projects/KBM_classifier_IFS_data/pscratch_sd_d_drhatch_pscans3_scanfiles0119/scanfiles0119,1,1.1213513,0,0,0.95,0.32117078,0.196,-0.731,ITG_TEM
/pscratch/sd/j/joeschm/MGKDB_projects/KBM_classifier_IFS_data/pscratch_sd_d_drhatch_pscans3_scanfiles0119/scanfiles0119,1,1.1213513,0,0,0.95,0.40146345,0.298,-0.78,ITG_TEM
/pscratch/sd/j/joeschm/MGKDB_projects/KBM_classifier_IFS_data/pscratch_sd_d_drhatch_pscans3_scanfiles0119/scanfiles0119,1,1.1213513,0,0,0.95,0.56204885,0.454,-0.787,ITG_TEM
/pscratch/sd/j/joeschm/MGKDB_projects/KBM_classifier_IFS_data/pscratch_sd_d_drhatch_pscans3_scanfiles0119/scanfiles0119,1,1.1213513,0,0,0.95,0.8029269,0.604,-0.711,ITG_TEM
/pscratch/sd/j/joeschm/MGKDB_projects/KBM_classifier_IFS_data/pscratch_sd_d_drhatch_pscans3_scanfiles0120/scanfiles0120,1.0944194,0.95957621,0,0,0.95,0.043975435,-0.020452621,-0.093233612,ITG_TEM
/pscratch/sd/j/joeschm/MGKDB_projects/KBM_classifier_IFS_data/pscratch_sd_d_drhatch_pscans3_scanfiles0120/scanfiles0120,1.0944194,0.95957621,0,0,0.95,0.08795087,-0.0080272728,-0.20801451,ITG_TEM
/pscratch/sd/j/joeschm/MGKDB_projects/KBM_classifier_IFS_data/pscratch_sd_d_drhatch_pscans3_scanfiles0120/scanfiles0120,1.0944194,0.95957621,0,0,0.95,0.17590174,0.039865699,-0.42128001,ITG_TEM
/pscratch/sd/j/joeschm/MGKDB_projects/KBM_classifier_IFS_data/pscratch_sd_d_drhatch_pscans3_scanfiles0120/scanfiles0120,1.0944194,0.95957621,0,0,0.95,0.2638526,0.131,-0.604,ITG_TEM
/pscratch/sd/j/joeschm/MGKDB_projects/KBM_classifier_IFS_data/pscratch_sd_d_drhatch_pscans3_scanfiles0120/scanfiles0120,1.0944194,0.95957621,0,0,0.95,0.35180348,0.259,-0.725,ITG_TEM
/pscratch/sd/j/joeschm/MGKDB_projects/KBM_classifier_IFS_data/pscratch_sd_d_drhatch_pscans3_scanfiles0120/scanfiles0120,1.0944194,0.95957621,0,0,0.95,0.43975434,0.388,-0.784,ITG_TEM
/pscratch/sd/j/joeschm/MGKDB_projects/KBM_classifier_IFS_data/pscratch_sd_d_drhatch_pscans3_scanfiles0120/scanfiles0120,1.0944194,0.95957621,0,0,0.95,0.61565608,0.59,-0.811,ITG_TEM
/pscratch/sd/j/joeschm/MGKDB_projects/KBM_classifier_IFS_data/pscratch_sd_d_drhatch_pscans3_scanfiles0120/scanfiles0120,1.0944194,0.95957621,0,0,0.95,0.87950867,0.797,-0.765,ITG_TEM
/pscratch/sd/j/joeschm/MGKDB_projects/KBM_classifier_IFS_data/pscratch_sd_d_drhatch_pscans3_scanfiles0121/scanfiles0121,1,0.96584519,0,0,0.94,0.039806426,-1,-1,MTM
/pscratch/sd/j/joeschm/MGKDB_projects/KBM_classifier_IFS_data/pscratch_sd_d_drhatch_pscans3_scanfiles0121/scanfiles0121,1,0.96584519,0,0,0.94,0.079612851,-1,-1,ITG_TEM
/pscratch/sd/j/joeschm/MGKDB_projects/KBM_classifier_IFS_data/pscratch_sd_d_drhatch_pscans3_scanfiles0121/scanfiles0121,1,0.96584519,0,0,0.94,0.1592257,-1,-1,ITG_TEM
/pscratch/sd/j/joeschm/MGKDB_projects/KBM_classifier_IFS_data/pscratch_sd_d_drhatch_pscans3_scanfiles0121/scanfiles0121,1,0.96584519,0,0,0.94,0.23883852,-1,-1,ITG_TEM
/pscratch/sd/j/joeschm/MGKDB_projects/KBM_classifier_IFS_data/pscratch_sd_d_drhatch_pscans3_scanfiles0121/scanfiles0121,1,0.96584519,0,0,0.94,0.3184514,0.024771534,-0.46641487,ITG_TEM
/pscratch/sd/j/joeschm/MGKDB_projects/KBM_classifier_IFS_data/pscratch_sd_d_drhatch_pscans3_scanfiles0121/scanfiles0121,1,0.96584519,0,0,0.94,0.39806423,0.141,-0.517,ITG_TEM
/pscratch/sd/j/joeschm/MGKDB_projects/KBM_classifier_IFS_data/pscratch_sd_d_drhatch_pscans3_scanfiles0121/scanfiles0121,1,0.96584519,0,0,0.94,0.55728996,0.301,-0.528,ITG_TEM
/pscratch/sd/j/joeschm/MGKDB_projects/KBM_classifier_IFS_data/pscratch_sd_d_drhatch_pscans3_scanfiles0121/scanfiles0121,1,0.96584519,0,0,0.94,0.79612845,0.416,-0.488,ITG_TEM
/pscratch/sd/j/joeschm/MGKDB_projects/KBM_classifier_IFS_data/pscratch_sd_d_drhatch_pscans3_scanfiles0122/scanfiles0122,1,1,0,0,0.975,0.036309432,-1,-1,
/pscratch/sd/j/joeschm/MGKDB_projects/KBM_classifier_IFS_data/pscratch_sd_d_drhatch_pscans3_scanfiles0122/scanfiles0122,1,1,0,0,0.975,0.072618864,-0.035745677,-0.033646234,
/pscratch/sd/j/joeschm/MGKDB_projects/KBM_classifier_IFS_data/pscratch_sd_d_drhatch_pscans3_scanfiles0122/scanfiles0122,1,1,0,0,0.975,0.14523773,0.113,-9.453,MTM
/pscratch/sd/j/joeschm/MGKDB_projects/KBM_classifier_IFS_data/pscratch_sd_d_drhatch_pscans3_scanfiles0122/scanfiles0122,1,1,0,0,0.975,0.21785659,0.19247594,-12.8155,MTM
/pscratch/sd/j/joeschm/MGKDB_projects/KBM_classifier_IFS_data/pscratch_sd_d_drhatch_pscans3_scanfiles0122/scanfiles0122,1,1,0,0,0.975,0.29047546,0.289,-0.611,
/pscratch/sd/j/joeschm/MGKDB_projects/KBM_classifier_IFS_data/pscratch_sd_d_drhatch_pscans3_scanfiles0122/scanfiles0122,1,1,0,0,0.975,0.36309433,0.277,-0.307,
/pscratch/sd/j/joeschm/MGKDB_projects/KBM_classifier_IFS_data/pscratch_sd_d_drhatch_pscans3_scanfiles0122/scanfiles0122,1,1,0,0,0.975,0.50833201,0.034310962,0.088287098,
/pscratch/sd/j/joeschm/MGKDB_projects/KBM_classifier_IFS_data/pscratch_sd_d_drhatch_pscans3_scanfiles0122/scanfiles0122,1,1,0,0,0.975,0.72618866,0.416,-4.405,ETG
/pscratch/sd/j/joeschm/MGKDB_projects/KBM_classifier_IFS_data/pscratch_sd_d_drhatch_pscans3_scanfiles0124/scanfiles0124,0.90412988,1.0875043,0,0,0.99,0.025889954,-0.084642666,0.017092996,
/pscratch/sd/j/joeschm/MGKDB_projects/KBM_classifier_IFS_data/pscratch_sd_d_drhatch_pscans3_scanfiles0124/scanfiles0124,0.90412988,1.0875043,0,0,0.99,0.051779907,-0.075287482,0.072853313,
/pscratch/sd/j/joeschm/MGKDB_projects/KBM_classifier_IFS_data/pscratch_sd_d_drhatch_pscans3_scanfiles0124/scanfiles0124,0.90412988,1.0875043,0,0,0.99,0.10355981,0.932,-6.534,MTM
/pscratch/sd/j/joeschm/MGKDB_projects/KBM_classifier_IFS_data/pscratch_sd_d_drhatch_pscans3_scanfiles0124/scanfiles0124,0.90412988,1.0875043,0,0,0.99,0.15533972,0.166,-9.817,MTM
/pscratch/sd/j/joeschm/MGKDB_projects/KBM_classifier_IFS_data/pscratch_sd_d_drhatch_pscans3_scanfiles0124/scanfiles0124,0.90412988,1.0875043,0,0,0.99,0.20711963,0.060493617,-5.5264284,ITG_TEM
/pscratch/sd/j/joeschm/MGKDB_projects/KBM_classifier_IFS_data/pscratch_sd_d_drhatch_pscans3_scanfiles0124/scanfiles0124,0.90412988,1.0875043,0,0,0.99,0.25889954,-0.11986521,-0.12296197,
/pscratch/sd/j/joeschm/MGKDB_projects/KBM_classifier_IFS_data/pscratch_sd_d_drhatch_pscans3_scanfiles0124/scanfiles0124,0.90412988,1.0875043,0,0,0.99,0.36245936,-1,-1,
/pscratch/sd/j/joeschm/MGKDB_projects/KBM_classifier_IFS_data/pscratch_sd_d_drhatch_pscans3_scanfiles0124/scanfiles0124,0.90412988,1.0875043,0,0,0.99,0.51779908,-1,-1,
/pscratch/sd/j/joeschm/MGKDB_projects/KBM_classifier_IFS_data/pscratch_sd_d_drhatch_pscans3_scanfiles0125/scanfiles0125,1,1.0811017,0,0,0.955,0.039806146,-1,-1,MTM
/pscratch/sd/j/joeschm/MGKDB_projects/KBM_classifier_IFS_data/pscratch_sd_d_drhatch_pscans3_scanfiles0125/scanfiles0125,1,1.0811017,0,0,0.955,0.079612292,-0.026916779,-0.23477295,ITG_TEM
/pscratch/sd/j/joeschm/MGKDB_projects/KBM_classifier_IFS_data/pscratch_sd_d_drhatch_pscans3_scanfiles0125/scanfiles0125,1,1.0811017,0,0,0.955,0.15922458,-1,-1,ITG_TEM
/pscratch/sd/j/joeschm/MGKDB_projects/KBM_classifier_IFS_data/pscratch_sd_d_drhatch_pscans3_scanfiles0125/scanfiles0125,1,1.0811017,0,0,0.955,0.2388369,0.066927139,-0.60522081,ITG_TEM
/pscratch/sd/j/joeschm/MGKDB_projects/KBM_classifier_IFS_data/pscratch_sd_d_drhatch_pscans3_scanfiles0125/scanfiles0125,1,1.0811017,0,0,0.955,0.31844917,0.155,-0.693,ITG_TEM
/pscratch/sd/j/joeschm/MGKDB_projects/KBM_classifier_IFS_data/pscratch_sd_d_drhatch_pscans3_scanfiles0125/scanfiles0125,1,1.0811017,0,0,0.955,0.39806148,0.237,-0.728,ITG_TEM
/pscratch/sd/j/joeschm/MGKDB_projects/KBM_classifier_IFS_data/pscratch_sd_d_drhatch_pscans3_scanfiles0125/scanfiles0125,1,1.0811017,0,0,0.955,0.55728608,0.369,-0.721,ITG_TEM
/pscratch/sd/j/joeschm/MGKDB_projects/KBM_classifier_IFS_data/pscratch_sd_d_drhatch_pscans3_scanfiles0125/scanfiles0125,1,1.0811017,0,0,0.955,0.79612297,0.487,-0.611,ITG_TEM
/pscratch/sd/j/joeschm/MGKDB_projects/KBM_classifier_IFS_data/pscratch_sd_d_drhatch_pscans3_scanfiles0126/scanfiles0126,1.0976077,0.918828,0,0,0.955,0.043490097,-1,-1,MTM
/pscratch/sd/j/joeschm/MGKDB_projects/KBM_classifier_IFS_data/pscratch_sd_d_drhatch_pscans3_scanfiles0126/scanfiles0126,1.0976077,0.918828,0,0,0.955,0.086980194,-0.0047728802,-0.23969802,ITG_TEM
/pscratch/sd/j/joeschm/MGKDB_projects/KBM_classifier_IFS_data/pscratch_sd_d_drhatch_pscans3_scanfiles0126/scanfiles0126,1.0976077,0.918828,0,0,0.955,0.17396039,0.040905919,-0.45683349,ITG_TEM
/pscratch/sd/j/joeschm/MGKDB_projects/KBM_classifier_IFS_data/pscratch_sd_d_drhatch_pscans3_scanfiles0126/scanfiles0126,1.0976077,0.918828,0,0,0.955,0.26094058,0.125,-0.63,ITG_TEM
/pscratch/sd/j/joeschm/MGKDB_projects/KBM_classifier_IFS_data/pscratch_sd_d_drhatch_pscans3_scanfiles0126/scanfiles0126,1.0976077,0.918828,0,0,0.955,0.34792078,0.239,-0.746,ITG_TEM
/pscratch/sd/j/joeschm/MGKDB_projects/KBM_classifier_IFS_data/pscratch_sd_d_drhatch_pscans3_scanfiles0126/scanfiles0126,1.0976077,0.918828,0,0,0.955,0.43490097,0.358,-0.81,ITG_TEM
/pscratch/sd/j/joeschm/MGKDB_projects/KBM_classifier_IFS_data/pscratch_sd_d_drhatch_pscans3_scanfiles0126/scanfiles0126,1.0976077,0.918828,0,0,0.955,0.60886133,0.57,-0.84,ITG_TEM
/pscratch/sd/j/joeschm/MGKDB_projects/KBM_classifier_IFS_data/pscratch_sd_d_drhatch_pscans3_scanfiles0126/scanfiles0126,1.0976077,0.918828,0,0,0.955,0.86980194,0.806,-0.768,ITG_TEM
/pscratch/sd/j/joeschm/MGKDB_projects/KBM_classifier_IFS_data/pscratch_sd_d_drhatch_pscans3_scanfiles0127/scanfiles0127,1,0.92709959,0,0,0.945,0.039788447,-1,-1,MTM
/pscratch/sd/j/joeschm/MGKDB_projects/KBM_classifier_IFS_data/pscratch_sd_d_drhatch_pscans3_scanfiles0127/scanfiles0127,1,0.92709959,0,0,0.945,0.079576895,-1,-1,MTM
/pscratch/sd/j/joeschm/MGKDB_projects/KBM_classifier_IFS_data/pscratch_sd_d_drhatch_pscans3_scanfiles0127/scanfiles0127,1,0.92709959,0,0,0.945,0.15915379,-0.019620946,-0.33409428,
/pscratch/sd/j/joeschm/MGKDB_projects/KBM_classifier_IFS_data/pscratch_sd_d_drhatch_pscans3_scanfiles0127/scanfiles0127,1,0.92709959,0,0,0.945,0.2387307,0.04271804,-0.51682302,ITG_TEM
/pscratch/sd/j/joeschm/MGKDB_projects/KBM_classifier_IFS_data/pscratch_sd_d_drhatch_pscans3_scanfiles0127/scanfiles0127,1,0.92709959,0,0,0.945,0.31830758,0.177,-0.665,ITG_TEM
/pscratch/sd/j/joeschm/MGKDB_projects/KBM_classifier_IFS_data/pscratch_sd_d_drhatch_pscans3_scanfiles0127/scanfiles0127,1,0.92709959,0,0,0.945,0.39788446,0.314,-0.727,ITG_TEM
/pscratch/sd/j/joeschm/MGKDB_projects/KBM_classifier_IFS_data/pscratch_sd_d_drhatch_pscans3_scanfiles0127/scanfiles0127,1,0.92709959,0,0,0.945,0.55703819,0.512,-0.752,ITG_TEM
/pscratch/sd/j/joeschm/MGKDB_projects/KBM_classifier_IFS_data/pscratch_sd_d_drhatch_pscans3_scanfiles0127/scanfiles0127,1,0.92709959,0,0,0.945,0.79576892,0.691,-0.714,ITG_TEM
/pscratch/sd/j/joeschm/MGKDB_projects/KBM_classifier_IFS_data/pscratch_sd_d_drhatch_pscans3_scanfiles0128/scanfiles0128,1,1,0,0,0.98,0.033047892,-1,-1,ETG
/pscratch/sd/j/joeschm/MGKDB_projects/KBM_classifier_IFS_data/pscratch_sd_d_drhatch_pscans3_scanfiles0128/scanfiles0128,1,1,0,0,0.98,0.066095784,-1,-1,
/pscratch/sd/j/joeschm/MGKDB_projects/KBM_classifier_IFS_data/pscratch_sd_d_drhatch_pscans3_scanfiles0128/scanfiles0128,1,1,0,0,0.98,0.13219157,-0.074875778,-0.016076945,
/pscratch/sd/j/joeschm/MGKDB_projects/KBM_classifier_IFS_data/pscratch_sd_d_drhatch_pscans3_scanfiles0128/scanfiles0128,1,1,0,0,0.98,0.19828734,0.052,-0.522,
/pscratch/sd/j/joeschm/MGKDB_projects/KBM_classifier_IFS_data/pscratch_sd_d_drhatch_pscans3_scanfiles0128/scanfiles0128,1,1,0,0,0.98,0.26438314,0.059,-0.097,
/pscratch/sd/j/joeschm/MGKDB_projects/KBM_classifier_IFS_data/pscratch_sd_d_drhatch_pscans3_scanfiles0128/scanfiles0128,1,1,0,0,0.98,0.33047891,0.236,-3.612,ITG_TEM
/pscratch/sd/j/joeschm/MGKDB_projects/KBM_classifier_IFS_data/pscratch_sd_d_drhatch_pscans3_scanfiles0128/scanfiles0128,1,1,0,0,0.98,0.46267045,0.075,-3.853,ETG
/pscratch/sd/j/joeschm/MGKDB_projects/KBM_classifier_IFS_data/pscratch_sd_d_drhatch_pscans3_scanfiles0128/scanfiles0128,1,1,0,0,0.98,0.66095781,0.779,-4.797,ETG
/pscratch/sd/j/joeschm/MGKDB_projects/KBM_classifier_IFS_data/pscratch_sd_d_drhatch_pscans3_scanfiles0129/scanfiles0129,1.1001038,0.9167641,0,0,0.96,0.042577911,-0.017223859,-0.13450052,ITG_TEM
/pscratch/sd/j/joeschm/MGKDB_projects/KBM_classifier_IFS_data/pscratch_sd_d_drhatch_pscans3_scanfiles0129/scanfiles0129,1.1001038,0.9167641,0,0,0.96,0.085155822,-0.0017748046,-0.21617256,ITG_TEM
/pscratch/sd/j/joeschm/MGKDB_projects/KBM_classifier_IFS_data/pscratch_sd_d_drhatch_pscans3_scanfiles0129/scanfiles0129,1.1001038,0.9167641,0,0,0.96,0.17031164,0.022516824,-0.38471834,ITG_TEM
/pscratch/sd/j/joeschm/MGKDB_projects/KBM_classifier_IFS_data/pscratch_sd_d_drhatch_pscans3_scanfiles0129/scanfiles0129,1.1001038,0.9167641,0,0,0.96,0.25546747,0.081,-0.521,ITG_TEM
/pscratch/sd/j/joeschm/MGKDB_projects/KBM_classifier_IFS_data/pscratch_sd_d_drhatch_pscans3_scanfiles0129/scanfiles0129,1.1001038,0.9167641,0,0,0.96,0.34062329,0.167,-0.614,ITG_TEM
/pscratch/sd/j/joeschm/MGKDB_projects/KBM_classifier_IFS_data/pscratch_sd_d_drhatch_pscans3_scanfiles0129/scanfiles0129,1.1001038,0.9167641,0,0,0.96,0.4257791,0.269,-0.665,ITG_TEM
/pscratch/sd/j/joeschm/MGKDB_projects/KBM_classifier_IFS_data/pscratch_sd_d_drhatch_pscans3_scanfiles0129/scanfiles0129,1.1001038,0.9167641,0,0,0.96,0.59609073,0.465,-0.654,ITG_TEM
/pscratch/sd/j/joeschm/MGKDB_projects/KBM_classifier_IFS_data/pscratch_sd_d_drhatch_pscans3_scanfiles0129/scanfiles0129,1.1001038,0.9167641,0,0,0.96,0.85155821,0.641,-0.496,ITG_TEM
/pscratch/sd/j/joeschm/MGKDB_projects/KBM_classifier_IFS_data/pscratch_sd_d_drhatch_pscans3_scanfiles0130/scanfiles0130,1,1.0832205,0,0,0.96,0.039114203,-0.028539569,-0.1297308,ITG_TEM
/pscratch/sd/j/joeschm/MGKDB_projects/KBM_classifier_IFS_data/pscratch_sd_d_drhatch_pscans3_scanfiles0130/scanfiles0130,1,1.0832205,0,0,0.96,0.078228407,-0.031563306,-0.19441422,ETG
/pscratch/sd/j/joeschm/MGKDB_projects/KBM_classifier_IFS_data/pscratch_sd_d_drhatch_pscans3_scanfiles0130/scanfiles0130,1,1.0832205,0,0,0.96,0.15645681,-0.021477776,-0.32924126,ITG_TEM
/pscratch/sd/j/joeschm/MGKDB_projects/KBM_classifier_IFS_data/pscratch_sd_d_drhatch_pscans3_scanfiles0130/scanfiles0130,1,1.0832205,0,0,0.96,0.23468523,0.01269271,-0.43724604,ITG_TEM
/pscratch/sd/j/joeschm/MGKDB_projects/KBM_classifier_IFS_data/pscratch_sd_d_drhatch_pscans3_scanfiles0130/scanfiles0130,1,1.0832205,0,0,0.96,0.31291363,0.068,-0.504,ITG_TEM
/pscratch/sd/j/joeschm/MGKDB_projects/KBM_classifier_IFS_data/pscratch_sd_d_drhatch_pscans3_scanfiles0130/scanfiles0130,1,1.0832205,0,0,0.96,0.39114204,0.128,-0.528,ITG_TEM
/pscratch/sd/j/joeschm/MGKDB_projects/KBM_classifier_IFS_data/pscratch_sd_d_drhatch_pscans3_scanfiles0130/scanfiles0130,1,1.0832205,0,0,0.96,0.54759884,0.201,-0.494,ITG_TEM
/pscratch/sd/j/joeschm/MGKDB_projects/KBM_classifier_IFS_data/pscratch_sd_d_drhatch_pscans3_scanfiles0130/scanfiles0130,1,1.0832205,0,0,0.96,0.78228408,0.18,-0.414,ITG_TEM
/pscratch/sd/j/joeschm/MGKDB_projects/KBM_classifier_IFS_data/pscratch_sd_d_drhatch_pscans3_scanfiles0131/scanfiles0131,1,0.95957621,0,0,0.95,0.039639376,-0.020188841,-0.091081633,ITG_TEM
/pscratch/sd/j/joeschm/MGKDB_projects/KBM_classifier_IFS_data/pscratch_sd_d_drhatch_pscans3_scanfiles0131/scanfiles0131,1,0.95957621,0,0,0.95,0.079278752,-0.017524948,-0.21719468,ITG_TEM
/pscratch/sd/j/joeschm/MGKDB_projects/KBM_classifier_IFS_data/pscratch_sd_d_drhatch_pscans3_scanfiles0131/scanfiles0131,1,0.95957621,0,0,0.95,0.1585575,0.020160806,-0.45789428,ITG_TEM
/pscratch/sd/j/joeschm/MGKDB_projects/KBM_classifier_IFS_data/pscratch_sd_d_drhatch_pscans3_scanfiles0131/scanfiles0131,1,0.95957621,0,0,0.95,0.23783627,0.109,-0.683,ITG_TEM
/pscratch/sd/j/joeschm/MGKDB_projects/KBM_classifier_IFS_data/pscratch_sd_d_drhatch_pscans3_scanfiles0131/scanfiles0131,1,0.95957621,0,0,0.95,0.31711501,0.257,-0.834,ITG_TEM
/pscratch/sd/j/joeschm/MGKDB_projects/KBM_classifier_IFS_data/pscratch_sd_d_drhatch_pscans3_scanfiles0131/scanfiles0131,1,0.95957621,0,0,0.95,0.39639378,0.4,-0.901,ITG_TEM
/pscratch/sd/j/joeschm/MGKDB_projects/KBM_classifier_IFS_data/pscratch_sd_d_drhatch_pscans3_scanfiles0131/scanfiles0131,1,0.95957621,0,0,0.95,0.55495125,0.616,-0.93,ITG_TEM
/pscratch/sd/j/joeschm/MGKDB_projects/KBM_classifier_IFS_data/pscratch_sd_d_drhatch_pscans3_scanfiles0131/scanfiles0131,1,0.95957621,0,0,0.95,0.79278755,0.831,-0.883,ITG_TEM
/pscratch/sd/j/joeschm/MGKDB_projects/KBM_classifier_IFS_data/pscratch_sd_d_drhatch_pscans3_scanfiles0132/scanfiles0132,1,1,0,0,0.985,0.029719623,-1,-1,
/pscratch/sd/j/joeschm/MGKDB_projects/KBM_classifier_IFS_data/pscratch_sd_d_drhatch_pscans3_scanfiles0132/scanfiles0132,1,1,0,0,0.985,0.059439246,-1,-1,
/pscratch/sd/j/joeschm/MGKDB_projects/KBM_classifier_IFS_data/pscratch_sd_d_drhatch_pscans3_scanfiles0132/scanfiles0132,1,1,0,0,0.985,0.11887849,0.256,-6.188,MTM
/pscratch/sd/j/joeschm/MGKDB_projects/KBM_classifier_IFS_data/pscratch_sd_d_drhatch_pscans3_scanfiles0132/scanfiles0132,1,1,0,0,0.985,0.17831773,0.724,-10.379,MTM
/pscratch/sd/j/joeschm/MGKDB_projects/KBM_classifier_IFS_data/pscratch_sd_d_drhatch_pscans3_scanfiles0132/scanfiles0132,1,1,0,0,0.985,0.23775698,-1,-1,ETG
/pscratch/sd/j/joeschm/MGKDB_projects/KBM_classifier_IFS_data/pscratch_sd_d_drhatch_pscans3_scanfiles0132/scanfiles0132,1,1,0,0,0.985,0.29719621,-1,-1,ETG
/pscratch/sd/j/joeschm/MGKDB_projects/KBM_classifier_IFS_data/pscratch_sd_d_drhatch_pscans3_scanfiles0132/scanfiles0132,1,1,0,0,0.985,0.41607469,0.414,-5.202,ETG
/pscratch/sd/j/joeschm/MGKDB_projects/KBM_classifier_IFS_data/pscratch_sd_d_drhatch_pscans3_scanfiles0132/scanfiles0132,1,1,0,0,0.985,0.59439242,1.086,-6.707,ETG
/pscratch/sd/j/joeschm/MGKDB_projects/KBM_classifier_IFS_data/pscratch_sd_d_drhatch_pscans3_scanfiles0133/scanfiles0133,1,1.0579391,0,0,0.935,0.0448213,-1,-1,MTM
/pscratch/sd/j/joeschm/MGKDB_projects/KBM_classifier_IFS_data/pscratch_sd_d_drhatch_pscans3_scanfiles0133/scanfiles0133,1,1.0579391,0,0,0.935,0.089642599,-1,-1,MTM
/pscratch/sd/j/joeschm/MGKDB_projects/KBM_classifier_IFS_data/pscratch_sd_d_drhatch_pscans3_scanfiles0133/scanfiles0133,1,1.0579391,0,0,0.935,0.1792852,-1,-1,ITG_TEM
/pscratch/sd/j/joeschm/MGKDB_projects/KBM_classifier_IFS_data/pscratch_sd_d_drhatch_pscans3_scanfiles0133/scanfiles0133,1,1.0579391,0,0,0.935,0.26892778,-1,-1,ITG_TEM
/pscratch/sd/j/joeschm/MGKDB_projects/KBM_classifier_IFS_data/pscratch_sd_d_drhatch_pscans3_scanfiles0133/scanfiles0133,1,1.0579391,0,0,0.935,0.3585704,0.046222098,0.11810515,ITG_TEM
/pscratch/sd/j/joeschm/MGKDB_projects/KBM_classifier_IFS_data/pscratch_sd_d_drhatch_pscans3_scanfiles0133/scanfiles0133,1,1.0579391,0,0,0.935,0.44821301,0.11592557,0.1268829,ITG_TEM
/pscratch/sd/j/joeschm/MGKDB_projects/KBM_classifier_IFS_data/pscratch_sd_d_drhatch_pscans3_scanfiles0133/scanfiles0133,1,1.0579391,0,0,0.935,0.62749821,0.19963371,0.17328078,ITG_TEM
/pscratch/sd/j/joeschm/MGKDB_projects/KBM_classifier_IFS_data/pscratch_sd_d_drhatch_pscans3_scanfiles0133/scanfiles0133,1,1.0579391,0,0,0.935,0.89642602,0.239,0.285,ITG_TEM
/pscratch/sd/j/joeschm/MGKDB_projects/KBM_classifier_IFS_data/pscratch_sd_d_drhatch_pscans3_scanfiles0134/scanfiles0134,1.101914,0.91535713,0,0,0.965,0.041077465,-0.023855222,-0.078352287,ITG_TEM
/pscratch/sd/j/joeschm/MGKDB_projects/KBM_classifier_IFS_data/pscratch_sd_d_drhatch_pscans3_scanfiles0134/scanfiles0134,1.101914,0.91535713,0,0,0.965,0.08215493,-0.0099641018,-0.16652629,ITG_TEM
/pscratch/sd/j/joeschm/MGKDB_projects/KBM_classifier_IFS_data/pscratch_sd_d_drhatch_pscans3_scanfiles0134/scanfiles0134,1.101914,0.91535713,0,0,0.965,0.16430986,0.017095784,-0.25266282,ITG_TEM
/pscratch/sd/j/joeschm/MGKDB_projects/KBM_classifier_IFS_data/pscratch_sd_d_drhatch_pscans3_scanfiles0134/scanfiles0134,1.101914,0.91535713,0,0,0.965,0.2464648,0.033,-0.311,ITG_TEM
/pscratch/sd/j/joeschm/MGKDB_projects/KBM_classifier_IFS_data/pscratch_sd_d_drhatch_pscans3_scanfiles0134/scanfiles0134,1.101914,0.91535713,0,0,0.965,0.32861972,0.066,-0.375,ITG_TEM
/pscratch/sd/j/joeschm/MGKDB_projects/KBM_classifier_IFS_data/pscratch_sd_d_drhatch_pscans3_scanfiles0134/scanfiles0134,1.101914,0.91535713,0,0,0.965,0.41077465,0.119,-0.412,ITG_TEM
/pscratch/sd/j/joeschm/MGKDB_projects/KBM_classifier_IFS_data/pscratch_sd_d_drhatch_pscans3_scanfiles0134/scanfiles0134,1.101914,0.91535713,0,0,0.965,0.57508451,0.24,-0.391,ITG_TEM
/pscratch/sd/j/joeschm/MGKDB_projects/KBM_classifier_IFS_data/pscratch_sd_d_drhatch_pscans3_scanfiles0134/scanfiles0134,1.101914,0.91535713,0,0,0.965,0.8215493,0.263,-0.224,ITG_TEM
/pscratch/sd/j/joeschm/MGKDB_projects/KBM_classifier_IFS_data/pscratch_sd_d_drhatch_pscans3_scanfiles0135/scanfiles0135,0.90643181,0.9143857,0,0,0.97,0.035707559,-0.032034441,-0.088676111,
/pscratch/sd/j/joeschm/MGKDB_projects/KBM_classifier_IFS_data/pscratch_sd_d_drhatch_pscans3_scanfiles0135/scanfiles0135,0.90643181,0.9143857,0,0,0.97,0.071415119,-0.027973553,-0.10333204,
/pscratch/sd/j/joeschm/MGKDB_projects/KBM_classifier_IFS_data/pscratch_sd_d_drhatch_pscans3_scanfiles0135/scanfiles0135,0.90643181,0.9143857,0,0,0.97,0.14283024,-0.011906604,-0.156419,
/pscratch/sd/j/joeschm/MGKDB_projects/KBM_classifier_IFS_data/pscratch_sd_d_drhatch_pscans3_scanfiles0135/scanfiles0135,0.90643181,0.9143857,0,0,0.97,0.21424535,0.281,-10.691,MTM
/pscratch/sd/j/joeschm/MGKDB_projects/KBM_classifier_IFS_data/pscratch_sd_d_drhatch_pscans3_scanfiles0135/scanfiles0135,0.90643181,0.9143857,0,0,0.97,0.28566048,0.185,-13.133,MTM
/pscratch/sd/j/joeschm/MGKDB_projects/KBM_classifier_IFS_data/pscratch_sd_d_drhatch_pscans3_scanfiles0135/scanfiles0135,0.90643181,0.9143857,0,0,0.97,0.35707554,0.020104931,-0.2515013,
/pscratch/sd/j/joeschm/MGKDB_projects/KBM_classifier_IFS_data/pscratch_sd_d_drhatch_pscans3_scanfiles0135/scanfiles0135,0.90643181,0.9143857,0,0,0.97,0.49990582,0.059,-0.228,
/pscratch/sd/j/joeschm/MGKDB_projects/KBM_classifier_IFS_data/pscratch_sd_d_drhatch_pscans3_scanfiles0135/scanfiles0135,0.90643181,0.9143857,0,0,0.97,0.71415108,0.003,-0.221,
/pscratch/sd/j/joeschm/MGKDB_projects/KBM_classifier_IFS_data/pscratch_sd_d_drhatch_pscans3_scanfiles0136/scanfiles0136,1,1.0732082,0,0,0.945,0.04025054,-1,-1,MTM
/pscratch/sd/j/joeschm/MGKDB_projects/KBM_classifier_IFS_data/pscratch_sd_d_drhatch_pscans3_scanfiles0136/scanfiles0136,1,1.0732082,0,0,0.945,0.08050108,-1,-1,MTM
/pscratch/sd/j/joeschm/MGKDB_projects/KBM_classifier_IFS_data/pscratch_sd_d_drhatch_pscans3_scanfiles0136/scanfiles0136,1,1.0732082,0,0,0.945,0.16100216,-0.0098068313,-0.34278832,ITG_TEM
/pscratch/sd/j/joeschm/MGKDB_projects/KBM_classifier_IFS_data/pscratch_sd_d_drhatch_pscans3_scanfiles0136/scanfiles0136,1,1.0732082,0,0,0.945,0.24150324,0.056820357,-0.50872811,ITG_TEM
/pscratch/sd/j/joeschm/MGKDB_projects/KBM_classifier_IFS_data/pscratch_sd_d_drhatch_pscans3_scanfiles0136/scanfiles0136,1,1.0732082,0,0,0.945,0.32200432,0.16443459,-0.62714266,ITG_TEM
/pscratch/sd/j/joeschm/MGKDB_projects/KBM_classifier_IFS_data/pscratch_sd_d_drhatch_pscans3_scanfiles0136/scanfiles0136,1,1.0732082,0,0,0.945,0.40250537,0.271,-0.675,ITG_TEM
/pscratch/sd/j/joeschm/MGKDB_projects/KBM_classifier_IFS_data/pscratch_sd_d_drhatch_pscans3_scanfiles0136/scanfiles0136,1,1.0732082,0,0,0.945,0.56350756,0.423,-0.68,ITG_TEM
/pscratch/sd/j/joeschm/MGKDB_projects/KBM_classifier_IFS_data/pscratch_sd_d_drhatch_pscans3_scanfiles0136/scanfiles0136,1,1.0732082,0,0,0.945,0.80501074,0.549,-0.621,ITG_TEM
/pscratch/sd/j/joeschm/MGKDB_projects/KBM_classifier_IFS_data/pscratch_sd_d_drhatch_pscans3_scanfiles0137/scanfiles0137,1,1.0846468,0,0,0.965,0.037927389,-0.031460703,-0.065117873,
/pscratch/sd/j/joeschm/MGKDB_projects/KBM_classifier_IFS_data/pscratch_sd_d_drhatch_pscans3_scanfiles0137/scanfiles0137,1,1.0846468,0,0,0.965,0.075854778,-1,-1,
/pscratch/sd/j/joeschm/MGKDB_projects/KBM_classifier_IFS_data/pscratch_sd_d_drhatch_pscans3_scanfiles0137/scanfiles0137,1,1.0846468,0,0,0.965,0.15170956,-1,-1,ITG_TEM
/pscratch/sd/j/joeschm/MGKDB_projects/KBM_classifier_IFS_data/pscratch_sd_d_drhatch_pscans3_scanfiles0137/scanfiles0137,1,1.0846468,0,0,0.965,0.22756433,-1,-1,ITG_TEM
/pscratch/sd/j/joeschm/MGKDB_projects/KBM_classifier_IFS_data/pscratch_sd_d_drhatch_pscans3_scanfiles0137/scanfiles0137,1,1.0846468,0,0,0.965,0.30341911,0.0038105608,-0.29627216,ITG_TEM
/pscratch/sd/j/joeschm/MGKDB_projects/KBM_classifier_IFS_data/pscratch_sd_d_drhatch_pscans3_scanfiles0137/scanfiles0137,1,1.0846468,0,0,0.965,0.37927392,0.033,-0.309,ITG_TEM
/pscratch/sd/j/joeschm/MGKDB_projects/KBM_classifier_IFS_data/pscratch_sd_d_drhatch_pscans3_scanfiles0137/scanfiles0137,1,1.0846468,0,0,0.965,0.53098345,0.046,-0.297,ITG_TEM
/pscratch/sd/j/joeschm/MGKDB_projects/KBM_classifier_IFS_data/pscratch_sd_d_drhatch_pscans3_scanfiles0137/scanfiles0137,1,1.0846468,0,0,0.965,0.75854784,0.013,-0.318,ITG_TEM
/pscratch/sd/j/joeschm/MGKDB_projects/KBM_classifier_IFS_data/pscratch_sd_d_drhatch_pscans3_scanfiles0138/scanfiles0138,1,0.918828,0,0,0.955,0.039282195,-0.010727133,-0.12328788,ITG_TEM
/pscratch/sd/j/joeschm/MGKDB_projects/KBM_classifier_IFS_data/pscratch_sd_d_drhatch_pscans3_scanfiles0138/scanfiles0138,1,0.918828,0,0,0.955,0.078564391,-0.0094980267,-0.26143166,ITG_TEM
/pscratch/sd/j/joeschm/MGKDB_projects/KBM_classifier_IFS_data/pscratch_sd_d_drhatch_pscans3_scanfiles0138/scanfiles0138,1,0.918828,0,0,0.955,0.15712878,0.030696288,-0.51744754,ITG_TEM
/pscratch/sd/j/joeschm/MGKDB_projects/KBM_classifier_IFS_data/pscratch_sd_d_drhatch_pscans3_scanfiles0138/scanfiles0138,1,0.918828,0,0,0.955,0.23569317,0.127,-0.731,ITG_TEM
/pscratch/sd/j/joeschm/MGKDB_projects/KBM_classifier_IFS_data/pscratch_sd_d_drhatch_pscans3_scanfiles0138/scanfiles0138,1,0.918828,0,0,0.955,0.31425756,0.264,-0.863,ITG_TEM
/pscratch/sd/j/joeschm/MGKDB_projects/KBM_classifier_IFS_data/pscratch_sd_d_drhatch_pscans3_scanfiles0138/scanfiles0138,1,0.918828,0,0,0.955,0.39282197,0.396,-0.924,ITG_TEM
/pscratch/sd/j/joeschm/MGKDB_projects/KBM_classifier_IFS_data/pscratch_sd_d_drhatch_pscans3_scanfiles0138/scanfiles0138,1,0.918828,0,0,0.955,0.54995072,0.608,-0.94,ITG_TEM
/pscratch/sd/j/joeschm/MGKDB_projects/KBM_classifier_IFS_data/pscratch_sd_d_drhatch_pscans3_scanfiles0138/scanfiles0138,1,0.918828,0,0,0.955,0.78564394,0.83,-0.847,ITG_TEM
/pscratch/sd/j/joeschm/MGKDB_projects/KBM_classifier_IFS_data/pscratch_sd_d_drhatch_pscans3_scanfiles0139/scanfiles0139,1,0.9143857,0,0,0.97,0.038893815,-0.040077207,-0.09403637,ETG
/pscratch/sd/j/joeschm/MGKDB_projects/KBM_classifier_IFS_data/pscratch_sd_d_drhatch_pscans3_scanfiles0139/scanfiles0139,1,0.9143857,0,0,0.97,0.07778763,-0.026846943,-0.095688801,
/pscratch/sd/j/joeschm/MGKDB_projects/KBM_classifier_IFS_data/pscratch_sd_d_drhatch_pscans3_scanfiles0139/scanfiles0139,1,0.9143857,0,0,0.97,0.15557526,0.385,-8.649,MTM
/pscratch/sd/j/joeschm/MGKDB_projects/KBM_classifier_IFS_data/pscratch_sd_d_drhatch_pscans3_scanfiles0139/scanfiles0139,1,0.9143857,0,0,0.97,0.2333629,0.564,-11.571,MTM
/pscratch/sd/j/joeschm/MGKDB_projects/KBM_classifier_IFS_data/pscratch_sd_d_drhatch_pscans3_scanfiles0139/scanfiles0139,1,0.9143857,0,0,0.97,0.31115052,0.424,-14.464,MTM
/pscratch/sd/j/joeschm/MGKDB_projects/KBM_classifier_IFS_data/pscratch_sd_d_drhatch_pscans3_scanfiles0139/scanfiles0139,1,0.9143857,0,0,0.97,0.38893816,0.296,-16.741,MTM
/pscratch/sd/j/joeschm/MGKDB_projects/KBM_classifier_IFS_data/pscratch_sd_d_drhatch_pscans3_scanfiles0139/scanfiles0139,1,0.9143857,0,0,0.97,0.5445134,0.057,-0.228,
/pscratch/sd/j/joeschm/MGKDB_projects/KBM_classifier_IFS_data/pscratch_sd_d_drhatch_pscans3_scanfiles0139/scanfiles0139,1,0.9143857,0,0,0.97,0.77787632,0.283,-2.861,ETG
/pscratch/sd/j/joeschm/MGKDB_projects/KBM_classifier_IFS_data/pscratch_sd_d_drhatch_pscans3_scanfiles0140/scanfiles0140,1,1,0,0,0.99,0.026701426,-1,-1,
/pscratch/sd/j/joeschm/MGKDB_projects/KBM_classifier_IFS_data/pscratch_sd_d_drhatch_pscans3_scanfiles0140/scanfiles0140,1,1,0,0,0.99,0.053402852,-1,-1,
/pscratch/sd/j/joeschm/MGKDB_projects/KBM_classifier_IFS_data/pscratch_sd_d_drhatch_pscans3_scanfiles0140/scanfiles0140,1,1,0,0,0.99,0.1068057,1.106,-6.679,MTM
/pscratch/sd/j/joeschm/MGKDB_projects/KBM_classifier_IFS_data/pscratch_sd_d_drhatch_pscans3_scanfiles0140/scanfiles0140,1,1,0,0,0.99,0.16020857,0.742,-9.822,MTM
/pscratch/sd/j/joeschm/MGKDB_projects/KBM_classifier_IFS_data/pscratch_sd_d_drhatch_pscans3_scanfiles0140/scanfiles0140,1,1,0,0,0.99,0.21361141,0.397,-9.711,ITG_TEM
/pscratch/sd/j/joeschm/MGKDB_projects/KBM_classifier_IFS_data/pscratch_sd_d_drhatch_pscans3_scanfiles0140/scanfiles0140,1,1,0,0,0.99,0.26701427,0.355,-9.187,ITG_TEM
/pscratch/sd/j/joeschm/MGKDB_projects/KBM_classifier_IFS_data/pscratch_sd_d_drhatch_pscans3_scanfiles0140/scanfiles0140,1,1,0,0,0.99,0.37382001,0.474,-7.783,ETG
/pscratch/sd/j/joeschm/MGKDB_projects/KBM_classifier_IFS_data/pscratch_sd_d_drhatch_pscans3_scanfiles0140/scanfiles0140,1,1,0,0,0.99,0.53402853,0.76808363,-3.6388802,ETG
/pscratch/sd/j/joeschm/MGKDB_projects/KBM_classifier_IFS_data/pscratch_sd_d_drhatch_pscans3_scanfiles0141/scanfiles0141,0.90563125,0.91371954,0,0,0.975,0.033446535,-1,-1,ETG
/pscratch/sd/j/joeschm/MGKDB_projects/KBM_classifier_IFS_data/pscratch_sd_d_drhatch_pscans3_scanfiles0141/scanfiles0141,0.90563125,0.91371954,0,0,0.975,0.066893071,-0.043283039,-0.031561332,
/pscratch/sd/j/joeschm/MGKDB_projects/KBM_classifier_IFS_data/pscratch_sd_d_drhatch_pscans3_scanfiles0141/scanfiles0141,0.90563125,0.91371954,0,0,0.975,0.13378614,0.565,-8.619,MTM
/pscratch/sd/j/joeschm/MGKDB_projects/KBM_classifier_IFS_data/pscratch_sd_d_drhatch_pscans3_scanfiles0141/scanfiles0141,0.90563125,0.91371954,0,0,0.975,0.20067921,0.688,-11.636,MTM
/pscratch/sd/j/joeschm/MGKDB_projects/KBM_classifier_IFS_data/pscratch_sd_d_drhatch_pscans3_scanfiles0141/scanfiles0141,0.90563125,0.91371954,0,0,0.975,0.26757228,0.13511726,-14.20792,MTM
/pscratch/sd/j/joeschm/MGKDB_projects/KBM_classifier_IFS_data/pscratch_sd_d_drhatch_pscans3_scanfiles0141/scanfiles0141,0.90563125,0.91371954,0,0,0.975,0.33446535,0.055646677,-3.6073729,ITG_TEM
/pscratch/sd/j/joeschm/MGKDB_projects/KBM_classifier_IFS_data/pscratch_sd_d_drhatch_pscans3_scanfiles0141/scanfiles0141,0.90563125,0.91371954,0,0,0.975,0.4682515,-0.014,-0.089,
/pscratch/sd/j/joeschm/MGKDB_projects/KBM_classifier_IFS_data/pscratch_sd_d_drhatch_pscans3_scanfiles0141/scanfiles0141,0.90563125,0.91371954,0,0,0.975,0.66893071,-0.032091531,-0.14133316,
/pscratch/sd/j/joeschm/MGKDB_projects/KBM_classifier_IFS_data/pscratch_sd_d_drhatch_pscans3_scanfiles0142/scanfiles0142,1,0.9167641,0,0,0.96,0.038594186,-0.016411039,-0.14206863,ITG_TEM
/pscratch/sd/j/joeschm/MGKDB_projects/KBM_classifier_IFS_data/pscratch_sd_d_drhatch_pscans3_scanfiles0142/scanfiles0142,1,0.9167641,0,0,0.96,0.077188373,-0.01253527,-0.23899202,ITG_TEM
/pscratch/sd/j/joeschm/MGKDB_projects/KBM_classifier_IFS_data/pscratch_sd_d_drhatch_pscans3_scanfiles0142/scanfiles0142,1,0.9167641,0,0,0.96,0.15437675,0.014722264,-0.45250959,ITG_TEM
/pscratch/sd/j/joeschm/MGKDB_projects/KBM_classifier_IFS_data/pscratch_sd_d_drhatch_pscans3_scanfiles0142/scanfiles0142,1,0.9167641,0,0,0.96,0.2315651,0.092,-0.617,ITG_TEM
/pscratch/sd/j/joeschm/MGKDB_projects/KBM_classifier_IFS_data/pscratch_sd_d_drhatch_pscans3_scanfiles0142/scanfiles0142,1,0.9167641,0,0,0.96,0.30875349,0.198,-0.715,ITG_TEM
/pscratch/sd/j/joeschm/MGKDB_projects/KBM_classifier_IFS_data/pscratch_sd_d_drhatch_pscans3_scanfiles0142/scanfiles0142,1,0.9167641,0,0,0.96,0.38594186,0.31,-0.752,ITG_TEM
/pscratch/sd/j/joeschm/MGKDB_projects/KBM_classifier_IFS_data/pscratch_sd_d_drhatch_pscans3_scanfiles0142/scanfiles0142,1,0.9167641,0,0,0.96,0.54031861,0.479,-0.71,ITG_TEM
/pscratch/sd/j/joeschm/MGKDB_projects/KBM_classifier_IFS_data/pscratch_sd_d_drhatch_pscans3_scanfiles0142/scanfiles0142,1,0.9167641,0,0,0.96,0.77188373,0.604,-0.544,ITG_TEM
/pscratch/sd/j/joeschm/MGKDB_projects/KBM_classifier_IFS_data/pscratch_sd_d_drhatch_pscans3_scanfiles0143/scanfiles0143,1,0.91371954,0,0,0.975,0.036072295,-0.045195858,0.0096160868,
/pscratch/sd/j/joeschm/MGKDB_projects/KBM_classifier_IFS_data/pscratch_sd_d_drhatch_pscans3_scanfiles0143/scanfiles0143,1,0.91371954,0,0,0.975,0.07214459,-0.049388534,-0.019859987,
/pscratch/sd/j/joeschm/MGKDB_projects/KBM_classifier_IFS_data/pscratch_sd_d_drhatch_pscans3_scanfiles0143/scanfiles0143,1,0.91371954,0,0,0.975,0.14428918,0.222,-8.969,MTM
/pscratch/sd/j/joeschm/MGKDB_projects/KBM_classifier_IFS_data/pscratch_sd_d_drhatch_pscans3_scanfiles0143/scanfiles0143,1,0.91371954,0,0,0.975,0.21643376,0.554,-12.215,MTM
/pscratch/sd/j/joeschm/MGKDB_projects/KBM_classifier_IFS_data/pscratch_sd_d_drhatch_pscans3_scanfiles0143/scanfiles0143,1,0.91371954,0,0,0.975,0.28857836,0.328,-1.007,
/pscratch/sd/j/joeschm/MGKDB_projects/KBM_classifier_IFS_data/pscratch_sd_d_drhatch_pscans3_scanfiles0143/scanfiles0143,1,0.91371954,0,0,0.975,0.36072293,0.484,-4.003,ITG_TEM
/pscratch/sd/j/joeschm/MGKDB_projects/KBM_classifier_IFS_data/pscratch_sd_d_drhatch_pscans3_scanfiles0143/scanfiles0143,1,0.91371954,0,0,0.975,0.50501215,0.22,-4.156,ITG_TEM
/pscratch/sd/j/joeschm/MGKDB_projects/KBM_classifier_IFS_data/pscratch_sd_d_drhatch_pscans3_scanfiles0143/scanfiles0143,1,0.91371954,0,0,0.975,0.72144586,0.834,-5.472,ETG
/pscratch/sd/j/joeschm/MGKDB_projects/KBM_classifier_IFS_data/pscratch_sd_d_drhatch_pscans3_scanfiles0144/scanfiles0144,0.9050173,0.91323008,0,0,0.98,0.030825466,-0.031066539,-0.046809698,
/pscratch/sd/j/joeschm/MGKDB_projects/KBM_classifier_IFS_data/pscratch_sd_d_drhatch_pscans3_scanfiles0144/scanfiles0144,0.9050173,0.91323008,0,0,0.98,0.061650932,-1,-1,
/pscratch/sd/j/joeschm/MGKDB_projects/KBM_classifier_IFS_data/pscratch_sd_d_drhatch_pscans3_scanfiles0144/scanfiles0144,0.9050173,0.91323008,0,0,0.98,0.12330186,0.187,-8.454,MTM
/pscratch/sd/j/joeschm/MGKDB_projects/KBM_classifier_IFS_data/pscratch_sd_d_drhatch_pscans3_scanfiles0144/scanfiles0144,0.9050173,0.91323008,0,0,0.98,0.1849528,0.735,-11.372,MTM
/pscratch/sd/j/joeschm/MGKDB_projects/KBM_classifier_IFS_data/pscratch_sd_d_drhatch_pscans3_scanfiles0144/scanfiles0144,0.9050173,0.91323008,0,0,0.98,0.24660373,-0.013015078,-0.041208782,
/pscratch/sd/j/joeschm/MGKDB_projects/KBM_classifier_IFS_data/pscratch_sd_d_drhatch_pscans3_scanfiles0144/scanfiles0144,0.9050173,0.91323008,0,0,0.98,0.30825466,0.056618599,-3.6995914,ITG_TEM
/pscratch/sd/j/joeschm/MGKDB_projects/KBM_classifier_IFS_data/pscratch_sd_d_drhatch_pscans3_scanfiles0144/scanfiles0144,0.9050173,0.91323008,0,0,0.98,0.43155652,-0.056953647,-0.061067027,
/pscratch/sd/j/joeschm/MGKDB_projects/KBM_classifier_IFS_data/pscratch_sd_d_drhatch_pscans3_scanfiles0144/scanfiles0144,0.9050173,0.91323008,0,0,0.98,0.61650932,0.311,-5.679,ETG
/pscratch/sd/j/joeschm/MGKDB_projects/KBM_classifier_IFS_data/pscratch_sd_d_drhatch_pscans3_scanfiles0145/scanfiles0145,1,0.91535713,0,0,0.965,0.037425544,-1,-1,
/pscratch/sd/j/joeschm/MGKDB_projects/KBM_classifier_IFS_data/pscratch_sd_d_drhatch_pscans3_scanfiles0145/scanfiles0145,1,0.91535713,0,0,0.965,0.074851088,-0.01465852,-0.17880389,ITG_TEM
/pscratch/sd/j/joeschm/MGKDB_projects/KBM_classifier_IFS_data/pscratch_sd_d_drhatch_pscans3_scanfiles0145/scanfiles0145,1,0.91535713,0,0,0.965,0.14970218,0.0049941531,-0.27858393,ITG_TEM
/pscratch/sd/j/joeschm/MGKDB_projects/KBM_classifier_IFS_data/pscratch_sd_d_drhatch_pscans3_scanfiles0145/scanfiles0145,1,0.91535713,0,0,0.965,0.22455326,0.021903118,-0.38157522,ITG_TEM
/pscratch/sd/j/joeschm/MGKDB_projects/KBM_classifier_IFS_data/pscratch_sd_d_drhatch_pscans3_scanfiles0145/scanfiles0145,1,0.91535713,0,0,0.965,0.29940435,0.08,-0.446,ITG_TEM
/pscratch/sd/j/joeschm/MGKDB_projects/KBM_classifier_IFS_data/pscratch_sd_d_drhatch_pscans3_scanfiles0145/scanfiles0145,1,0.91535713,0,0,0.965,0.37425545,0.146,-0.469,ITG_TEM
/pscratch/sd/j/joeschm/MGKDB_projects/KBM_classifier_IFS_data/pscratch_sd_d_drhatch_pscans3_scanfiles0145/scanfiles0145,1,0.91535713,0,0,0.965,0.52395761,0.236,-0.417,ITG_TEM
/pscratch/sd/j/joeschm/MGKDB_projects/KBM_classifier_IFS_data/pscratch_sd_d_drhatch_pscans3_scanfiles0145/scanfiles0145,1,0.91535713,0,0,0.965,0.7485109,0.202,-0.302,ITG_TEM
/pscratch/sd/j/joeschm/MGKDB_projects/KBM_classifier_IFS_data/pscratch_sd_d_drhatch_pscans3_scanfiles0146/scanfiles0146,1.0766433,1.0579391,0,0,0.935,0.050181005,-1,-1,MTM
/pscratch/sd/j/joeschm/MGKDB_projects/KBM_classifier_IFS_data/pscratch_sd_d_drhatch_pscans3_scanfiles0146/scanfiles0146,1.0766433,1.0579391,0,0,0.935,0.10036201,-1,-1,MTM
/pscratch/sd/j/joeschm/MGKDB_projects/KBM_classifier_IFS_data/pscratch_sd_d_drhatch_pscans3_scanfiles0146/scanfiles0146,1.0766433,1.0579391,0,0,0.935,0.20072402,0.062674818,0.14248514,ITG_TEM
/pscratch/sd/j/joeschm/MGKDB_projects/KBM_classifier_IFS_data/pscratch_sd_d_drhatch_pscans3_scanfiles0146/scanfiles0146,1.0766433,1.0579391,0,0,0.935,0.30108601,0.053013902,0.17102235,ITG_TEM
/pscratch/sd/j/joeschm/MGKDB_projects/KBM_classifier_IFS_data/pscratch_sd_d_drhatch_pscans3_scanfiles0146/scanfiles0146,1.0766433,1.0579391,0,0,0.935,0.40144804,0.12442795,0.130767,ITG_TEM
/pscratch/sd/j/joeschm/MGKDB_projects/KBM_classifier_IFS_data/pscratch_sd_d_drhatch_pscans3_scanfiles0146/scanfiles0146,1.0766433,1.0579391,0,0,0.935,0.50181001,0.1982606,0.14052113,ITG_TEM
/pscratch/sd/j/joeschm/MGKDB_projects/KBM_classifier_IFS_data/pscratch_sd_d_drhatch_pscans3_scanfiles0146/scanfiles0146,1.0766433,1.0579391,0,0,0.935,0.70253402,0.29039324,0.21823583,ITG_TEM
/pscratch/sd/j/joeschm/MGKDB_projects/KBM_classifier_IFS_data/pscratch_sd_d_drhatch_pscans3_scanfiles0146/scanfiles0146,1.0766433,1.0579391,0,0,0.935,1.00362,0.318,0.361,ITG_TEM
/pscratch/sd/j/joeschm/MGKDB_projects/KBM_classifier_IFS_data/pscratch_sd_d_drhatch_pscans3_scanfiles0147/scanfiles0147,1,0.91323008,0,0,0.98,0.03284825,-0.03492569,0.017263288,
/pscratch/sd/j/joeschm/MGKDB_projects/KBM_classifier_IFS_data/pscratch_sd_d_drhatch_pscans3_scanfiles0147/scanfiles0147,1,0.91323008,0,0,0.98,0.0656965,-1,-1,
/pscratch/sd/j/joeschm/MGKDB_projects/KBM_classifier_IFS_data/pscratch_sd_d_drhatch_pscans3_scanfiles0147/scanfiles0147,1,0.91323008,0,0,0.98,0.131393,0.118,-6.226,MTM
/pscratch/sd/j/joeschm/MGKDB_projects/KBM_classifier_IFS_data/pscratch_sd_d_drhatch_pscans3_scanfiles0147/scanfiles0147,1,0.91323008,0,0,0.98,0.19708949,0.681,-11.426,MTM
/pscratch/sd/j/joeschm/MGKDB_projects/KBM_classifier_IFS_data/pscratch_sd_d_drhatch_pscans3_scanfiles0147/scanfiles0147,1,0.91323008,0,0,0.98,0.262786,0.328,-4.36,ITG_TEM
/pscratch/sd/j/joeschm/MGKDB_projects/KBM_classifier_IFS_data/pscratch_sd_d_drhatch_pscans3_scanfiles0147/scanfiles0147,1,0.91323008,0,0,0.98,0.32848251,0.641,-4.043,ITG_TEM
/pscratch/sd/j/joeschm/MGKDB_projects/KBM_classifier_IFS_data/pscratch_sd_d_drhatch_pscans3_scanfiles0147/scanfiles0147,1,0.91323008,0,0,0.98,0.45987552,0.651,-4.703,ETG
/pscratch/sd/j/joeschm/MGKDB_projects/KBM_classifier_IFS_data/pscratch_sd_d_drhatch_pscans3_scanfiles0147/scanfiles0147,1,0.91323008,0,0,0.98,0.65696502,1.491,-5.967,ETG
/pscratch/sd/j/joeschm/MGKDB_projects/KBM_classifier_IFS_data/pscratch_sd_d_drhatch_pscans3_scanfiles0156/scanfiles0156,1.1871668,1,0,0,0.97,0.047042795,0.17316985,-3.0673786,MTM
/pscratch/sd/j/joeschm/MGKDB_projects/KBM_classifier_IFS_data/pscratch_sd_d_drhatch_pscans3_scanfiles0156/scanfiles0156,1.1871668,1,0,0,0.97,0.094085589,-1,-1,ETG
/pscratch/sd/j/joeschm/MGKDB_projects/KBM_classifier_IFS_data/pscratch_sd_d_drhatch_pscans3_scanfiles0156/scanfiles0156,1.1871668,1,0,0,0.97,0.18817118,0.35,-10.578,MTM
/pscratch/sd/j/joeschm/MGKDB_projects/KBM_classifier_IFS_data/pscratch_sd_d_drhatch_pscans3_scanfiles0156/scanfiles0156,1.1871668,1,0,0,0.97,0.28225675,0.61,-14.509,MTM
/pscratch/sd/j/joeschm/MGKDB_projects/KBM_classifier_IFS_data/pscratch_sd_d_drhatch_pscans3_scanfiles0156/scanfiles0156,1.1871668,1,0,0,0.97,0.37634236,0.765,-1.444,ITG_TEM
/pscratch/sd/j/joeschm/MGKDB_projects/KBM_classifier_IFS_data/pscratch_sd_d_drhatch_pscans3_scanfiles0156/scanfiles0156,1.1871668,1,0,0,0.97,0.4704279,0.964,-1.189,ITG_TEM
/pscratch/sd/j/joeschm/MGKDB_projects/KBM_classifier_IFS_data/pscratch_sd_d_drhatch_pscans3_scanfiles0156/scanfiles0156,1.1871668,1,0,0,0.97,0.65859914,1.0727767,-3.658564,ITG_TEM
/pscratch/sd/j/joeschm/MGKDB_projects/KBM_classifier_IFS_data/pscratch_sd_d_drhatch_pscans3_scanfiles0156/scanfiles0156,1.1871668,1,0,0,0.97,0.9408558,1.295,-3.84,ETG
/pscratch/sd/j/joeschm/MGKDB_projects/KBM_classifier_IFS_data/pscratch_sd_d_drhatch_pscans3_scanfiles0157/scanfiles0157,0.90453915,0.91284211,0,0,0.985,0.028103033,-1,-1,
/pscratch/sd/j/joeschm/MGKDB_projects/KBM_classifier_IFS_data/pscratch_sd_d_drhatch_pscans3_scanfiles0157/scanfiles0157,0.90453915,0.91284211,0,0,0.985,0.056206066,-1,-1,
/pscratch/sd/j/joeschm/MGKDB_projects/KBM_classifier_IFS_data/pscratch_sd_d_drhatch_pscans3_scanfiles0157/scanfiles0157,0.90453915,0.91284211,0,0,0.985,0.11241213,0.599,-7.456,ITG_TEM
/pscratch/sd/j/joeschm/MGKDB_projects/KBM_classifier_IFS_data/pscratch_sd_d_drhatch_pscans3_scanfiles0157/scanfiles0157,0.90453915,0.91284211,0,0,0.985,0.1686182,0.771,-10.806,MTM
/pscratch/sd/j/joeschm/MGKDB_projects/KBM_classifier_IFS_data/pscratch_sd_d_drhatch_pscans3_scanfiles0157/scanfiles0157,0.90453915,0.91284211,0,0,0.985,0.22482426,0.326,-11.039,MTM
/pscratch/sd/j/joeschm/MGKDB_projects/KBM_classifier_IFS_data/pscratch_sd_d_drhatch_pscans3_scanfiles0157/scanfiles0157,0.90453915,0.91284211,0,0,0.985,0.28103033,-1,-1,
/pscratch/sd/j/joeschm/MGKDB_projects/KBM_classifier_IFS_data/pscratch_sd_d_drhatch_pscans3_scanfiles0157/scanfiles0157,0.90453915,0.91284211,0,0,0.985,0.39344245,0.001,-5.685,ETG
/pscratch/sd/j/joeschm/MGKDB_projects/KBM_classifier_IFS_data/pscratch_sd_d_drhatch_pscans3_scanfiles0157/scanfiles0157,0.90453915,0.91284211,0,0,0.985,0.56206065,0.488,-7.292,ETG
/pscratch/sd/j/joeschm/MGKDB_projects/KBM_classifier_IFS_data/pscratch_sd_d_drhatch_pscans3_scanfiles0158/scanfiles0158,1,0.91284211,0,0,0.985,0.029544847,-1,-1,
/pscratch/sd/j/joeschm/MGKDB_projects/KBM_classifier_IFS_data/pscratch_sd_d_drhatch_pscans3_scanfiles0158/scanfiles0158,1,0.91284211,0,0,0.985,0.059089694,-1,-1,
/pscratch/sd/j/joeschm/MGKDB_projects/KBM_classifier_IFS_data/pscratch_sd_d_drhatch_pscans3_scanfiles0158/scanfiles0158,1,0.91284211,0,0,0.985,0.11817939,0.468,-6.732,MTM
/pscratch/sd/j/joeschm/MGKDB_projects/KBM_classifier_IFS_data/pscratch_sd_d_drhatch_pscans3_scanfiles0158/scanfiles0158,1,0.91284211,0,0,0.985,0.17726909,1.007,-10.674,MTM
/pscratch/sd/j/joeschm/MGKDB_projects/KBM_classifier_IFS_data/pscratch_sd_d_drhatch_pscans3_scanfiles0158/scanfiles0158,1,0.91284211,0,0,0.985,0.23635878,0.35382385,-11.036915,ITG_TEM
/pscratch/sd/j/joeschm/MGKDB_projects/KBM_classifier_IFS_data/pscratch_sd_d_drhatch_pscans3_scanfiles0158/scanfiles0158,1,0.91284211,0,0,0.985,0.29544845,0.286,-4.973,ETG
/pscratch/sd/j/joeschm/MGKDB_projects/KBM_classifier_IFS_data/pscratch_sd_d_drhatch_pscans3_scanfiles0158/scanfiles0158,1,0.91284211,0,0,0.985,0.41362783,1.013,-6.128,ETG
/pscratch/sd/j/joeschm/MGKDB_projects/KBM_classifier_IFS_data/pscratch_sd_d_drhatch_pscans3_scanfiles0158/scanfiles0158,1,0.91284211,0,0,0.985,0.5908969,1.805,-8.003,ETG
/pscratch/sd/j/joeschm/MGKDB_projects/KBM_classifier_IFS_data/pscratch_sd_d_drhatch_pscans3_scanfiles0159/scanfiles0159,1.0958688,1.0875043,0,0,0.99,0.02799827,-1,-1,
/pscratch/sd/j/joeschm/MGKDB_projects/KBM_classifier_IFS_data/pscratch_sd_d_drhatch_pscans3_scanfiles0159/scanfiles0159,1.0958688,1.0875043,0,0,0.99,0.055996541,-0.057976,-0.0032010219,
/pscratch/sd/j/joeschm/MGKDB_projects/KBM_classifier_IFS_data/pscratch_sd_d_drhatch_pscans3_scanfiles0159/scanfiles0159,1.0958688,1.0875043,0,0,0.99,0.11199308,0.938,-5.96,ITG_TEM
/pscratch/sd/j/joeschm/MGKDB_projects/KBM_classifier_IFS_data/pscratch_sd_d_drhatch_pscans3_scanfiles0159/scanfiles0159,1.0958688,1.0875043,0,0,0.99,0.16798963,0.946,-9.248,ITG_TEM
/pscratch/sd/j/joeschm/MGKDB_projects/KBM_classifier_IFS_data/pscratch_sd_d_drhatch_pscans3_scanfiles0159/scanfiles0159,1.0958688,1.0875043,0,0,0.99,0.22398616,0.425,-9.12,ITG_TEM
/pscratch/sd/j/joeschm/MGKDB_projects/KBM_classifier_IFS_data/pscratch_sd_d_drhatch_pscans3_scanfiles0159/scanfiles0159,1.0958688,1.0875043,0,0,0.99,0.27998272,0.39535279,-5.9173934,ETG
/pscratch/sd/j/joeschm/MGKDB_projects/KBM_classifier_IFS_data/pscratch_sd_d_drhatch_pscans3_scanfiles0159/scanfiles0159,1.0958688,1.0875043,0,0,0.99,0.39197579,0.951,-7.491,ETG
/pscratch/sd/j/joeschm/MGKDB_projects/KBM_classifier_IFS_data/pscratch_sd_d_drhatch_pscans3_scanfiles0159/scanfiles0159,1.0958688,1.0875043,0,0,0.99,0.55996543,1.31,-10.112,ETG
/pscratch/sd/j/joeschm/MGKDB_projects/KBM_classifier_IFS_data/pscratch_sd_d_drhatch_pscans3_scanfiles0160/scanfiles0160,1.1887116,1,0,0,0.975,0.042683125,0.186,-3.555,MTM
/pscratch/sd/j/joeschm/MGKDB_projects/KBM_classifier_IFS_data/pscratch_sd_d_drhatch_pscans3_scanfiles0160/scanfiles0160,1.1887116,1,0,0,0.975,0.085366249,-1,-1,
/pscratch/sd/j/joeschm/MGKDB_projects/KBM_classifier_IFS_data/pscratch_sd_d_drhatch_pscans3_scanfiles0160/scanfiles0160,1.1887116,1,0,0,0.975,0.1707325,0.466,-11.127,MTM
/pscratch/sd/j/joeschm/MGKDB_projects/KBM_classifier_IFS_data/pscratch_sd_d_drhatch_pscans3_scanfiles0160/scanfiles0160,1.1887116,1,0,0,0.975,0.25609872,0.707,-1.35,
/pscratch/sd/j/joeschm/MGKDB_projects/KBM_classifier_IFS_data/pscratch_sd_d_drhatch_pscans3_scanfiles0160/scanfiles0160,1.1887116,1,0,0,0.975,0.341465,0.962,-0.983,
/pscratch/sd/j/joeschm/MGKDB_projects/KBM_classifier_IFS_data/pscratch_sd_d_drhatch_pscans3_scanfiles0160/scanfiles0160,1.1887116,1,0,0,0.975,0.42683116,1.0386817,-0.63887827,
/pscratch/sd/j/joeschm/MGKDB_projects/KBM_classifier_IFS_data/pscratch_sd_d_drhatch_pscans3_scanfiles0160/scanfiles0160,1.1887116,1,0,0,0.975,0.59756362,1.685,-3.397,
/pscratch/sd/j/joeschm/MGKDB_projects/KBM_classifier_IFS_data/pscratch_sd_d_drhatch_pscans3_scanfiles0160/scanfiles0160,1.1887116,1,0,0,0.975,0.85366231,2.129,-3.539,ETG
/pscratch/sd/j/joeschm/MGKDB_projects/KBM_classifier_IFS_data/pscratch_sd_d_drhatch_pscans3_scanfiles0161/scanfiles0161,0.90412988,0.9124957,0,0,0.99,0.025605453,-0.057472643,0.013786049,
/pscratch/sd/j/joeschm/MGKDB_projects/KBM_classifier_IFS_data/pscratch_sd_d_drhatch_pscans3_scanfiles0161/scanfiles0161,0.90412988,0.9124957,0,0,0.99,0.051210906,-1,-1,
/pscratch/sd/j/joeschm/MGKDB_projects/KBM_classifier_IFS_data/pscratch_sd_d_drhatch_pscans3_scanfiles0161/scanfiles0161,0.90412988,0.9124957,0,0,0.99,0.10242181,0.985,-7.545,MTM
/pscratch/sd/j/joeschm/MGKDB_projects/KBM_classifier_IFS_data/pscratch_sd_d_drhatch_pscans3_scanfiles0161/scanfiles0161,0.90412988,0.9124957,0,0,0.99,0.15363273,0.579,-10.271,MTM
/pscratch/sd/j/joeschm/MGKDB_projects/KBM_classifier_IFS_data/pscratch_sd_d_drhatch_pscans3_scanfiles0161/scanfiles0161,0.90412988,0.9124957,0,0,0.99,0.20484363,0.429,-10.108,MTM
/pscratch/sd/j/joeschm/MGKDB_projects/KBM_classifier_IFS_data/pscratch_sd_d_drhatch_pscans3_scanfiles0161/scanfiles0161,0.90412988,0.9124957,0,0,0.99,0.25605455,0.635,-9.574,ITG_TEM
/pscratch/sd/j/joeschm/MGKDB_projects/KBM_classifier_IFS_data/pscratch_sd_d_drhatch_pscans3_scanfiles0161/scanfiles0161,0.90412988,0.9124957,0,0,0.99,0.35847634,0.168,-3.685,ETG
/pscratch/sd/j/joeschm/MGKDB_projects/KBM_classifier_IFS_data/pscratch_sd_d_drhatch_pscans3_scanfiles0161/scanfiles0161,0.90412988,0.9124957,0,0,0.99,0.5121091,0.682,-4.187,ETG
/pscratch/sd/j/joeschm/MGKDB_projects/KBM_classifier_IFS_data/pscratch_sd_d_drhatch_pscans3_scanfiles0162/scanfiles0162,1.1899103,1,0,0,0.98,0.037897192,0.085,-3.707,MTM
/pscratch/sd/j/joeschm/MGKDB_projects/KBM_classifier_IFS_data/pscratch_sd_d_drhatch_pscans3_scanfiles0162/scanfiles0162,1.1899103,1,0,0,0.98,0.075794384,-1,-1,
/pscratch/sd/j/joeschm/MGKDB_projects/KBM_classifier_IFS_data/pscratch_sd_d_drhatch_pscans3_scanfiles0162/scanfiles0162,1.1899103,1,0,0,0.98,0.15158877,0.358,-1.451,
/pscratch/sd/j/joeschm/MGKDB_projects/KBM_classifier_IFS_data/pscratch_sd_d_drhatch_pscans3_scanfiles0162/scanfiles0162,1.1899103,1,0,0,0.98,0.22738315,0.691,-0.972,
/pscratch/sd/j/joeschm/MGKDB_projects/KBM_classifier_IFS_data/pscratch_sd_d_drhatch_pscans3_scanfiles0162/scanfiles0162,1.1899103,1,0,0,0.98,0.30317754,1.1212925,-3.9780958,ITG_TEM
/pscratch/sd/j/joeschm/MGKDB_projects/KBM_classifier_IFS_data/pscratch_sd_d_drhatch_pscans3_scanfiles0162/scanfiles0162,1.1899103,1,0,0,0.98,0.37897193,1.505,-3.81,ITG_TEM
/pscratch/sd/j/joeschm/MGKDB_projects/KBM_classifier_IFS_data/pscratch_sd_d_drhatch_pscans3_scanfiles0162/scanfiles0162,1.1899103,1,0,0,0.98,0.53056067,1.802,-3.8,ETG
/pscratch/sd/j/joeschm/MGKDB_projects/KBM_classifier_IFS_data/pscratch_sd_d_drhatch_pscans3_scanfiles0162/scanfiles0162,1.1899103,1,0,0,0.98,0.75794387,2.962,-4.776,ETG
/pscratch/sd/j/joeschm/MGKDB_projects/KBM_classifier_IFS_data/pscratch_sd_d_drhatch_pscans3_scanfiles0163/scanfiles0163,1.1533339,1,0,0,0.935,0.055771988,-1,-1,MTM
/pscratch/sd/j/joeschm/MGKDB_projects/KBM_classifier_IFS_data/pscratch_sd_d_drhatch_pscans3_scanfiles0163/scanfiles0163,1.1533339,1,0,0,0.935,0.11154398,-1,-1,MTM
/pscratch/sd/j/joeschm/MGKDB_projects/KBM_classifier_IFS_data/pscratch_sd_d_drhatch_pscans3_scanfiles0163/scanfiles0163,1.1533339,1,0,0,0.935,0.22308795,0.096350649,0.16636131,ITG_TEM
/pscratch/sd/j/joeschm/MGKDB_projects/KBM_classifier_IFS_data/pscratch_sd_d_drhatch_pscans3_scanfiles0163/scanfiles0163,1.1533339,1,0,0,0.935,0.33463189,0.16058,0.15529903,ITG_TEM
/pscratch/sd/j/joeschm/MGKDB_projects/KBM_classifier_IFS_data/pscratch_sd_d_drhatch_pscans3_scanfiles0163/scanfiles0163,1.1533339,1,0,0,0.935,0.4461759,0.24423357,0.14947579,ITG_TEM
/pscratch/sd/j/joeschm/MGKDB_projects/KBM_classifier_IFS_data/pscratch_sd_d_drhatch_pscans3_scanfiles0163/scanfiles0163,1.1533339,1,0,0,0.935,0.55771983,0.32314901,0.17772361,ITG_TEM
/pscratch/sd/j/joeschm/MGKDB_projects/KBM_classifier_IFS_data/pscratch_sd_d_drhatch_pscans3_scanfiles0163/scanfiles0163,1.1533339,1,0,0,0.935,0.78080779,0.425,0.287,ITG_TEM
/pscratch/sd/j/joeschm/MGKDB_projects/KBM_classifier_IFS_data/pscratch_sd_d_drhatch_pscans3_scanfiles0163/scanfiles0163,1.1533339,1,0,0,0.935,1.1154397,0.46,0.474,ITG_TEM
/pscratch/sd/j/joeschm/MGKDB_projects/KBM_classifier_IFS_data/pscratch_sd_d_drhatch_pscans3_scanfiles0164/scanfiles0164,1.1887662,1.1213513,0,0,0.95,0.050045121,-0.017258879,-0.084813327,ITG_TEM
/pscratch/sd/j/joeschm/MGKDB_projects/KBM_classifier_IFS_data/pscratch_sd_d_drhatch_pscans3_scanfiles0164/scanfiles0164,1.1887662,1.1213513,0,0,0.95,0.10009024,-1,-1,MTM
/pscratch/sd/j/joeschm/MGKDB_projects/KBM_classifier_IFS_data/pscratch_sd_d_drhatch_pscans3_scanfiles0164/scanfiles0164,1.1887662,1.1213513,0,0,0.95,0.20018049,0.022683196,-0.34340695,ITG_TEM
/pscratch/sd/j/joeschm/MGKDB_projects/KBM_classifier_IFS_data/pscratch_sd_d_drhatch_pscans3_scanfiles0164/scanfiles0164,1.1887662,1.1213513,0,0,0.95,0.30027074,0.078175884,-0.4536841,ITG_TEM
/pscratch/sd/j/joeschm/MGKDB_projects/KBM_classifier_IFS_data/pscratch_sd_d_drhatch_pscans3_scanfiles0164/scanfiles0164,1.1887662,1.1213513,0,0,0.95,0.40036097,0.14419166,-0.52622443,ITG_TEM
/pscratch/sd/j/joeschm/MGKDB_projects/KBM_classifier_IFS_data/pscratch_sd_d_drhatch_pscans3_scanfiles0164/scanfiles0164,1.1887662,1.1213513,0,0,0.95,0.50045127,0.21,-0.567,ITG_TEM
/pscratch/sd/j/joeschm/MGKDB_projects/KBM_classifier_IFS_data/pscratch_sd_d_drhatch_pscans3_scanfiles0164/scanfiles0164,1.1887662,1.1213513,0,0,0.95,0.70063174,0.33,-0.588,ITG_TEM
/pscratch/sd/j/joeschm/MGKDB_projects/KBM_classifier_IFS_data/pscratch_sd_d_drhatch_pscans3_scanfiles0164/scanfiles0164,1.1887662,1.1213513,0,0,0.95,1.0009025,0.467,-0.539,ITG_TEM
/pscratch/sd/j/joeschm/MGKDB_projects/KBM_classifier_IFS_data/pscratch_sd_d_drhatch_pscans3_scanfiles0165/scanfiles0165,1,0.9418366,0,0,0.935,0.044194918,-1,-1,MTM
/pscratch/sd/j/joeschm/MGKDB_projects/KBM_classifier_IFS_data/pscratch_sd_d_drhatch_pscans3_scanfiles0165/scanfiles0165,1,0.9418366,0,0,0.935,0.088389836,-1,-1,ITG_TEM
/pscratch/sd/j/joeschm/MGKDB_projects/KBM_classifier_IFS_data/pscratch_sd_d_drhatch_pscans3_scanfiles0165/scanfiles0165,1,0.9418366,0,0,0.935,0.17677967,0.020582721,0.045006073,ITG_TEM
/pscratch/sd/j/joeschm/MGKDB_projects/KBM_classifier_IFS_data/pscratch_sd_d_drhatch_pscans3_scanfiles0165/scanfiles0165,1,0.9418366,0,0,0.935,0.26516953,0.057115285,0.075543232,ITG_TEM
/pscratch/sd/j/joeschm/MGKDB_projects/KBM_classifier_IFS_data/pscratch_sd_d_drhatch_pscans3_scanfiles0165/scanfiles0165,1,0.9418366,0,0,0.935,0.35355935,0.11535198,0.10021663,ITG_TEM
/pscratch/sd/j/joeschm/MGKDB_projects/KBM_classifier_IFS_data/pscratch_sd_d_drhatch_pscans3_scanfiles0165/scanfiles0165,1,0.9418366,0,0,0.935,0.44194922,0.18247606,0.11595975,ITG_TEM
/pscratch/sd/j/joeschm/MGKDB_projects/KBM_classifier_IFS_data/pscratch_sd_d_drhatch_pscans3_scanfiles0165/scanfiles0165,1,0.9418366,0,0,0.935,0.61872894,0.288,0.18,ITG_TEM
/pscratch/sd/j/joeschm/MGKDB_projects/KBM_classifier_IFS_data/pscratch_sd_d_drhatch_pscans3_scanfiles0165/scanfiles0165,1,0.9418366,0,0,0.935,0.88389844,0.347,0.325,ITG_TEM
/pscratch/sd/j/joeschm/MGKDB_projects/KBM_classifier_IFS_data/pscratch_sd_d_drhatch_pscans3_scanfiles0166/scanfiles0166,1.1908903,1,0,0,0.985,0.033171948,-1,-1,
/pscratch/sd/j/joeschm/MGKDB_projects/KBM_classifier_IFS_data/pscratch_sd_d_drhatch_pscans3_scanfiles0166/scanfiles0166,1.1908903,1,0,0,0.985,0.066343896,-1,-1,ETG
/pscratch/sd/j/joeschm/MGKDB_projects/KBM_classifier_IFS_data/pscratch_sd_d_drhatch_pscans3_scanfiles0166/scanfiles0166,1.1908903,1,0,0,0.985,0.13268779,0.206,-1.504,ETG
/pscratch/sd/j/joeschm/MGKDB_projects/KBM_classifier_IFS_data/pscratch_sd_d_drhatch_pscans3_scanfiles0166/scanfiles0166,1.1908903,1,0,0,0.985,0.19903168,0.896,-9.349,ITG_TEM
/pscratch/sd/j/joeschm/MGKDB_projects/KBM_classifier_IFS_data/pscratch_sd_d_drhatch_pscans3_scanfiles0166/scanfiles0166,1.1908903,1,0,0,0.985,0.26537558,0.99993422,-4.8258109,ITG_TEM
/pscratch/sd/j/joeschm/MGKDB_projects/KBM_classifier_IFS_data/pscratch_sd_d_drhatch_pscans3_scanfiles0166/scanfiles0166,1.1908903,1,0,0,0.985,0.33171946,1.398,-4.705,ETG
/pscratch/sd/j/joeschm/MGKDB_projects/KBM_classifier_IFS_data/pscratch_sd_d_drhatch_pscans3_scanfiles0166/scanfiles0166,1.1908903,1,0,0,0.985,0.46440724,2.375,-5.835,ETG
/pscratch/sd/j/joeschm/MGKDB_projects/KBM_classifier_IFS_data/pscratch_sd_d_drhatch_pscans3_scanfiles0166/scanfiles0166,1.1908903,1,0,0,0.985,0.66343892,3.625,-7.946,ETG
/pscratch/sd/j/joeschm/MGKDB_projects/KBM_classifier_IFS_data/pscratch_sd_d_drhatch_pscans3_scanfiles0167/scanfiles0167,1.2601942,1.0341548,0,0,0.94,0.055896964,-1,-1,MTM
/pscratch/sd/j/joeschm/MGKDB_projects/KBM_classifier_IFS_data/pscratch_sd_d_drhatch_pscans3_scanfiles0167/scanfiles0167,1.2601942,1.0341548,0,0,0.94,0.11179393,-1,-1,MTM
/pscratch/sd/j/joeschm/MGKDB_projects/KBM_classifier_IFS_data/pscratch_sd_d_drhatch_pscans3_scanfiles0167/scanfiles0167,1.2601942,1.0341548,0,0,0.94,0.22358786,-1,-1,ITG_TEM
/pscratch/sd/j/joeschm/MGKDB_projects/KBM_classifier_IFS_data/pscratch_sd_d_drhatch_pscans3_scanfiles0167/scanfiles0167,1.2601942,1.0341548,0,0,0.94,0.33538178,0.065937702,-0.1965204,ITG_TEM
/pscratch/sd/j/joeschm/MGKDB_projects/KBM_classifier_IFS_data/pscratch_sd_d_drhatch_pscans3_scanfiles0167/scanfiles0167,1.2601942,1.0341548,0,0,0.94,0.44717571,0.15225172,-0.19533416,ITG_TEM
/pscratch/sd/j/joeschm/MGKDB_projects/KBM_classifier_IFS_data/pscratch_sd_d_drhatch_pscans3_scanfiles0167/scanfiles0167,1.2601942,1.0341548,0,0,0.94,0.55896968,0.21921088,-0.16616234,ITG_TEM
/pscratch/sd/j/joeschm/MGKDB_projects/KBM_classifier_IFS_data/pscratch_sd_d_drhatch_pscans3_scanfiles0167/scanfiles0167,1.2601942,1.0341548,0,0,0.94,0.78255749,0.302,-0.072,ITG_TEM
/pscratch/sd/j/joeschm/MGKDB_projects/KBM_classifier_IFS_data/pscratch_sd_d_drhatch_pscans3_scanfiles0167/scanfiles0167,1.2601942,1.0341548,0,0,0.94,1.1179394,0.338,0.065,ITG_TEM
/pscratch/sd/j/joeschm/MGKDB_projects/KBM_classifier_IFS_data/pscratch_sd_d_drhatch_pscans3_scanfiles0168/scanfiles0168,1,1,0,0,0.97,0.039174128,-1,-1,
/pscratch/sd/j/joeschm/MGKDB_projects/KBM_classifier_IFS_data/pscratch_sd_d_drhatch_pscans3_scanfiles0168/scanfiles0168,1,1,0,0,0.97,0.078348257,-0.032130571,-0.079692869,
/pscratch/sd/j/joeschm/MGKDB_projects/KBM_classifier_IFS_data/pscratch_sd_d_drhatch_pscans3_scanfiles0168/scanfiles0168,1,1,0,0,0.97,0.15669651,0.548,-8.624,MTM
/pscratch/sd/j/joeschm/MGKDB_projects/KBM_classifier_IFS_data/pscratch_sd_d_drhatch_pscans3_scanfiles0168/scanfiles0168,1,1,0,0,0.97,0.23504479,0.561,-11.976,MTM
/pscratch/sd/j/joeschm/MGKDB_projects/KBM_classifier_IFS_data/pscratch_sd_d_drhatch_pscans3_scanfiles0168/scanfiles0168,1,1,0,0,0.97,0.31339303,0.507,-15.109,MTM
/pscratch/sd/j/joeschm/MGKDB_projects/KBM_classifier_IFS_data/pscratch_sd_d_drhatch_pscans3_scanfiles0168/scanfiles0168,1,1,0,0,0.97,0.39174131,0.444,-17.573,MTM
/pscratch/sd/j/joeschm/MGKDB_projects/KBM_classifier_IFS_data/pscratch_sd_d_drhatch_pscans3_scanfiles0168/scanfiles0168,1,1,0,0,0.97,0.54843777,0.055010046,-0.48603559,
/pscratch/sd/j/joeschm/MGKDB_projects/KBM_classifier_IFS_data/pscratch_sd_d_drhatch_pscans3_scanfiles0168/scanfiles0168,1,1,0,0,0.97,0.78348261,-0.036339628,-0.19218023,
/pscratch/sd/j/joeschm/MGKDB_projects/KBM_classifier_IFS_data/pscratch_sd_d_drhatch_pscans3_scanfiles0169/scanfiles0169,1.195225,1.0811017,0,0,0.955,0.049435031,-1,-1,MTM
/pscratch/sd/j/joeschm/MGKDB_projects/KBM_classifier_IFS_data/pscratch_sd_d_drhatch_pscans3_scanfiles0169/scanfiles0169,1.195225,1.0811017,0,0,0.955,0.098870061,-1,-1,ITG_TEM
/pscratch/sd/j/joeschm/MGKDB_projects/KBM_classifier_IFS_data/pscratch_sd_d_drhatch_pscans3_scanfiles0169/scanfiles0169,1.195225,1.0811017,0,0,0.955,0.19774012,-1,-1,ITG_TEM
/pscratch/sd/j/joeschm/MGKDB_projects/KBM_classifier_IFS_data/pscratch_sd_d_drhatch_pscans3_scanfiles0169/scanfiles0169,1.195225,1.0811017,0,0,0.955,0.29661018,0.035263838,-0.43173281,ITG_TEM
/pscratch/sd/j/joeschm/MGKDB_projects/KBM_classifier_IFS_data/pscratch_sd_d_drhatch_pscans3_scanfiles0169/scanfiles0169,1.195225,1.0811017,0,0,0.955,0.39548025,0.086,-0.508,ITG_TEM
/pscratch/sd/j/joeschm/MGKDB_projects/KBM_classifier_IFS_data/pscratch_sd_d_drhatch_pscans3_scanfiles0169/scanfiles0169,1.195225,1.0811017,0,0,0.955,0.49435034,0.146,-0.559,ITG_TEM
/pscratch/sd/j/joeschm/MGKDB_projects/KBM_classifier_IFS_data/pscratch_sd_d_drhatch_pscans3_scanfiles0169/scanfiles0169,1.195225,1.0811017,0,0,0.955,0.69209045,0.273,-0.602,ITG_TEM
/pscratch/sd/j/joeschm/MGKDB_projects/KBM_classifier_IFS_data/pscratch_sd_d_drhatch_pscans3_scanfiles0169/scanfiles0169,1.195225,1.0811017,0,0,0.955,0.98870069,0.414,-0.548,ITG_TEM
/pscratch/sd/j/joeschm/MGKDB_projects/KBM_classifier_IFS_data/pscratch_sd_d_drhatch_pscans3_scanfiles0170/scanfiles0170,1.2720769,1,0,0,0.945,0.055857785,-1,-1,MTM
/pscratch/sd/j/joeschm/MGKDB_projects/KBM_classifier_IFS_data/pscratch_sd_d_drhatch_pscans3_scanfiles0170/scanfiles0170,1.2720769,1,0,0,0.945,0.11171557,-1,-1,MTM
/pscratch/sd/j/joeschm/MGKDB_projects/KBM_classifier_IFS_data/pscratch_sd_d_drhatch_pscans3_scanfiles0170/scanfiles0170,1.2720769,1,0,0,0.945,0.22343114,0.044952278,-0.24166715,ITG_TEM
/pscratch/sd/j/joeschm/MGKDB_projects/KBM_classifier_IFS_data/pscratch_sd_d_drhatch_pscans3_scanfiles0170/scanfiles0170,1.2720769,1,0,0,0.945,0.33514675,0.12082467,-0.32058598,ITG_TEM
/pscratch/sd/j/joeschm/MGKDB_projects/KBM_classifier_IFS_data/pscratch_sd_d_drhatch_pscans3_scanfiles0170/scanfiles0170,1.2720769,1,0,0,0.945,0.44686228,0.199706,-0.36140505,ITG_TEM
/pscratch/sd/j/joeschm/MGKDB_projects/KBM_classifier_IFS_data/pscratch_sd_d_drhatch_pscans3_scanfiles0170/scanfiles0170,1.2720769,1,0,0,0.945,0.55857784,0.272,-0.372,ITG_TEM
/pscratch/sd/j/joeschm/MGKDB_projects/KBM_classifier_IFS_data/pscratch_sd_d_drhatch_pscans3_scanfiles0170/scanfiles0170,1.2720769,1,0,0,0.945,0.78200907,0.386,-0.341,ITG_TEM
/pscratch/sd/j/joeschm/MGKDB_projects/KBM_classifier_IFS_data/pscratch_sd_d_drhatch_pscans3_scanfiles0170/scanfiles0170,1.2720769,1,0,0,0.945,1.1171557,0.507,-0.262,ITG_TEM
/pscratch/sd/j/joeschm/MGKDB_projects/KBM_classifier_IFS_data/pscratch_sd_d_drhatch_pscans3_scanfiles0171/scanfiles0171,1.1917309,1,0,0,0.99,0.028963311,-0.059642668,0.020940915,
/pscratch/sd/j/joeschm/MGKDB_projects/KBM_classifier_IFS_data/pscratch_sd_d_drhatch_pscans3_scanfiles0171/scanfiles0171,1.1917309,1,0,0,0.99,0.057926621,-0.058259655,-0.0031075875,ETG
/pscratch/sd/j/joeschm/MGKDB_projects/KBM_classifier_IFS_data/pscratch_sd_d_drhatch_pscans3_scanfiles0171/scanfiles0171,1.1917309,1,0,0,0.99,0.11585324,1.125,-6.181,ITG_TEM
/pscratch/sd/j/joeschm/MGKDB_projects/KBM_classifier_IFS_data/pscratch_sd_d_drhatch_pscans3_scanfiles0171/scanfiles0171,1.1917309,1,0,0,0.99,0.17377988,1.547,-9.27,ITG_TEM
/pscratch/sd/j/joeschm/MGKDB_projects/KBM_classifier_IFS_data/pscratch_sd_d_drhatch_pscans3_scanfiles0171/scanfiles0171,1.1917309,1,0,0,0.99,0.23170649,1.304,-9.094,ITG_TEM
/pscratch/sd/j/joeschm/MGKDB_projects/KBM_classifier_IFS_data/pscratch_sd_d_drhatch_pscans3_scanfiles0171/scanfiles0171,1.1917309,1,0,0,0.99,0.2896331,1.6142908,-7.1178982,ETG
/pscratch/sd/j/joeschm/MGKDB_projects/KBM_classifier_IFS_data/pscratch_sd_d_drhatch_pscans3_scanfiles0171/scanfiles0171,1.1917309,1,0,0,0.99,0.40548638,2.6166695,-3.3949438,ETG
/pscratch/sd/j/joeschm/MGKDB_projects/KBM_classifier_IFS_data/pscratch_sd_d_drhatch_pscans3_scanfiles0171/scanfiles0171,1.1917309,1,0,0,0.99,0.57926619,4.2,-3.929,ETG
/pscratch/sd/j/joeschm/MGKDB_projects/KBM_classifier_IFS_data/pscratch_sd_d_drhatch_pscans3_scanfiles0172/scanfiles0172,1.0867629,0.96584519,0,0,0.94,0.044233814,-1,-1,MTM
/pscratch/sd/j/joeschm/MGKDB_projects/KBM_classifier_IFS_data/pscratch_sd_d_drhatch_pscans3_scanfiles0172/scanfiles0172,1.0867629,0.96584519,0,0,0.94,0.088467628,-1,-1,ITG_TEM
/pscratch/sd/j/joeschm/MGKDB_projects/KBM_classifier_IFS_data/pscratch_sd_d_drhatch_pscans3_scanfiles0172/scanfiles0172,1.0867629,0.96584519,0,0,0.94,0.17693526,-0.048842136,0.040033638,ITG_TEM
/pscratch/sd/j/joeschm/MGKDB_projects/KBM_classifier_IFS_data/pscratch_sd_d_drhatch_pscans3_scanfiles0172/scanfiles0172,1.0867629,0.96584519,0,0,0.94,0.26540291,-1,-1,ITG_TEM
/pscratch/sd/j/joeschm/MGKDB_projects/KBM_classifier_IFS_data/pscratch_sd_d_drhatch_pscans3_scanfiles0172/scanfiles0172,1.0867629,0.96584519,0,0,0.94,0.35387051,0.090908571,-0.3953917,ITG_TEM
/pscratch/sd/j/joeschm/MGKDB_projects/KBM_classifier_IFS_data/pscratch_sd_d_drhatch_pscans3_scanfiles0172/scanfiles0172,1.0867629,0.96584519,0,0,0.94,0.4423382,0.194,-0.418,ITG_TEM
/pscratch/sd/j/joeschm/MGKDB_projects/KBM_classifier_IFS_data/pscratch_sd_d_drhatch_pscans3_scanfiles0172/scanfiles0172,1.0867629,0.96584519,0,0,0.94,0.61927342,0.329,-0.399,ITG_TEM
/pscratch/sd/j/joeschm/MGKDB_projects/KBM_classifier_IFS_data/pscratch_sd_d_drhatch_pscans3_scanfiles0172/scanfiles0172,1.0867629,0.96584519,0,0,0.94,0.8846764,0.412,-0.337,ITG_TEM
/pscratch/sd/j/joeschm/MGKDB_projects/KBM_classifier_IFS_data/pscratch_sd_d_drhatch_pscans3_scanfiles0173/scanfiles0173,1.2001901,1.0832205,0,0,0.96,0.048209079,-0.03389017,-0.17412222,ETG
/pscratch/sd/j/joeschm/MGKDB_projects/KBM_classifier_IFS_data/pscratch_sd_d_drhatch_pscans3_scanfiles0173/scanfiles0173,1.2001901,1.0832205,0,0,0.96,0.096418157,-1,-1,ITG_TEM
/pscratch/sd/j/joeschm/MGKDB_projects/KBM_classifier_IFS_data/pscratch_sd_d_drhatch_pscans3_scanfiles0173/scanfiles0173,1.2001901,1.0832205,0,0,0.96,0.19283631,0.0091015171,-0.25948387,ITG_TEM
/pscratch/sd/j/joeschm/MGKDB_projects/KBM_classifier_IFS_data/pscratch_sd_d_drhatch_pscans3_scanfiles0173/scanfiles0173,1.2001901,1.0832205,0,0,0.96,0.28925446,0.01893861,-0.32861322,ITG_TEM
/pscratch/sd/j/joeschm/MGKDB_projects/KBM_classifier_IFS_data/pscratch_sd_d_drhatch_pscans3_scanfiles0173/scanfiles0173,1.2001901,1.0832205,0,0,0.96,0.38567263,0.044,-0.391,ITG_TEM
/pscratch/sd/j/joeschm/MGKDB_projects/KBM_classifier_IFS_data/pscratch_sd_d_drhatch_pscans3_scanfiles0173/scanfiles0173,1.2001901,1.0832205,0,0,0.96,0.48209077,0.078,-0.436,ITG_TEM
/pscratch/sd/j/joeschm/MGKDB_projects/KBM_classifier_IFS_data/pscratch_sd_d_drhatch_pscans3_scanfiles0173/scanfiles0173,1.2001901,1.0832205,0,0,0.96,0.67492706,0.175,-0.454,ITG_TEM
/pscratch/sd/j/joeschm/MGKDB_projects/KBM_classifier_IFS_data/pscratch_sd_d_drhatch_pscans3_scanfiles0173/scanfiles0173,1.2001901,1.0832205,0,0,0.96,0.96418154,0.183,-0.346,ITG_TEM
/pscratch/sd/j/joeschm/MGKDB_projects/KBM_classifier_IFS_data/pscratch_sd_d_drhatch_pscans3_scanfiles0174/scanfiles0174,1,1,0,0,0.975,0.036309432,-1,-1,
/pscratch/sd/j/joeschm/MGKDB_projects/KBM_classifier_IFS_data/pscratch_sd_d_drhatch_pscans3_scanfiles0174/scanfiles0174,1,1,0,0,0.975,0.072618864,-0.035745677,-0.033646234,
/pscratch/sd/j/joeschm/MGKDB_projects/KBM_classifier_IFS_data/pscratch_sd_d_drhatch_pscans3_scanfiles0174/scanfiles0174,1,1,0,0,0.975,0.14523773,0.113,-9.453,MTM
/pscratch/sd/j/joeschm/MGKDB_projects/KBM_classifier_IFS_data/pscratch_sd_d_drhatch_pscans3_scanfiles0174/scanfiles0174,1,1,0,0,0.975,0.21785659,0.19247594,-12.8155,MTM
/pscratch/sd/j/joeschm/MGKDB_projects/KBM_classifier_IFS_data/pscratch_sd_d_drhatch_pscans3_scanfiles0174/scanfiles0174,1,1,0,0,0.975,0.29047546,0.289,-0.611,
/pscratch/sd/j/joeschm/MGKDB_projects/KBM_classifier_IFS_data/pscratch_sd_d_drhatch_pscans3_scanfiles0174/scanfiles0174,1,1,0,0,0.975,0.36309433,0.277,-0.307,
/pscratch/sd/j/joeschm/MGKDB_projects/KBM_classifier_IFS_data/pscratch_sd_d_drhatch_pscans3_scanfiles0174/scanfiles0174,1,1,0,0,0.975,0.50833201,0.034310962,0.088287098,
/pscratch/sd/j/joeschm/MGKDB_projects/KBM_classifier_IFS_data/pscratch_sd_d_drhatch_pscans3_scanfiles0174/scanfiles0174,1,1,0,0,0.975,0.72618866,0.416,-4.405,ETG
/pscratch/sd/j/joeschm/MGKDB_projects/KBM_classifier_IFS_data/pscratch_sd_d_drhatch_pscans3_scanfiles0175/scanfiles0175,1.2832168,1.0404238,0,0,0.95,0.055517484,-0.019603779,-0.083079975,ITG_TEM
/pscratch/sd/j/joeschm/MGKDB_projects/KBM_classifier_IFS_data/pscratch_sd_d_drhatch_pscans3_scanfiles0175/scanfiles0175,1.2832168,1.0404238,0,0,0.95,0.11103497,-1,-1,MTM
/pscratch/sd/j/joeschm/MGKDB_projects/KBM_classifier_IFS_data/pscratch_sd_d_drhatch_pscans3_scanfiles0175/scanfiles0175,1.2832168,1.0404238,0,0,0.95,0.22206993,0.046466302,-0.30268721,ITG_TEM
/pscratch/sd/j/joeschm/MGKDB_projects/KBM_classifier_IFS_data/pscratch_sd_d_drhatch_pscans3_scanfiles0175/scanfiles0175,1.2832168,1.0404238,0,0,0.95,0.33310491,0.10699036,-0.3951027,ITG_TEM
/pscratch/sd/j/joeschm/MGKDB_projects/KBM_classifier_IFS_data/pscratch_sd_d_drhatch_pscans3_scanfiles0175/scanfiles0175,1.2832168,1.0404238,0,0,0.95,0.44413987,0.17264066,-0.45680238,ITG_TEM
/pscratch/sd/j/joeschm/MGKDB_projects/KBM_classifier_IFS_data/pscratch_sd_d_drhatch_pscans3_scanfiles0175/scanfiles0175,1.2832168,1.0404238,0,0,0.95,0.55517483,0.238,-0.493,ITG_TEM
/pscratch/sd/j/joeschm/MGKDB_projects/KBM_classifier_IFS_data/pscratch_sd_d_drhatch_pscans3_scanfiles0175/scanfiles0175,1.2832168,1.0404238,0,0,0.95,0.77724475,0.36,-0.51,ITG_TEM
/pscratch/sd/j/joeschm/MGKDB_projects/KBM_classifier_IFS_data/pscratch_sd_d_drhatch_pscans3_scanfiles0175/scanfiles0175,1.2832168,1.0404238,0,0,0.95,1.1103497,0.516,-0.459,ITG_TEM
/pscratch/sd/j/joeschm/MGKDB_projects/KBM_classifier_IFS_data/pscratch_sd_d_drhatch_pscans3_scanfiles0177/scanfiles0177,1.2038634,1.0846468,0,0,0.965,0.046176672,-1,-1,
/pscratch/sd/j/joeschm/MGKDB_projects/KBM_classifier_IFS_data/pscratch_sd_d_drhatch_pscans3_scanfiles0177/scanfiles0177,1.2038634,1.0846468,0,0,0.965,0.092353344,-1,-1,ITG_TEM
/pscratch/sd/j/joeschm/MGKDB_projects/KBM_classifier_IFS_data/pscratch_sd_d_drhatch_pscans3_scanfiles0177/scanfiles0177,1.2038634,1.0846468,0,0,0.965,0.18470669,0.366,-8.311,MTM
/pscratch/sd/j/joeschm/MGKDB_projects/KBM_classifier_IFS_data/pscratch_sd_d_drhatch_pscans3_scanfiles0177/scanfiles0177,1.2038634,1.0846468,0,0,0.965,0.27706003,0.246,-11.746,MTM
/pscratch/sd/j/joeschm/MGKDB_projects/KBM_classifier_IFS_data/pscratch_sd_d_drhatch_pscans3_scanfiles0177/scanfiles0177,1.2038634,1.0846468,0,0,0.965,0.36941338,0.429,-14.911,MTM
/pscratch/sd/j/joeschm/MGKDB_projects/KBM_classifier_IFS_data/pscratch_sd_d_drhatch_pscans3_scanfiles0177/scanfiles0177,1.2038634,1.0846468,0,0,0.965,0.46176675,0.287,-17.618,MTM
/pscratch/sd/j/joeschm/MGKDB_projects/KBM_classifier_IFS_data/pscratch_sd_d_drhatch_pscans3_scanfiles0177/scanfiles0177,1.2038634,1.0846468,0,0,0.965,0.64647341,0.019126743,-0.32261684,ITG_TEM
/pscratch/sd/j/joeschm/MGKDB_projects/KBM_classifier_IFS_data/pscratch_sd_d_drhatch_pscans3_scanfiles0177/scanfiles0177,1.2038634,1.0846468,0,0,0.965,0.9235335,-0.059341261,-0.30463417,ITG_TEM
/pscratch/sd/j/joeschm/MGKDB_projects/KBM_classifier_IFS_data/pscratch_sd_d_drhatch_pscans3_scanfiles0178/scanfiles0178,1.0766433,1,0,0,0.935,0.050152157,-1,-1,MTM
/pscratch/sd/j/joeschm/MGKDB_projects/KBM_classifier_IFS_data/pscratch_sd_d_drhatch_pscans3_scanfiles0178/scanfiles0178,1.0766433,1,0,0,0.935,0.10030431,-1,-1,MTM
/pscratch/sd/j/joeschm/MGKDB_projects/KBM_classifier_IFS_data/pscratch_sd_d_drhatch_pscans3_scanfiles0178/scanfiles0178,1.0766433,1,0,0,0.935,0.20060863,0.059747379,0.1655708,ITG_TEM
/pscratch/sd/j/joeschm/MGKDB_projects/KBM_classifier_IFS_data/pscratch_sd_d_drhatch_pscans3_scanfiles0178/scanfiles0178,1.0766433,1,0,0,0.935,0.30091295,0.093592511,0.15889037,ITG_TEM
/pscratch/sd/j/joeschm/MGKDB_projects/KBM_classifier_IFS_data/pscratch_sd_d_drhatch_pscans3_scanfiles0178/scanfiles0178,1.0766433,1,0,0,0.935,0.40121725,0.16375342,0.13291786,ITG_TEM
/pscratch/sd/j/joeschm/MGKDB_projects/KBM_classifier_IFS_data/pscratch_sd_d_drhatch_pscans3_scanfiles0178/scanfiles0178,1.0766433,1,0,0,0.935,0.50152159,0.24232594,0.14859066,ITG_TEM
/pscratch/sd/j/joeschm/MGKDB_projects/KBM_classifier_IFS_data/pscratch_sd_d_drhatch_pscans3_scanfiles0178/scanfiles0178,1.0766433,1,0,0,0.935,0.7021302,0.345,0.234,ITG_TEM
/pscratch/sd/j/joeschm/MGKDB_projects/KBM_classifier_IFS_data/pscratch_sd_d_drhatch_pscans3_scanfiles0178/scanfiles0178,1.0766433,1,0,0,0.935,1.0030432,0.386,0.396,ITG_TEM
/pscratch/sd/j/joeschm/MGKDB_projects/KBM_classifier_IFS_data/pscratch_sd_d_drhatch_pscans3_scanfiles0179/scanfiles0179,1.2928375,1,0,0,0.955,0.054688595,-1,-1,MTM
/pscratch/sd/j/joeschm/MGKDB_projects/KBM_classifier_IFS_data/pscratch_sd_d_drhatch_pscans3_scanfiles0179/scanfiles0179,1.2928375,1,0,0,0.955,0.10937719,0.003376014,-0.17766861,ITG_TEM
/pscratch/sd/j/joeschm/MGKDB_projects/KBM_classifier_IFS_data/pscratch_sd_d_drhatch_pscans3_scanfiles0179/scanfiles0179,1.2928375,1,0,0,0.955,0.21875438,0.030466703,-0.30557626,ITG_TEM
/pscratch/sd/j/joeschm/MGKDB_projects/KBM_classifier_IFS_data/pscratch_sd_d_drhatch_pscans3_scanfiles0179/scanfiles0179,1.2928375,1,0,0,0.955,0.32813159,0.072590595,-0.40510279,ITG_TEM
/pscratch/sd/j/joeschm/MGKDB_projects/KBM_classifier_IFS_data/pscratch_sd_d_drhatch_pscans3_scanfiles0179/scanfiles0179,1.2928375,1,0,0,0.955,0.43750876,0.123,-0.479,ITG_TEM
/pscratch/sd/j/joeschm/MGKDB_projects/KBM_classifier_IFS_data/pscratch_sd_d_drhatch_pscans3_scanfiles0179/scanfiles0179,1.2928375,1,0,0,0.955,0.54688597,0.178,-0.537,ITG_TEM
/pscratch/sd/j/joeschm/MGKDB_projects/KBM_classifier_IFS_data/pscratch_sd_d_drhatch_pscans3_scanfiles0179/scanfiles0179,1.2928375,1,0,0,0.955,0.76564032,0.302,-0.605,ITG_TEM
/pscratch/sd/j/joeschm/MGKDB_projects/KBM_classifier_IFS_data/pscratch_sd_d_drhatch_pscans3_scanfiles0179/scanfiles0179,1.2928375,1,0,0,0.955,1.0937719,0.454,-0.586,ITG_TEM
/pscratch/sd/j/joeschm/MGKDB_projects/KBM_classifier_IFS_data/pscratch_sd_d_drhatch_pscans3_scanfiles0180/scanfiles0180,1,1,0,0,0.98,0.033047892,-1,-1,ETG
/pscratch/sd/j/joeschm/MGKDB_projects/KBM_classifier_IFS_data/pscratch_sd_d_drhatch_pscans3_scanfiles0180/scanfiles0180,1,1,0,0,0.98,0.066095784,-1,-1,
/pscratch/sd/j/joeschm/MGKDB_projects/KBM_classifier_IFS_data/pscratch_sd_d_drhatch_pscans3_scanfiles0180/scanfiles0180,1,1,0,0,0.98,0.13219157,-0.074875778,-0.016076945,
/pscratch/sd/j/joeschm/MGKDB_projects/KBM_classifier_IFS_data/pscratch_sd_d_drhatch_pscans3_scanfiles0180/scanfiles0180,1,1,0,0,0.98,0.19828734,0.052,-0.522,
/pscratch/sd/j/joeschm/MGKDB_projects/KBM_classifier_IFS_data/pscratch_sd_d_drhatch_pscans3_scanfiles0180/scanfiles0180,1,1,0,0,0.98,0.26438314,0.059,-0.097,
/pscratch/sd/j/joeschm/MGKDB_projects/KBM_classifier_IFS_data/pscratch_sd_d_drhatch_pscans3_scanfiles0180/scanfiles0180,1,1,0,0,0.98,0.33047891,0.236,-3.612,ITG_TEM
/pscratch/sd/j/joeschm/MGKDB_projects/KBM_classifier_IFS_data/pscratch_sd_d_drhatch_pscans3_scanfiles0180/scanfiles0180,1,1,0,0,0.98,0.46267045,0.075,-3.853,ETG
/pscratch/sd/j/joeschm/MGKDB_projects/KBM_classifier_IFS_data/pscratch_sd_d_drhatch_pscans3_scanfiles0180/scanfiles0180,1,1,0,0,0.98,0.66095781,0.779,-4.797,ETG
/pscratch/sd/j/joeschm/MGKDB_projects/KBM_classifier_IFS_data/pscratch_sd_d_drhatch_pscans3_scanfiles0181/scanfiles0181,1.0935811,1.0856459,0,0,0.97,0.04327558,0.12792498,-2.9093916,MTM
/pscratch/sd/j/joeschm/MGKDB_projects/KBM_classifier_IFS_data/pscratch_sd_d_drhatch_pscans3_scanfiles0181/scanfiles0181,1.0935811,1.0856459,0,0,0.97,0.08655116,-1,-1,
/pscratch/sd/j/joeschm/MGKDB_projects/KBM_classifier_IFS_data/pscratch_sd_d_drhatch_pscans3_scanfiles0181/scanfiles0181,1.0935811,1.0856459,0,0,0.97,0.17310232,0.272,-9.969,MTM
/pscratch/sd/j/joeschm/MGKDB_projects/KBM_classifier_IFS_data/pscratch_sd_d_drhatch_pscans3_scanfiles0181/scanfiles0181,1.0935811,1.0856459,0,0,0.97,0.25965348,0.56,-13.811,MTM
/pscratch/sd/j/joeschm/MGKDB_projects/KBM_classifier_IFS_data/pscratch_sd_d_drhatch_pscans3_scanfiles0181/scanfiles0181,1.0935811,1.0856459,0,0,0.97,0.34620464,0.612,-17.156,MTM
/pscratch/sd/j/joeschm/MGKDB_projects/KBM_classifier_IFS_data/pscratch_sd_d_drhatch_pscans3_scanfiles0181/scanfiles0181,1.0935811,1.0856459,0,0,0.97,0.4327558,0.56092325,-0.76263858,
/pscratch/sd/j/joeschm/MGKDB_projects/KBM_classifier_IFS_data/pscratch_sd_d_drhatch_pscans3_scanfiles0181/scanfiles0181,1.0935811,1.0856459,0,0,0.97,0.60585815,0.475,-0.264,
/pscratch/sd/j/joeschm/MGKDB_projects/KBM_classifier_IFS_data/pscratch_sd_d_drhatch_pscans3_scanfiles0181/scanfiles0181,1.0935811,1.0856459,0,0,0.97,0.8655116,0.295,-3.606,ETG
/pscratch/sd/j/joeschm/MGKDB_projects/KBM_classifier_IFS_data/pscratch_sd_d_drhatch_pscans3_scanfiles0182/scanfiles0182,1.1734143,1.0341548,0,0,0.94,0.050269753,-1,-1,MTM
/pscratch/sd/j/joeschm/MGKDB_projects/KBM_classifier_IFS_data/pscratch_sd_d_drhatch_pscans3_scanfiles0182/scanfiles0182,1.1734143,1.0341548,0,0,0.94,0.10053951,-1,-1,ITG_TEM
/pscratch/sd/j/joeschm/MGKDB_projects/KBM_classifier_IFS_data/pscratch_sd_d_drhatch_pscans3_scanfiles0182/scanfiles0182,1.1734143,1.0341548,0,0,0.94,0.20107901,-1,-1,ITG_TEM
/pscratch/sd/j/joeschm/MGKDB_projects/KBM_classifier_IFS_data/pscratch_sd_d_drhatch_pscans3_scanfiles0182/scanfiles0182,1.1734143,1.0341548,0,0,0.94,0.30161852,0.03287886,-0.2533511,ITG_TEM
/pscratch/sd/j/joeschm/MGKDB_projects/KBM_classifier_IFS_data/pscratch_sd_d_drhatch_pscans3_scanfiles0182/scanfiles0182,1.1734143,1.0341548,0,0,0.94,0.40215802,0.12298855,-0.28417296,ITG_TEM
/pscratch/sd/j/joeschm/MGKDB_projects/KBM_classifier_IFS_data/pscratch_sd_d_drhatch_pscans3_scanfiles0182/scanfiles0182,1.1734143,1.0341548,0,0,0.94,0.50269753,0.20280323,-0.28157234,ITG_TEM
/pscratch/sd/j/joeschm/MGKDB_projects/KBM_classifier_IFS_data/pscratch_sd_d_drhatch_pscans3_scanfiles0182/scanfiles0182,1.1734143,1.0341548,0,0,0.94,0.70377654,0.299,-0.224,ITG_TEM
/pscratch/sd/j/joeschm/MGKDB_projects/KBM_classifier_IFS_data/pscratch_sd_d_drhatch_pscans3_scanfiles0182/scanfiles0182,1.1734143,1.0341548,0,0,0.94,1.0053951,0.35,-0.129,ITG_TEM
/pscratch/sd/j/joeschm/MGKDB_projects/KBM_classifier_IFS_data/pscratch_sd_d_drhatch_pscans3_scanfiles0183/scanfiles0183,1.3002998,1,0,0,0.96,0.053118024,-0.031171782,-0.17548461,ETG
/pscratch/sd/j/joeschm/MGKDB_projects/KBM_classifier_IFS_data/pscratch_sd_d_drhatch_pscans3_scanfiles0183/scanfiles0183,1.3002998,1,0,0,0.96,0.10623605,-1,-1,ITG_TEM
/pscratch/sd/j/joeschm/MGKDB_projects/KBM_classifier_IFS_data/pscratch_sd_d_drhatch_pscans3_scanfiles0183/scanfiles0183,1.3002998,1,0,0,0.96,0.2124721,0.026270315,-0.2650996,ITG_TEM
/pscratch/sd/j/joeschm/MGKDB_projects/KBM_classifier_IFS_data/pscratch_sd_d_drhatch_pscans3_scanfiles0183/scanfiles0183,1.3002998,1,0,0,0.96,0.31870812,0.050310316,-0.33415977,ITG_TEM
/pscratch/sd/j/joeschm/MGKDB_projects/KBM_classifier_IFS_data/pscratch_sd_d_drhatch_pscans3_scanfiles0183/scanfiles0183,1.3002998,1,0,0,0.96,0.42494419,0.078,-0.396,ITG_TEM
/pscratch/sd/j/joeschm/MGKDB_projects/KBM_classifier_IFS_data/pscratch_sd_d_drhatch_pscans3_scanfiles0183/scanfiles0183,1.3002998,1,0,0,0.96,0.53118026,0.115,-0.449,ITG_TEM
/pscratch/sd/j/joeschm/MGKDB_projects/KBM_classifier_IFS_data/pscratch_sd_d_drhatch_pscans3_scanfiles0183/scanfiles0183,1.3002998,1,0,0,0.96,0.74365222,0.253,-0.505,ITG_TEM
/pscratch/sd/j/joeschm/MGKDB_projects/KBM_classifier_IFS_data/pscratch_sd_d_drhatch_pscans3_scanfiles0183/scanfiles0183,1.3002998,1,0,0,0.96,1.0623605,0.348,-0.389,ITG_TEM
/pscratch/sd/j/joeschm/MGKDB_projects/KBM_classifier_IFS_data/pscratch_sd_d_drhatch_pscans3_scanfiles0184/scanfiles0184,1,1,0,0,0.985,0.029719623,-1,-1,
/pscratch/sd/j/joeschm/MGKDB_projects/KBM_classifier_IFS_data/pscratch_sd_d_drhatch_pscans3_scanfiles0184/scanfiles0184,1,1,0,0,0.985,0.059439246,-1,-1,
/pscratch/sd/j/joeschm/MGKDB_projects/KBM_classifier_IFS_data/pscratch_sd_d_drhatch_pscans3_scanfiles0184/scanfiles0184,1,1,0,0,0.985,0.11887849,0.256,-6.188,MTM
/pscratch/sd/j/joeschm/MGKDB_projects/KBM_classifier_IFS_data/pscratch_sd_d_drhatch_pscans3_scanfiles0184/scanfiles0184,1,1,0,0,0.985,0.17831773,0.724,-10.379,MTM
/pscratch/sd/j/joeschm/MGKDB_projects/KBM_classifier_IFS_data/pscratch_sd_d_drhatch_pscans3_scanfiles0184/scanfiles0184,1,1,0,0,0.985,0.23775698,-1,-1,ETG
/pscratch/sd/j/joeschm/MGKDB_projects/KBM_classifier_IFS_data/pscratch_sd_d_drhatch_pscans3_scanfiles0184/scanfiles0184,1,1,0,0,0.985,0.29719621,-1,-1,ETG
/pscratch/sd/j/joeschm/MGKDB_projects/KBM_classifier_IFS_data/pscratch_sd_d_drhatch_pscans3_scanfiles0184/scanfiles0184,1,1,0,0,0.985,0.41607469,0.414,-5.202,ETG
/pscratch/sd/j/joeschm/MGKDB_projects/KBM_classifier_IFS_data/pscratch_sd_d_drhatch_pscans3_scanfiles0184/scanfiles0184,1,1,0,0,0.985,0.59439242,1.086,-6.707,ETG
/pscratch/sd/j/joeschm/MGKDB_projects/KBM_classifier_IFS_data/pscratch_sd_d_drhatch_pscans3_scanfiles0185/scanfiles0185,1.0943612,1.0863109,0,0,0.975,0.039655574,0.15892946,-3.3680214,MTM
/pscratch/sd/j/joeschm/MGKDB_projects/KBM_classifier_IFS_data/pscratch_sd_d_drhatch_pscans3_scanfiles0185/scanfiles0185,1.0943612,1.0863109,0,0,0.975,0.079311147,-1,-1,
/pscratch/sd/j/joeschm/MGKDB_projects/KBM_classifier_IFS_data/pscratch_sd_d_drhatch_pscans3_scanfiles0185/scanfiles0185,1.0943612,1.0863109,0,0,0.975,0.15862229,0.349,-10.706,MTM
/pscratch/sd/j/joeschm/MGKDB_projects/KBM_classifier_IFS_data/pscratch_sd_d_drhatch_pscans3_scanfiles0185/scanfiles0185,1.0943612,1.0863109,0,0,0.975,0.23793344,0.39056424,-0.9438221,
/pscratch/sd/j/joeschm/MGKDB_projects/KBM_classifier_IFS_data/pscratch_sd_d_drhatch_pscans3_scanfiles0185/scanfiles0185,1.0943612,1.0863109,0,0,0.975,0.31724459,0.506,-0.532,
/pscratch/sd/j/joeschm/MGKDB_projects/KBM_classifier_IFS_data/pscratch_sd_d_drhatch_pscans3_scanfiles0185/scanfiles0185,1.0943612,1.0863109,0,0,0.975,0.39655575,0.469,-0.173,
/pscratch/sd/j/joeschm/MGKDB_projects/KBM_classifier_IFS_data/pscratch_sd_d_drhatch_pscans3_scanfiles0185/scanfiles0185,1.0943612,1.0863109,0,0,0.975,0.55517805,0.679,-2.854,
/pscratch/sd/j/joeschm/MGKDB_projects/KBM_classifier_IFS_data/pscratch_sd_d_drhatch_pscans3_scanfiles0185/scanfiles0185,1.0943612,1.0863109,0,0,0.975,0.7931115,0.662,-3.014,ETG
/pscratch/sd/j/joeschm/MGKDB_projects/KBM_classifier_IFS_data/pscratch_sd_d_drhatch_pscans3_scanfiles0186/scanfiles0186,1.3057546,1,0,0,0.965,0.050595827,0.040376054,-2.4499849,MTM
/pscratch/sd/j/joeschm/MGKDB_projects/KBM_classifier_IFS_data/pscratch_sd_d_drhatch_pscans3_scanfiles0186/scanfiles0186,1.3057546,1,0,0,0.965,0.10119165,-1,-1,ITG_TEM
/pscratch/sd/j/joeschm/MGKDB_projects/KBM_classifier_IFS_data/pscratch_sd_d_drhatch_pscans3_scanfiles0186/scanfiles0186,1.3057546,1,0,0,0.965,0.20238331,0.2,-8.676,MTM
/pscratch/sd/j/joeschm/MGKDB_projects/KBM_classifier_IFS_data/pscratch_sd_d_drhatch_pscans3_scanfiles0186/scanfiles0186,1.3057546,1,0,0,0.965,0.30357495,0.159,-12.68,MTM
/pscratch/sd/j/joeschm/MGKDB_projects/KBM_classifier_IFS_data/pscratch_sd_d_drhatch_pscans3_scanfiles0186/scanfiles0186,1.3057546,1,0,0,0.965,0.40476662,0.443,-15.977,MTM
/pscratch/sd/j/joeschm/MGKDB_projects/KBM_classifier_IFS_data/pscratch_sd_d_drhatch_pscans3_scanfiles0186/scanfiles0186,1.3057546,1,0,0,0.965,0.50595826,0.37373428,-1.5984679,ITG_TEM
/pscratch/sd/j/joeschm/MGKDB_projects/KBM_classifier_IFS_data/pscratch_sd_d_drhatch_pscans3_scanfiles0186/scanfiles0186,1.3057546,1,0,0,0.965,0.70834154,0.279,-1.753,ETG
/pscratch/sd/j/joeschm/MGKDB_projects/KBM_classifier_IFS_data/pscratch_sd_d_drhatch_pscans3_scanfiles0186/scanfiles0186,1.3057546,1,0,0,0.965,1.0119165,0.346,-2.554,ETG
/pscratch/sd/j/joeschm/MGKDB_projects/KBM_classifier_IFS_data/pscratch_sd_d_drhatch_pscans3_scanfiles0187/scanfiles0187,1.1814073,1,0,0,0.945,0.050266489,-1,-1,MTM
/pscratch/sd/j/joeschm/MGKDB_projects/KBM_classifier_IFS_data/pscratch_sd_d_drhatch_pscans3_scanfiles0187/scanfiles0187,1.1814073,1,0,0,0.945,0.10053298,-1,-1,MTM
/pscratch/sd/j/joeschm/MGKDB_projects/KBM_classifier_IFS_data/pscratch_sd_d_drhatch_pscans3_scanfiles0187/scanfiles0187,1.1814073,1,0,0,0.945,0.20106596,0.034016078,-0.27655461,ITG_TEM
/pscratch/sd/j/joeschm/MGKDB_projects/KBM_classifier_IFS_data/pscratch_sd_d_drhatch_pscans3_scanfiles0187/scanfiles0187,1.1814073,1,0,0,0.945,0.40213192,0.21410497,-0.44559793,ITG_TEM
/pscratch/sd/j/joeschm/MGKDB_projects/KBM_classifier_IFS_data/pscratch_sd_d_drhatch_pscans3_scanfiles0187/scanfiles0187,1.1814073,1,0,0,0.945,0.50266492,0.305,-0.466,ITG_TEM
/pscratch/sd/j/joeschm/MGKDB_projects/KBM_classifier_IFS_data/pscratch_sd_d_drhatch_pscans3_scanfiles0187/scanfiles0187,1.1814073,1,0,0,0.945,0.70373088,0.44,-0.442,ITG_TEM
/pscratch/sd/j/joeschm/MGKDB_projects/KBM_classifier_IFS_data/pscratch_sd_d_drhatch_pscans3_scanfiles0187/scanfiles0187,1.1814073,1,0,0,0.945,1.0053298,0.571,-0.364,ITG_TEM
/pscratch/sd/j/joeschm/MGKDB_projects/KBM_classifier_IFS_data/pscratch_sd_d_drhatch_pscans3_scanfiles0188/scanfiles0188,1,1,0,0,0.99,0.026701426,-1,-1,
/pscratch/sd/j/joeschm/MGKDB_projects/KBM_classifier_IFS_data/pscratch_sd_d_drhatch_pscans3_scanfiles0188/scanfiles0188,1,1,0,0,0.99,0.053402852,-1,-1,
/pscratch/sd/j/joeschm/MGKDB_projects/KBM_classifier_IFS_data/pscratch_sd_d_drhatch_pscans3_scanfiles0188/scanfiles0188,1,1,0,0,0.99,0.1068057,1.106,-6.679,MTM
/pscratch/sd/j/joeschm/MGKDB_projects/KBM_classifier_IFS_data/pscratch_sd_d_drhatch_pscans3_scanfiles0188/scanfiles0188,1,1,0,0,0.99,0.16020857,0.742,-9.822,MTM
/pscratch/sd/j/joeschm/MGKDB_projects/KBM_classifier_IFS_data/pscratch_sd_d_drhatch_pscans3_scanfiles0188/scanfiles0188,1,1,0,0,0.99,0.21361141,0.397,-9.711,ITG_TEM
/pscratch/sd/j/joeschm/MGKDB_projects/KBM_classifier_IFS_data/pscratch_sd_d_drhatch_pscans3_scanfiles0188/scanfiles0188,1,1,0,0,0.99,0.26701427,0.355,-9.187,ITG_TEM
/pscratch/sd/j/joeschm/MGKDB_projects/KBM_classifier_IFS_data/pscratch_sd_d_drhatch_pscans3_scanfiles0188/scanfiles0188,1,1,0,0,0.99,0.37382001,0.474,-7.783,ETG
/pscratch/sd/j/joeschm/MGKDB_projects/KBM_classifier_IFS_data/pscratch_sd_d_drhatch_pscans3_scanfiles0188/scanfiles0188,1,1,0,0,0.99,0.53402853,0.76808363,-3.6388802,ETG
/pscratch/sd/j/joeschm/MGKDB_projects/KBM_classifier_IFS_data/pscratch_sd_d_drhatch_pscans3_scanfiles0189/scanfiles0189,1.0949401,1.086773,0,0,0.98,0.035634004,-1,-1,
/pscratch/sd/j/joeschm/MGKDB_projects/KBM_classifier_IFS_data/pscratch_sd_d_drhatch_pscans3_scanfiles0189/scanfiles0189,1.0949401,1.086773,0,0,0.98,0.071268007,-1,-1,
/pscratch/sd/j/joeschm/MGKDB_projects/KBM_classifier_IFS_data/pscratch_sd_d_drhatch_pscans3_scanfiles0189/scanfiles0189,1.0949401,1.086773,0,0,0.98,0.14253601,-1,-1,
/pscratch/sd/j/joeschm/MGKDB_projects/KBM_classifier_IFS_data/pscratch_sd_d_drhatch_pscans3_scanfiles0189/scanfiles0189,1.0949401,1.086773,0,0,0.98,0.21380404,0.255,-0.414,
/pscratch/sd/j/joeschm/MGKDB_projects/KBM_classifier_IFS_data/pscratch_sd_d_drhatch_pscans3_scanfiles0189/scanfiles0189,1.0949401,1.086773,0,0,0.98,0.28507203,0.21722736,-0.016087893,
/pscratch/sd/j/joeschm/MGKDB_projects/KBM_classifier_IFS_data/pscratch_sd_d_drhatch_pscans3_scanfiles0189/scanfiles0189,1.0949401,1.086773,0,0,0.98,0.35634005,0.492,-3.218,
/pscratch/sd/j/joeschm/MGKDB_projects/KBM_classifier_IFS_data/pscratch_sd_d_drhatch_pscans3_scanfiles0189/scanfiles0189,1.0949401,1.086773,0,0,0.98,0.49887609,0.276,-3.089,ETG
/pscratch/sd/j/joeschm/MGKDB_projects/KBM_classifier_IFS_data/pscratch_sd_d_drhatch_pscans3_scanfiles0189/scanfiles0189,1.0949401,1.086773,0,0,0.98,0.7126801,1.006,-3.712,ETG
/pscratch/sd/j/joeschm/MGKDB_projects/KBM_classifier_IFS_data/pscratch_sd_d_drhatch_pscans3_scanfiles0190/scanfiles0190,1.0954413,1.0871773,0,0,0.985,0.031613238,-0.051808231,0.03177626,
/pscratch/sd/j/joeschm/MGKDB_projects/KBM_classifier_IFS_data/pscratch_sd_d_drhatch_pscans3_scanfiles0190/scanfiles0190,1.0954413,1.0871773,0,0,0.985,0.063226476,-1,-1,
/pscratch/sd/j/joeschm/MGKDB_projects/KBM_classifier_IFS_data/pscratch_sd_d_drhatch_pscans3_scanfiles0190/scanfiles0190,1.0954413,1.0871773,0,0,0.985,0.12645295,-0.064572529,-0.047508175,
/pscratch/sd/j/joeschm/MGKDB_projects/KBM_classifier_IFS_data/pscratch_sd_d_drhatch_pscans3_scanfiles0190/scanfiles0190,1.0954413,1.0871773,0,0,0.985,0.18967943,0.469,-9.394,ITG_TEM
/pscratch/sd/j/joeschm/MGKDB_projects/KBM_classifier_IFS_data/pscratch_sd_d_drhatch_pscans3_scanfiles0190/scanfiles0190,1.0954413,1.0871773,0,0,0.985,0.25290591,0.024051426,-4.2934364,ITG_TEM
/pscratch/sd/j/joeschm/MGKDB_projects/KBM_classifier_IFS_data/pscratch_sd_d_drhatch_pscans3_scanfiles0190/scanfiles0190,1.0954413,1.0871773,0,0,0.985,0.31613237,0.104,-3.842,ETG
/pscratch/sd/j/joeschm/MGKDB_projects/KBM_classifier_IFS_data/pscratch_sd_d_drhatch_pscans3_scanfiles0190/scanfiles0190,1.0954413,1.0871773,0,0,0.985,0.44258532,0.729,-4.642,ETG
/pscratch/sd/j/joeschm/MGKDB_projects/KBM_classifier_IFS_data/pscratch_sd_d_drhatch_pscans3_scanfiles0190/scanfiles0190,1.0954413,1.0871773,0,0,0.985,0.63226473,1.581,-6.051,ETG
/pscratch/sd/j/joeschm/MGKDB_projects/KBM_classifier_IFS_data/pscratch_sd_d_drhatch_pscans3_scanfiles0191/scanfiles0191,1.0766433,1.0579391,0,0,0.935,0.050181005,-1,-1,MTM
/pscratch/sd/j/joeschm/MGKDB_projects/KBM_classifier_IFS_data/pscratch_sd_d_drhatch_pscans3_scanfiles0191/scanfiles0191,1.0766433,1.0579391,0,0,0.935,0.10036201,-1,-1,MTM
/pscratch/sd/j/joeschm/MGKDB_projects/KBM_classifier_IFS_data/pscratch_sd_d_drhatch_pscans3_scanfiles0191/scanfiles0191,1.0766433,1.0579391,0,0,0.935,0.20072402,0.048874482,0.16369801,ITG_TEM
/pscratch/sd/j/joeschm/MGKDB_projects/KBM_classifier_IFS_data/pscratch_sd_d_drhatch_pscans3_scanfiles0191/scanfiles0191,1.0766433,1.0579391,0,0,0.935,0.30108601,0.081018247,0.16005296,ITG_TEM
/pscratch/sd/j/joeschm/MGKDB_projects/KBM_classifier_IFS_data/pscratch_sd_d_drhatch_pscans3_scanfiles0191/scanfiles0191,1.0766433,1.0579391,0,0,0.935,0.40144804,0.13084415,0.13502596,ITG_TEM
/pscratch/sd/j/joeschm/MGKDB_projects/KBM_classifier_IFS_data/pscratch_sd_d_drhatch_pscans3_scanfiles0191/scanfiles0191,1.0766433,1.0579391,0,0,0.935,0.50181001,0.20083005,0.14256303,ITG_TEM
/pscratch/sd/j/joeschm/MGKDB_projects/KBM_classifier_IFS_data/pscratch_sd_d_drhatch_pscans3_scanfiles0191/scanfiles0191,1.0766433,1.0579391,0,0,0.935,0.70253402,0.2912604,0.21885812,ITG_TEM
/pscratch/sd/j/joeschm/MGKDB_projects/KBM_classifier_IFS_data/pscratch_sd_d_drhatch_pscans3_scanfiles0191/scanfiles0191,1.0766433,1.0579391,0,0,0.935,1.00362,0.318,0.361,ITG_TEM
/pscratch/sd/j/joeschm/MGKDB_projects/KBM_classifier_IFS_data/pscratch_sd_d_drhatch_pscans3_scanfiles0192/scanfiles0192,1.1734143,1.1029954,0,0,0.94,0.050301891,-1,-1,MTM
/pscratch/sd/j/joeschm/MGKDB_projects/KBM_classifier_IFS_data/pscratch_sd_d_drhatch_pscans3_scanfiles0192/scanfiles0192,1.1734143,1.1029954,0,0,0.94,0.10060378,-1,-1,ITG_TEM
/pscratch/sd/j/joeschm/MGKDB_projects/KBM_classifier_IFS_data/pscratch_sd_d_drhatch_pscans3_scanfiles0192/scanfiles0192,1.1734143,1.1029954,0,0,0.94,0.20120756,-1,-1,MTM
/pscratch/sd/j/joeschm/MGKDB_projects/KBM_classifier_IFS_data/pscratch_sd_d_drhatch_pscans3_scanfiles0192/scanfiles0192,1.1734143,1.1029954,0,0,0.94,0.30181134,0.033470208,-0.26118797,ITG_TEM
/pscratch/sd/j/joeschm/MGKDB_projects/KBM_classifier_IFS_data/pscratch_sd_d_drhatch_pscans3_scanfiles0192/scanfiles0192,1.1734143,1.1029954,0,0,0.94,0.40241513,0.1117668,-0.29344469,ITG_TEM
/pscratch/sd/j/joeschm/MGKDB_projects/KBM_classifier_IFS_data/pscratch_sd_d_drhatch_pscans3_scanfiles0192/scanfiles0192,1.1734143,1.1029954,0,0,0.94,0.50301892,0.17850751,-0.29315797,ITG_TEM
/pscratch/sd/j/joeschm/MGKDB_projects/KBM_classifier_IFS_data/pscratch_sd_d_drhatch_pscans3_scanfiles0192/scanfiles0192,1.1734143,1.1029954,0,0,0.94,0.70422643,0.25807001,-0.24401192,ITG_TEM
/pscratch/sd/j/joeschm/MGKDB_projects/KBM_classifier_IFS_data/pscratch_sd_d_drhatch_pscans3_scanfiles0192/scanfiles0192,1.1734143,1.1029954,0,0,0.94,1.0060378,0.301,-0.157,ITG_TEM
