directory,factor_T,factor_n,drift_T,drift_n,x0,ky,gamma,omega,mode_ID
/pscratch/sd/j/joeschm/MGKDB_projects/KBM_classifier_IFS_data/global_cfs_cdirs_m2116_hatch_pscans_scanfiles0000/scanfiles0000,0.90353758,0.77050542,0.026325872,0.11789219,0.93,0.050000001,-1,-1,MTM
/pscratch/sd/j/joeschm/MGKDB_projects/KBM_classifier_IFS_data/global_cfs_cdirs_m2116_hatch_pscans_scanfiles0000/scanfiles0000,0.90353758,0.77050542,0.026325872,0.11789219,0.94,0.050000001,-1,-1,MTM
/pscratch/sd/j/joeschm/MGKDB_projects/KBM_classifier_IFS_data/global_cfs_cdirs_m2116_hatch_pscans_scanfiles0000/scanfiles0000,0.90353758,0.77050542,0.026325872,0.11789219,0.95,0.050000001,-1,-1,MTM
/pscratch/sd/j/joeschm/MGKDB_projects/KBM_classifier_IFS_data/global_cfs_cdirs_m2116_hatch_pscans_scanfiles0000/scanfiles0000,0.90353758,0.77050542,0.026325872,0.11789219,0.96,0.050000001,-1,-1,MTM
/pscratch/sd/j/joeschm/MGKDB_projects/KBM_classifier_IFS_data/global_cfs_cdirs_m2116_hatch_pscans_scanfiles0000/scanfiles0000,0.90353758,0.77050542,0.026325872,0.11789219,0.97,0.050000001,0.052978215,-2.4101651,MTM
/pscratch/sd/j/joeschm/MGKDB_projects/KBM_classifier_IFS_data/global_cfs_cdirs_m2116_hatch_pscans_scanfiles0000/scanfiles0000,0.90353758,0.77050542,0.026325872,0.11789219,0.98,0.050000001,1.009341,-0.59220318,KBM
/pscratch/sd/j/joeschm/MGKDB_projects/KBM_classifier_IFS_data/global_cfs_cdirs_m2116_hatch_pscans_scanfiles0000/scanfiles0000,0.90353758,0.77050542,0.026325872,0.11789219,0.99,0.050000001,0.37814279,-3.800259,MTM
/pscratch/sd/j/joeschm/MGKDB_projects/KBM_classifier_IFS_data/global_cfs_cdirs_m2116_hatch_pscans_scanfiles0000/scanfiles0000,0.90353758,0.77050542,0.026325872,0.11789219,0.93,0.1,0.050384991,0.066085094,ITG_TEM
/pscratch/sd/j/joeschm/MGKDB_projects/KBM_classifier_IFS_data/global_cfs_cdirs_m2116_hatch_pscans_scanfiles0000/scanfiles0000,0.90353758,0.77050542,0.026325872,0.11789219,0.94,0.1,-1,-1,MTM
/pscratch/sd/j/joeschm/MGKDB_projects/KBM_classifier_IFS_data/global_cfs_cdirs_m2116_hatch_pscans_scanfiles0000/scanfiles0000,0.90353758,0.77050542,0.026325872,0.11789219,0.95,0.1,-1,-1,MTM
/pscratch/sd/j/joeschm/MGKDB_projects/KBM_classifier_IFS_data/global_cfs_cdirs_m2116_hatch_pscans_scanfiles0000/scanfiles0000,0.90353758,0.77050542,0.026325872,0.11789219,0.96,0.1,0.12641661,-2.4137265,MTM
/pscratch/sd/j/joeschm/MGKDB_projects/KBM_classifier_IFS_data/global_cfs_cdirs_m2116_hatch_pscans_scanfiles0000/scanfiles0000,0.90353758,0.77050542,0.026325872,0.11789219,0.97,0.1,-1,-1,
/pscratch/sd/j/joeschm/MGKDB_projects/KBM_classifier_IFS_data/global_cfs_cdirs_m2116_hatch_pscans_scanfiles0000/scanfiles0000,0.90353758,0.77050542,0.026325872,0.11789219,0.98,0.1,2.3630156,0.43467947,KBM
/pscratch/sd/j/joeschm/MGKDB_projects/KBM_classifier_IFS_data/global_cfs_cdirs_m2116_hatch_pscans_scanfiles0000/scanfiles0000,0.90353758,0.77050542,0.026325872,0.11789219,0.99,0.1,0.5039852,-1.3069053,KBM
/pscratch/sd/j/joeschm/MGKDB_projects/KBM_classifier_IFS_data/global_cfs_cdirs_m2116_hatch_pscans_scanfiles0000/scanfiles0000,0.90353758,0.77050542,0.026325872,0.11789219,0.93,0.2,0.12681882,0.10443363,ITG_TEM
/pscratch/sd/j/joeschm/MGKDB_projects/KBM_classifier_IFS_data/global_cfs_cdirs_m2116_hatch_pscans_scanfiles0000/scanfiles0000,0.90353758,0.77050542,0.026325872,0.11789219,0.94,0.2,-1,-1,MTM
/pscratch/sd/j/joeschm/MGKDB_projects/KBM_classifier_IFS_data/global_cfs_cdirs_m2116_hatch_pscans_scanfiles0000/scanfiles0000,0.90353758,0.77050542,0.026325872,0.11789219,0.95,0.2,0.076935295,-0.9678404,ITG_TEM
/pscratch/sd/j/joeschm/MGKDB_projects/KBM_classifier_IFS_data/global_cfs_cdirs_m2116_hatch_pscans_scanfiles0000/scanfiles0000,0.90353758,0.77050542,0.026325872,0.11789219,0.96,0.2,0.15535862,-1.9124339,ITG_TEM
/pscratch/sd/j/joeschm/MGKDB_projects/KBM_classifier_IFS_data/global_cfs_cdirs_m2116_hatch_pscans_scanfiles0000/scanfiles0000,0.90353758,0.77050542,0.026325872,0.11789219,0.97,0.2,0.4372417,-1.3462964,KBM
/pscratch/sd/j/joeschm/MGKDB_projects/KBM_classifier_IFS_data/global_cfs_cdirs_m2116_hatch_pscans_scanfiles0000/scanfiles0000,0.90353758,0.77050542,0.026325872,0.11789219,0.98,0.2,0.66952241,1.7212431,KBM
/pscratch/sd/j/joeschm/MGKDB_projects/KBM_classifier_IFS_data/global_cfs_cdirs_m2116_hatch_pscans_scanfiles0000/scanfiles0000,0.90353758,0.77050542,0.026325872,0.11789219,0.99,0.2,0.19584618,-0.61547043,
/pscratch/sd/j/joeschm/MGKDB_projects/KBM_classifier_IFS_data/global_cfs_cdirs_m2116_hatch_pscans_scanfiles0000/scanfiles0000,0.90353758,0.77050542,0.026325872,0.11789219,0.93,0.30000001,0.20036607,0.14565733,ITG_TEM
/pscratch/sd/j/joeschm/MGKDB_projects/KBM_classifier_IFS_data/global_cfs_cdirs_m2116_hatch_pscans_scanfiles0000/scanfiles0000,0.90353758,0.77050542,0.026325872,0.11789219,0.94,0.30000001,0.049202502,-0.53493937,ITG_TEM
/pscratch/sd/j/joeschm/MGKDB_projects/KBM_classifier_IFS_data/global_cfs_cdirs_m2116_hatch_pscans_scanfiles0000/scanfiles0000,0.90353758,0.77050542,0.026325872,0.11789219,0.95,0.30000001,0.33063062,-1.2432678,ITG_TEM
/pscratch/sd/j/joeschm/MGKDB_projects/KBM_classifier_IFS_data/global_cfs_cdirs_m2116_hatch_pscans_scanfiles0000/scanfiles0000,0.90353758,0.77050542,0.026325872,0.11789219,0.96,0.30000001,0.51234111,-1.8507123,KBM
/pscratch/sd/j/joeschm/MGKDB_projects/KBM_classifier_IFS_data/global_cfs_cdirs_m2116_hatch_pscans_scanfiles0000/scanfiles0000,0.90353758,0.77050542,0.026325872,0.11789219,0.97,0.30000001,0.62383142,-0.87208088,KBM
/pscratch/sd/j/joeschm/MGKDB_projects/KBM_classifier_IFS_data/global_cfs_cdirs_m2116_hatch_pscans_scanfiles0000/scanfiles0000,0.90353758,0.77050542,0.026325872,0.11789219,0.98,0.30000001,0.17391477,1.5392543,KBM
/pscratch/sd/j/joeschm/MGKDB_projects/KBM_classifier_IFS_data/global_cfs_cdirs_m2116_hatch_pscans_scanfiles0000/scanfiles0000,0.90353758,0.77050542,0.026325872,0.11789219,0.99,0.30000001,0.65043402,-4.4686493,ETG
/pscratch/sd/j/joeschm/MGKDB_projects/KBM_classifier_IFS_data/global_cfs_cdirs_m2116_hatch_pscans_scanfiles0000/scanfiles0000,0.90353758,0.77050542,0.026325872,0.11789219,0.93,0.40000001,0.26701349,0.19755954,ITG_TEM
/pscratch/sd/j/joeschm/MGKDB_projects/KBM_classifier_IFS_data/global_cfs_cdirs_m2116_hatch_pscans_scanfiles0000/scanfiles0000,0.90353758,0.77050542,0.026325872,0.11789219,0.94,0.40000001,0.18689815,-0.62487366,ITG_TEM
/pscratch/sd/j/joeschm/MGKDB_projects/KBM_classifier_IFS_data/global_cfs_cdirs_m2116_hatch_pscans_scanfiles0000/scanfiles0000,0.90353758,0.77050542,0.026325872,0.11789219,0.95,0.40000001,0.56837047,-1.3512072,ITG_TEM
/pscratch/sd/j/joeschm/MGKDB_projects/KBM_classifier_IFS_data/global_cfs_cdirs_m2116_hatch_pscans_scanfiles0000/scanfiles0000,0.90353758,0.77050542,0.026325872,0.11789219,0.96,0.40000001,0.78270959,-1.7000805,ITG_TEM
/pscratch/sd/j/joeschm/MGKDB_projects/KBM_classifier_IFS_data/global_cfs_cdirs_m2116_hatch_pscans_scanfiles0000/scanfiles0000,0.90353758,0.77050542,0.026325872,0.11789219,0.97,0.40000001,0.58398671,-0.58674116,ITG_TEM
/pscratch/sd/j/joeschm/MGKDB_projects/KBM_classifier_IFS_data/global_cfs_cdirs_m2116_hatch_pscans_scanfiles0000/scanfiles0000,0.90353758,0.77050542,0.026325872,0.11789219,0.98,0.40000001,0.043454679,-0.22259517,ITG_TEM
/pscratch/sd/j/joeschm/MGKDB_projects/KBM_classifier_IFS_data/global_cfs_cdirs_m2116_hatch_pscans_scanfiles0000/scanfiles0000,0.90353758,0.77050542,0.026325872,0.11789219,0.99,0.40000001,1.3219761,-4.9870252,ETG
/pscratch/sd/j/joeschm/MGKDB_projects/KBM_classifier_IFS_data/global_cfs_cdirs_m2116_hatch_pscans_scanfiles0000/scanfiles0000,0.90353758,0.77050542,0.026325872,0.11789219,0.93,0.60000002,0.35652084,0.33629138,ITG_TEM
/pscratch/sd/j/joeschm/MGKDB_projects/KBM_classifier_IFS_data/global_cfs_cdirs_m2116_hatch_pscans_scanfiles0000/scanfiles0000,0.90353758,0.77050542,0.026325872,0.11789219,0.94,0.60000002,0.39475201,-0.66091769,ITG_TEM
/pscratch/sd/j/joeschm/MGKDB_projects/KBM_classifier_IFS_data/global_cfs_cdirs_m2116_hatch_pscans_scanfiles0000/scanfiles0000,0.90353758,0.77050542,0.026325872,0.11789219,0.95,0.60000002,0.91601215,-1.351176,ITG_TEM
/pscratch/sd/j/joeschm/MGKDB_projects/KBM_classifier_IFS_data/global_cfs_cdirs_m2116_hatch_pscans_scanfiles0000/scanfiles0000,0.90353758,0.77050542,0.026325872,0.11789219,0.96,0.60000002,1.0904946,-1.3623769,ITG_TEM
/pscratch/sd/j/joeschm/MGKDB_projects/KBM_classifier_IFS_data/global_cfs_cdirs_m2116_hatch_pscans_scanfiles0000/scanfiles0000,0.90353758,0.77050542,0.026325872,0.11789219,0.97,0.60000002,0.375927,-0.36321003,ITG_TEM
/pscratch/sd/j/joeschm/MGKDB_projects/KBM_classifier_IFS_data/global_cfs_cdirs_m2116_hatch_pscans_scanfiles0000/scanfiles0000,0.90353758,0.77050542,0.026325872,0.11789219,0.98,0.60000002,0.67478425,-3.4220966,ETG
/pscratch/sd/j/joeschm/MGKDB_projects/KBM_classifier_IFS_data/global_cfs_cdirs_m2116_hatch_pscans_scanfiles0000/scanfiles0000,0.90353758,0.77050542,0.026325872,0.11789219,0.99,0.60000002,2.4788342,-6.1959419,ETG
/pscratch/sd/j/joeschm/MGKDB_projects/KBM_classifier_IFS_data/global_cfs_cdirs_m2116_hatch_pscans_scanfiles0000/scanfiles0000,0.90353758,0.77050542,0.026325872,0.11789219,0.93,0.80000001,0.36634436,0.49389152,ITG_TEM
/pscratch/sd/j/joeschm/MGKDB_projects/KBM_classifier_IFS_data/global_cfs_cdirs_m2116_hatch_pscans_scanfiles0000/scanfiles0000,0.90353758,0.77050542,0.026325872,0.11789219,0.94,0.80000001,0.50050366,-0.63753426,ITG_TEM
/pscratch/sd/j/joeschm/MGKDB_projects/KBM_classifier_IFS_data/global_cfs_cdirs_m2116_hatch_pscans_scanfiles0000/scanfiles0000,0.90353758,0.77050542,0.026325872,0.11789219,0.95,0.80000001,1.1388273,-1.2685581,ITG_TEM
/pscratch/sd/j/joeschm/MGKDB_projects/KBM_classifier_IFS_data/global_cfs_cdirs_m2116_hatch_pscans_scanfiles0000/scanfiles0000,0.90353758,0.77050542,0.026325872,0.11789219,0.96,0.80000001,1.2342309,-1.0341733,ITG_TEM
/pscratch/sd/j/joeschm/MGKDB_projects/KBM_classifier_IFS_data/global_cfs_cdirs_m2116_hatch_pscans_scanfiles0000/scanfiles0000,0.90353758,0.77050542,0.026325872,0.11789219,0.97,0.80000001,0.24001304,-0.44539537,ITG_TEM
/pscratch/sd/j/joeschm/MGKDB_projects/KBM_classifier_IFS_data/global_cfs_cdirs_m2116_hatch_pscans_scanfiles0000/scanfiles0000,0.90353758,0.77050542,0.026325872,0.11789219,0.98,0.80000001,1.3796076,-3.7735681,ETG
/pscratch/sd/j/joeschm/MGKDB_projects/KBM_classifier_IFS_data/global_cfs_cdirs_m2116_hatch_pscans_scanfiles0000/scanfiles0000,0.90353758,0.77050542,0.026325872,0.11789219,0.99,0.80000001,3.5670912,-7.6477885,ETG
/pscratch/sd/j/joeschm/MGKDB_projects/KBM_classifier_IFS_data/global_cfs_cdirs_m2116_hatch_pscans_scanfiles0000/scanfiles0000,0.90353758,0.77050542,0.026325872,0.11789219,0.93,1,0.31051478,0.63208066,ITG_TEM
/pscratch/sd/j/joeschm/MGKDB_projects/KBM_classifier_IFS_data/global_cfs_cdirs_m2116_hatch_pscans_scanfiles0000/scanfiles0000,0.90353758,0.77050542,0.026325872,0.11789219,0.94,1,0.55206553,-0.61765139,ITG_TEM
/pscratch/sd/j/joeschm/MGKDB_projects/KBM_classifier_IFS_data/global_cfs_cdirs_m2116_hatch_pscans_scanfiles0000/scanfiles0000,0.90353758,0.77050542,0.026325872,0.11789219,0.95,1,1.2878758,-1.1776986,ITG_TEM
/pscratch/sd/j/joeschm/MGKDB_projects/KBM_classifier_IFS_data/global_cfs_cdirs_m2116_hatch_pscans_scanfiles0000/scanfiles0000,0.90353758,0.77050542,0.026325872,0.11789219,0.96,1,1.286887,-0.75781091,ITG_TEM
/pscratch/sd/j/joeschm/MGKDB_projects/KBM_classifier_IFS_data/global_cfs_cdirs_m2116_hatch_pscans_scanfiles0000/scanfiles0000,0.90353758,0.77050542,0.026325872,0.11789219,0.97,1,0.48730031,-5.4281922,ETG
/pscratch/sd/j/joeschm/MGKDB_projects/KBM_classifier_IFS_data/global_cfs_cdirs_m2116_hatch_pscans_scanfiles0000/scanfiles0000,0.90353758,0.77050542,0.026325872,0.11789219,0.98,1,2.1202313,-4.1835464,ETG
/pscratch/sd/j/joeschm/MGKDB_projects/KBM_classifier_IFS_data/global_cfs_cdirs_m2116_hatch_pscans_scanfiles0000/scanfiles0000,0.90353758,0.77050542,0.026325872,0.11789219,0.99,1,4.3750009,-9.5246887,ETG
/pscratch/sd/j/joeschm/MGKDB_projects/KBM_classifier_IFS_data/global_cfs_cdirs_m2116_hatch_pscans_scanfiles0000/scanfiles0000,0.90353758,0.77050542,0.026325872,0.11789219,0.93,1.1,0.26629518,0.68556134,ITG_TEM
/pscratch/sd/j/joeschm/MGKDB_projects/KBM_classifier_IFS_data/global_cfs_cdirs_m2116_hatch_pscans_scanfiles0000/scanfiles0000,0.90353758,0.77050542,0.026325872,0.11789219,0.94,1.1,0.56923562,-0.61345598,ITG_TEM
/pscratch/sd/j/joeschm/MGKDB_projects/KBM_classifier_IFS_data/global_cfs_cdirs_m2116_hatch_pscans_scanfiles0000/scanfiles0000,0.90353758,0.77050542,0.026325872,0.11789219,0.95,1.1,1.3464599,-1.13577,ITG_TEM
/pscratch/sd/j/joeschm/MGKDB_projects/KBM_classifier_IFS_data/global_cfs_cdirs_m2116_hatch_pscans_scanfiles0000/scanfiles0000,0.90353758,0.77050542,0.026325872,0.11789219,0.96,1.1,1.2955047,-0.64038619,ITG_TEM
/pscratch/sd/j/joeschm/MGKDB_projects/KBM_classifier_IFS_data/global_cfs_cdirs_m2116_hatch_pscans_scanfiles0000/scanfiles0000,0.90353758,0.77050542,0.026325872,0.11789219,0.97,1.1,0.69375727,-5.7643902,ETG
/pscratch/sd/j/joeschm/MGKDB_projects/KBM_classifier_IFS_data/global_cfs_cdirs_m2116_hatch_pscans_scanfiles0000/scanfiles0000,0.90353758,0.77050542,0.026325872,0.11789219,0.98,1.1,2.4764546,-4.4771277,ETG
/pscratch/sd/j/joeschm/MGKDB_projects/KBM_classifier_IFS_data/global_cfs_cdirs_m2116_hatch_pscans_scanfiles0000/scanfiles0000,0.90353758,0.77050542,0.026325872,0.11789219,0.99,1.1,4.6318252,-10.563133,ETG
/pscratch/sd/j/joeschm/MGKDB_projects/KBM_classifier_IFS_data/global_cfs_cdirs_m2116_hatch_pscans_scanfiles0001/scanfiles0001,0.90353758,0.84703987,0.026325872,0.078862009,0.93,0.050000001,-1,-1,MTM
/pscratch/sd/j/joeschm/MGKDB_projects/KBM_classifier_IFS_data/global_cfs_cdirs_m2116_hatch_pscans_scanfiles0001/scanfiles0001,0.90353758,0.84703987,0.026325872,0.078862009,0.94,0.050000001,-1,-1,MTM
/pscratch/sd/j/joeschm/MGKDB_projects/KBM_classifier_IFS_data/global_cfs_cdirs_m2116_hatch_pscans_scanfiles0001/scanfiles0001,0.90353758,0.84703987,0.026325872,0.078862009,0.95,0.050000001,-1,-1,MTM
/pscratch/sd/j/joeschm/MGKDB_projects/KBM_classifier_IFS_data/global_cfs_cdirs_m2116_hatch_pscans_scanfiles0001/scanfiles0001,0.90353758,0.84703987,0.026325872,0.078862009,0.96,0.050000001,-1,-1,MTM
/pscratch/sd/j/joeschm/MGKDB_projects/KBM_classifier_IFS_data/global_cfs_cdirs_m2116_hatch_pscans_scanfiles0001/scanfiles0001,0.90353758,0.84703987,0.026325872,0.078862009,0.97,0.050000001,0.059569348,-2.5596412,MTM
/pscratch/sd/j/joeschm/MGKDB_projects/KBM_classifier_IFS_data/global_cfs_cdirs_m2116_hatch_pscans_scanfiles0001/scanfiles0001,0.90353758,0.84703987,0.026325872,0.078862009,0.98,0.050000001,1.4581943,-1.1226447,KBM
/pscratch/sd/j/joeschm/MGKDB_projects/KBM_classifier_IFS_data/global_cfs_cdirs_m2116_hatch_pscans_scanfiles0001/scanfiles0001,0.90353758,0.84703987,0.026325872,0.078862009,0.99,0.050000001,0.23014788,-3.6796334,MTM
/pscratch/sd/j/joeschm/MGKDB_projects/KBM_classifier_IFS_data/global_cfs_cdirs_m2116_hatch_pscans_scanfiles0001/scanfiles0001,0.90353758,0.84703987,0.026325872,0.078862009,0.93,0.1,0.059859532,0.07316142,ITG_TEM
/pscratch/sd/j/joeschm/MGKDB_projects/KBM_classifier_IFS_data/global_cfs_cdirs_m2116_hatch_pscans_scanfiles0001/scanfiles0001,0.90353758,0.84703987,0.026325872,0.078862009,0.94,0.1,-1,-1,MTM
/pscratch/sd/j/joeschm/MGKDB_projects/KBM_classifier_IFS_data/global_cfs_cdirs_m2116_hatch_pscans_scanfiles0001/scanfiles0001,0.90353758,0.84703987,0.026325872,0.078862009,0.95,0.1,-1,-1,MTM
/pscratch/sd/j/joeschm/MGKDB_projects/KBM_classifier_IFS_data/global_cfs_cdirs_m2116_hatch_pscans_scanfiles0001/scanfiles0001,0.90353758,0.84703987,0.026325872,0.078862009,0.96,0.1,0.14298109,-2.5117857,MTM
/pscratch/sd/j/joeschm/MGKDB_projects/KBM_classifier_IFS_data/global_cfs_cdirs_m2116_hatch_pscans_scanfiles0001/scanfiles0001,0.90353758,0.84703987,0.026325872,0.078862009,0.97,0.1,0.03768511,0.21132378,KBM
/pscratch/sd/j/joeschm/MGKDB_projects/KBM_classifier_IFS_data/global_cfs_cdirs_m2116_hatch_pscans_scanfiles0001/scanfiles0001,0.90353758,0.84703987,0.026325872,0.078862009,0.98,0.1,3.4376948,0.62156904,KBM
/pscratch/sd/j/joeschm/MGKDB_projects/KBM_classifier_IFS_data/global_cfs_cdirs_m2116_hatch_pscans_scanfiles0001/scanfiles0001,0.90353758,0.84703987,0.026325872,0.078862009,0.99,0.1,0.41569505,-1.1673911,KBM
/pscratch/sd/j/joeschm/MGKDB_projects/KBM_classifier_IFS_data/global_cfs_cdirs_m2116_hatch_pscans_scanfiles0001/scanfiles0001,0.90353758,0.84703987,0.026325872,0.078862009,0.93,0.2,0.11971009,0.10220287,ITG_TEM
/pscratch/sd/j/joeschm/MGKDB_projects/KBM_classifier_IFS_data/global_cfs_cdirs_m2116_hatch_pscans_scanfiles0001/scanfiles0001,0.90353758,0.84703987,0.026325872,0.078862009,0.94,0.2,-1,-1,MTM
/pscratch/sd/j/joeschm/MGKDB_projects/KBM_classifier_IFS_data/global_cfs_cdirs_m2116_hatch_pscans_scanfiles0001/scanfiles0001,0.90353758,0.84703987,0.026325872,0.078862009,0.95,0.2,0.091019288,-1.0190254,
/pscratch/sd/j/joeschm/MGKDB_projects/KBM_classifier_IFS_data/global_cfs_cdirs_m2116_hatch_pscans_scanfiles0001/scanfiles0001,0.90353758,0.84703987,0.026325872,0.078862009,0.96,0.2,0.17107986,-1.7764298,KBM
/pscratch/sd/j/joeschm/MGKDB_projects/KBM_classifier_IFS_data/global_cfs_cdirs_m2116_hatch_pscans_scanfiles0001/scanfiles0001,0.90353758,0.84703987,0.026325872,0.078862009,0.97,0.2,0.31177361,-0.88394819,KBM
/pscratch/sd/j/joeschm/MGKDB_projects/KBM_classifier_IFS_data/global_cfs_cdirs_m2116_hatch_pscans_scanfiles0001/scanfiles0001,0.90353758,0.84703987,0.026325872,0.078862009,0.98,0.2,0.65572986,2.2517675,KBM
/pscratch/sd/j/joeschm/MGKDB_projects/KBM_classifier_IFS_data/global_cfs_cdirs_m2116_hatch_pscans_scanfiles0001/scanfiles0001,0.90353758,0.84703987,0.026325872,0.078862009,0.99,0.2,0.17132383,-0.66369241,
/pscratch/sd/j/joeschm/MGKDB_projects/KBM_classifier_IFS_data/global_cfs_cdirs_m2116_hatch_pscans_scanfiles0001/scanfiles0001,0.90353758,0.84703987,0.026325872,0.078862009,0.93,0.30000001,0.1889369,0.14026318,ITG_TEM
/pscratch/sd/j/joeschm/MGKDB_projects/KBM_classifier_IFS_data/global_cfs_cdirs_m2116_hatch_pscans_scanfiles0001/scanfiles0001,0.90353758,0.84703987,0.026325872,0.078862009,0.94,0.30000001,0.067984631,-0.5638485,ITG_TEM
/pscratch/sd/j/joeschm/MGKDB_projects/KBM_classifier_IFS_data/global_cfs_cdirs_m2116_hatch_pscans_scanfiles0001/scanfiles0001,0.90353758,0.84703987,0.026325872,0.078862009,0.95,0.30000001,0.34794159,-1.263741,ITG_TEM
/pscratch/sd/j/joeschm/MGKDB_projects/KBM_classifier_IFS_data/global_cfs_cdirs_m2116_hatch_pscans_scanfiles0001/scanfiles0001,0.90353758,0.84703987,0.026325872,0.078862009,0.96,0.30000001,0.52976006,-1.6457649,KBM
/pscratch/sd/j/joeschm/MGKDB_projects/KBM_classifier_IFS_data/global_cfs_cdirs_m2116_hatch_pscans_scanfiles0001/scanfiles0001,0.90353758,0.84703987,0.026325872,0.078862009,0.97,0.30000001,0.4028943,-0.59852055,KBM
/pscratch/sd/j/joeschm/MGKDB_projects/KBM_classifier_IFS_data/global_cfs_cdirs_m2116_hatch_pscans_scanfiles0001/scanfiles0001,0.90353758,0.84703987,0.026325872,0.078862009,0.98,0.30000001,0.12806068,1.7287388,KBM
/pscratch/sd/j/joeschm/MGKDB_projects/KBM_classifier_IFS_data/global_cfs_cdirs_m2116_hatch_pscans_scanfiles0001/scanfiles0001,0.90353758,0.84703987,0.026325872,0.078862009,0.99,0.30000001,0.056912263,-0.52052766,
/pscratch/sd/j/joeschm/MGKDB_projects/KBM_classifier_IFS_data/global_cfs_cdirs_m2116_hatch_pscans_scanfiles0001/scanfiles0001,0.90353758,0.84703987,0.026325872,0.078862009,0.93,0.40000001,0.2516975,0.1887648,ITG_TEM
/pscratch/sd/j/joeschm/MGKDB_projects/KBM_classifier_IFS_data/global_cfs_cdirs_m2116_hatch_pscans_scanfiles0001/scanfiles0001,0.90353758,0.84703987,0.026325872,0.078862009,0.94,0.40000001,0.20777079,-0.64648131,ITG_TEM
/pscratch/sd/j/joeschm/MGKDB_projects/KBM_classifier_IFS_data/global_cfs_cdirs_m2116_hatch_pscans_scanfiles0001/scanfiles0001,0.90353758,0.84703987,0.026325872,0.078862009,0.95,0.40000001,0.57645737,-1.3353726,ITG_TEM
/pscratch/sd/j/joeschm/MGKDB_projects/KBM_classifier_IFS_data/global_cfs_cdirs_m2116_hatch_pscans_scanfiles0001/scanfiles0001,0.90353758,0.84703987,0.026325872,0.078862009,0.96,0.40000001,0.74776502,-1.4610562,KBM
/pscratch/sd/j/joeschm/MGKDB_projects/KBM_classifier_IFS_data/global_cfs_cdirs_m2116_hatch_pscans_scanfiles0001/scanfiles0001,0.90353758,0.84703987,0.026325872,0.078862009,0.97,0.40000001,0.34901902,-0.44071992,ITG_TEM
/pscratch/sd/j/joeschm/MGKDB_projects/KBM_classifier_IFS_data/global_cfs_cdirs_m2116_hatch_pscans_scanfiles0001/scanfiles0001,0.90353758,0.84703987,0.026325872,0.078862009,0.98,0.40000001,-1,-1,ITG_TEM
/pscratch/sd/j/joeschm/MGKDB_projects/KBM_classifier_IFS_data/global_cfs_cdirs_m2116_hatch_pscans_scanfiles0001/scanfiles0001,0.90353758,0.84703987,0.026325872,0.078862009,0.99,0.40000001,0.19349845,-4.1690887,ETG
/pscratch/sd/j/joeschm/MGKDB_projects/KBM_classifier_IFS_data/global_cfs_cdirs_m2116_hatch_pscans_scanfiles0001/scanfiles0001,0.90353758,0.84703987,0.026325872,0.078862009,0.93,0.60000002,0.33537931,0.31997867,ITG_TEM
/pscratch/sd/j/joeschm/MGKDB_projects/KBM_classifier_IFS_data/global_cfs_cdirs_m2116_hatch_pscans_scanfiles0001/scanfiles0001,0.90353758,0.84703987,0.026325872,0.078862009,0.94,0.60000002,0.4109717,-0.66406657,ITG_TEM
/pscratch/sd/j/joeschm/MGKDB_projects/KBM_classifier_IFS_data/global_cfs_cdirs_m2116_hatch_pscans_scanfiles0001/scanfiles0001,0.90353758,0.84703987,0.026325872,0.078862009,0.95,0.60000002,0.88788809,-1.2788328,ITG_TEM
/pscratch/sd/j/joeschm/MGKDB_projects/KBM_classifier_IFS_data/global_cfs_cdirs_m2116_hatch_pscans_scanfiles0001/scanfiles0001,0.90353758,0.84703987,0.026325872,0.078862009,0.96,0.60000002,0.93553109,-1.1034671,ITG_TEM
/pscratch/sd/j/joeschm/MGKDB_projects/KBM_classifier_IFS_data/global_cfs_cdirs_m2116_hatch_pscans_scanfiles0001/scanfiles0001,0.90353758,0.84703987,0.026325872,0.078862009,0.97,0.60000002,0.22189884,-0.38152314,ITG_TEM
/pscratch/sd/j/joeschm/MGKDB_projects/KBM_classifier_IFS_data/global_cfs_cdirs_m2116_hatch_pscans_scanfiles0001/scanfiles0001,0.90353758,0.84703987,0.026325872,0.078862009,0.98,0.60000002,0.09641378,-1.9971288,
/pscratch/sd/j/joeschm/MGKDB_projects/KBM_classifier_IFS_data/global_cfs_cdirs_m2116_hatch_pscans_scanfiles0001/scanfiles0001,0.90353758,0.84703987,0.026325872,0.078862009,0.99,0.60000002,0.75607583,-4.9950986,ETG
/pscratch/sd/j/joeschm/MGKDB_projects/KBM_classifier_IFS_data/global_cfs_cdirs_m2116_hatch_pscans_scanfiles0001/scanfiles0001,0.90353758,0.84703987,0.026325872,0.078862009,0.93,0.80000001,0.34472867,0.46698271,ITG_TEM
/pscratch/sd/j/joeschm/MGKDB_projects/KBM_classifier_IFS_data/global_cfs_cdirs_m2116_hatch_pscans_scanfiles0001/scanfiles0001,0.90353758,0.84703987,0.026325872,0.078862009,0.94,0.80000001,0.50787951,-0.6245011,ITG_TEM
/pscratch/sd/j/joeschm/MGKDB_projects/KBM_classifier_IFS_data/global_cfs_cdirs_m2116_hatch_pscans_scanfiles0001/scanfiles0001,0.90353758,0.84703987,0.026325872,0.078862009,0.95,0.80000001,1.0745916,-1.163263,ITG_TEM
/pscratch/sd/j/joeschm/MGKDB_projects/KBM_classifier_IFS_data/global_cfs_cdirs_m2116_hatch_pscans_scanfiles0001/scanfiles0001,0.90353758,0.84703987,0.026325872,0.078862009,0.96,0.80000001,0.96702119,-0.80599635,ITG_TEM
/pscratch/sd/j/joeschm/MGKDB_projects/KBM_classifier_IFS_data/global_cfs_cdirs_m2116_hatch_pscans_scanfiles0001/scanfiles0001,0.90353758,0.84703987,0.026325872,0.078862009,0.97,0.80000001,0.21627155,-0.41139779,ITG_TEM
/pscratch/sd/j/joeschm/MGKDB_projects/KBM_classifier_IFS_data/global_cfs_cdirs_m2116_hatch_pscans_scanfiles0001/scanfiles0001,0.90353758,0.84703987,0.026325872,0.078862009,0.98,0.80000001,0.093278251,-1.3889607,
/pscratch/sd/j/joeschm/MGKDB_projects/KBM_classifier_IFS_data/global_cfs_cdirs_m2116_hatch_pscans_scanfiles0003/scanfiles0003,1,0.84703987,0,0.078862009,0.93,0.050000001,0.044397419,0.07818253,ITG_TEM
/pscratch/sd/j/joeschm/MGKDB_projects/KBM_classifier_IFS_data/global_cfs_cdirs_m2116_hatch_pscans_scanfiles0003/scanfiles0003,1,0.84703987,0,0.078862009,0.94,0.050000001,-1,-1,MTM
/pscratch/sd/j/joeschm/MGKDB_projects/KBM_classifier_IFS_data/global_cfs_cdirs_m2116_hatch_pscans_scanfiles0003/scanfiles0003,1,0.84703987,0,0.078862009,0.95,0.050000001,-1,-1,MTM
/pscratch/sd/j/joeschm/MGKDB_projects/KBM_classifier_IFS_data/global_cfs_cdirs_m2116_hatch_pscans_scanfiles0003/scanfiles0003,1,0.84703987,0,0.078862009,0.96,0.050000001,-1,-1,KBM
/pscratch/sd/j/joeschm/MGKDB_projects/KBM_classifier_IFS_data/global_cfs_cdirs_m2116_hatch_pscans_scanfiles0003/scanfiles0003,1,0.84703987,0,0.078862009,0.97,0.050000001,0.064943526,-2.7297507,ITG_TEM
/pscratch/sd/j/joeschm/MGKDB_projects/KBM_classifier_IFS_data/global_cfs_cdirs_m2116_hatch_pscans_scanfiles0003/scanfiles0003,1,0.84703987,0,0.078862009,0.98,0.050000001,1.1756609,-1.0801634,KBM
/pscratch/sd/j/joeschm/MGKDB_projects/KBM_classifier_IFS_data/global_cfs_cdirs_m2116_hatch_pscans_scanfiles0003/scanfiles0003,1,0.84703987,0,0.078862009,0.99,0.050000001,0.29577733,-3.8317661,MTM
/pscratch/sd/j/joeschm/MGKDB_projects/KBM_classifier_IFS_data/global_cfs_cdirs_m2116_hatch_pscans_scanfiles0003/scanfiles0003,1,0.84703987,0,0.078862009,0.93,0.1,0.054372715,0.056124695,ITG_TEM
/pscratch/sd/j/joeschm/MGKDB_projects/KBM_classifier_IFS_data/global_cfs_cdirs_m2116_hatch_pscans_scanfiles0003/scanfiles0003,1,0.84703987,0,0.078862009,0.94,0.1,0.022802732,-0.68987269,MTM
/pscratch/sd/j/joeschm/MGKDB_projects/KBM_classifier_IFS_data/global_cfs_cdirs_m2116_hatch_pscans_scanfiles0003/scanfiles0003,1,0.84703987,0,0.078862009,0.95,0.1,-1,-1,MTM
/pscratch/sd/j/joeschm/MGKDB_projects/KBM_classifier_IFS_data/global_cfs_cdirs_m2116_hatch_pscans_scanfiles0003/scanfiles0003,1,0.84703987,0,0.078862009,0.96,0.1,0.15676454,-2.5718406,MTM
/pscratch/sd/j/joeschm/MGKDB_projects/KBM_classifier_IFS_data/global_cfs_cdirs_m2116_hatch_pscans_scanfiles0003/scanfiles0003,1,0.84703987,0,0.078862009,0.97,0.1,0.045521175,0.20612874,KBM
/pscratch/sd/j/joeschm/MGKDB_projects/KBM_classifier_IFS_data/global_cfs_cdirs_m2116_hatch_pscans_scanfiles0003/scanfiles0003,1,0.84703987,0,0.078862009,0.98,0.1,3.2432236,0.18686566,KBM
/pscratch/sd/j/joeschm/MGKDB_projects/KBM_classifier_IFS_data/global_cfs_cdirs_m2116_hatch_pscans_scanfiles0003/scanfiles0003,1,0.84703987,0,0.078862009,0.99,0.1,0.52066022,-1.0808578,KBM
/pscratch/sd/j/joeschm/MGKDB_projects/KBM_classifier_IFS_data/global_cfs_cdirs_m2116_hatch_pscans_scanfiles0003/scanfiles0003,1,0.84703987,0,0.078862009,0.93,0.2,0.13945489,0.085434518,ITG_TEM
/pscratch/sd/j/joeschm/MGKDB_projects/KBM_classifier_IFS_data/global_cfs_cdirs_m2116_hatch_pscans_scanfiles0003/scanfiles0003,1,0.84703987,0,0.078862009,0.94,0.2,-1,-1,MTM
/pscratch/sd/j/joeschm/MGKDB_projects/KBM_classifier_IFS_data/global_cfs_cdirs_m2116_hatch_pscans_scanfiles0003/scanfiles0003,1,0.84703987,0,0.078862009,0.95,0.2,0.11650368,-0.92633099,
/pscratch/sd/j/joeschm/MGKDB_projects/KBM_classifier_IFS_data/global_cfs_cdirs_m2116_hatch_pscans_scanfiles0003/scanfiles0003,1,0.84703987,0,0.078862009,0.96,0.2,0.12461922,-1.542248,KBM
/pscratch/sd/j/joeschm/MGKDB_projects/KBM_classifier_IFS_data/global_cfs_cdirs_m2116_hatch_pscans_scanfiles0003/scanfiles0003,1,0.84703987,0,0.078862009,0.97,0.2,0.10869307,-0.72117122,KBM
/pscratch/sd/j/joeschm/MGKDB_projects/KBM_classifier_IFS_data/global_cfs_cdirs_m2116_hatch_pscans_scanfiles0003/scanfiles0003,1,0.84703987,0,0.078862009,0.98,0.2,0.6890033,2.1906841,KBM
/pscratch/sd/j/joeschm/MGKDB_projects/KBM_classifier_IFS_data/global_cfs_cdirs_m2116_hatch_pscans_scanfiles0003/scanfiles0003,1,0.84703987,0,0.078862009,0.99,0.2,0.20661432,-3.4060401,ETG
/pscratch/sd/j/joeschm/MGKDB_projects/KBM_classifier_IFS_data/global_cfs_cdirs_m2116_hatch_pscans_scanfiles0003/scanfiles0003,1,0.84703987,0,0.078862009,0.93,0.30000001,0.22449873,0.11782213,ITG_TEM
/pscratch/sd/j/joeschm/MGKDB_projects/KBM_classifier_IFS_data/global_cfs_cdirs_m2116_hatch_pscans_scanfiles0003/scanfiles0003,1,0.84703987,0,0.078862009,0.94,0.30000001,0.12670593,-0.49974746,ITG_TEM
/pscratch/sd/j/joeschm/MGKDB_projects/KBM_classifier_IFS_data/global_cfs_cdirs_m2116_hatch_pscans_scanfiles0003/scanfiles0003,1,0.84703987,0,0.078862009,0.95,0.30000001,0.37467355,-1.1473548,KBM
/pscratch/sd/j/joeschm/MGKDB_projects/KBM_classifier_IFS_data/global_cfs_cdirs_m2116_hatch_pscans_scanfiles0003/scanfiles0003,1,0.84703987,0,0.078862009,0.96,0.30000001,0.53238304,-1.4322332,KBM
/pscratch/sd/j/joeschm/MGKDB_projects/KBM_classifier_IFS_data/global_cfs_cdirs_m2116_hatch_pscans_scanfiles0003/scanfiles0003,1,0.84703987,0,0.078862009,0.97,0.30000001,0.28535201,-0.55643136,KBM
/pscratch/sd/j/joeschm/MGKDB_projects/KBM_classifier_IFS_data/global_cfs_cdirs_m2116_hatch_pscans_scanfiles0003/scanfiles0003,1,0.84703987,0,0.078862009,0.98,0.30000001,0.13025958,1.6006787,KBM
/pscratch/sd/j/joeschm/MGKDB_projects/KBM_classifier_IFS_data/global_cfs_cdirs_m2116_hatch_pscans_scanfiles0003/scanfiles0003,1,0.84703987,0,0.078862009,0.99,0.30000001,0.79035631,-4.0141696,ETG
/pscratch/sd/j/joeschm/MGKDB_projects/KBM_classifier_IFS_data/global_cfs_cdirs_m2116_hatch_pscans_scanfiles0003/scanfiles0003,1,0.84703987,0,0.078862009,0.93,0.40000001,0.30437897,0.16275186,ITG_TEM
/pscratch/sd/j/joeschm/MGKDB_projects/KBM_classifier_IFS_data/global_cfs_cdirs_m2116_hatch_pscans_scanfiles0003/scanfiles0003,1,0.84703987,0,0.078862009,0.94,0.40000001,0.26176091,-0.55876583,ITG_TEM
/pscratch/sd/j/joeschm/MGKDB_projects/KBM_classifier_IFS_data/global_cfs_cdirs_m2116_hatch_pscans_scanfiles0003/scanfiles0003,1,0.84703987,0,0.078862009,0.95,0.40000001,0.60214272,-1.2054491,KBM
/pscratch/sd/j/joeschm/MGKDB_projects/KBM_classifier_IFS_data/global_cfs_cdirs_m2116_hatch_pscans_scanfiles0003/scanfiles0003,1,0.84703987,0,0.078862009,0.96,0.40000001,0.76249569,-1.2593928,KBM
/pscratch/sd/j/joeschm/MGKDB_projects/KBM_classifier_IFS_data/global_cfs_cdirs_m2116_hatch_pscans_scanfiles0003/scanfiles0003,1,0.84703987,0,0.078862009,0.97,0.40000001,0.32649611,-0.41306985,ITG_TEM
/pscratch/sd/j/joeschm/MGKDB_projects/KBM_classifier_IFS_data/global_cfs_cdirs_m2116_hatch_pscans_scanfiles0003/scanfiles0003,1,0.84703987,0,0.078862009,0.98,0.40000001,0.03395156,-5.0006108,ETG
/pscratch/sd/j/joeschm/MGKDB_projects/KBM_classifier_IFS_data/global_cfs_cdirs_m2116_hatch_pscans_scanfiles0003/scanfiles0003,1,0.84703987,0,0.078862009,0.99,0.40000001,1.4667661,-4.388527,ETG
/pscratch/sd/j/joeschm/MGKDB_projects/KBM_classifier_IFS_data/global_cfs_cdirs_m2116_hatch_pscans_scanfiles0003/scanfiles0003,1,0.84703987,0,0.078862009,0.93,0.60000002,0.4200152,0.2939633,ITG_TEM
/pscratch/sd/j/joeschm/MGKDB_projects/KBM_classifier_IFS_data/global_cfs_cdirs_m2116_hatch_pscans_scanfiles0003/scanfiles0003,1,0.84703987,0,0.078862009,0.94,0.60000002,0.45497893,-0.55445747,ITG_TEM
/pscratch/sd/j/joeschm/MGKDB_projects/KBM_classifier_IFS_data/global_cfs_cdirs_m2116_hatch_pscans_scanfiles0003/scanfiles0003,1,0.84703987,0,0.078862009,0.95,0.60000002,0.9088337,-1.1457269,ITG_TEM
/pscratch/sd/j/joeschm/MGKDB_projects/KBM_classifier_IFS_data/global_cfs_cdirs_m2116_hatch_pscans_scanfiles0003/scanfiles0003,1,0.84703987,0,0.078862009,0.96,0.60000002,0.97985065,-0.93037083,KBM
/pscratch/sd/j/joeschm/MGKDB_projects/KBM_classifier_IFS_data/global_cfs_cdirs_m2116_hatch_pscans_scanfiles0003/scanfiles0003,1,0.84703987,0,0.078862009,0.97,0.60000002,0.24079986,-0.25417606,ITG_TEM
/pscratch/sd/j/joeschm/MGKDB_projects/KBM_classifier_IFS_data/global_cfs_cdirs_m2116_hatch_pscans_scanfiles0003/scanfiles0003,1,0.84703987,0,0.078862009,0.98,0.60000002,0.85708158,-6.6176047,ETG
/pscratch/sd/j/joeschm/MGKDB_projects/KBM_classifier_IFS_data/global_cfs_cdirs_m2116_hatch_pscans_scanfiles0003/scanfiles0003,1,0.84703987,0,0.078862009,0.99,0.60000002,2.7126556,-5.3444736,ETG
/pscratch/sd/j/joeschm/MGKDB_projects/KBM_classifier_IFS_data/global_cfs_cdirs_m2116_hatch_pscans_scanfiles0003/scanfiles0003,1,0.84703987,0,0.078862009,0.93,0.80000001,0.45720589,0.45342156,ITG_TEM
/pscratch/sd/j/joeschm/MGKDB_projects/KBM_classifier_IFS_data/global_cfs_cdirs_m2116_hatch_pscans_scanfiles0003/scanfiles0003,1,0.84703987,0,0.078862009,0.94,0.80000001,0.53962651,-0.50294143,ITG_TEM
/pscratch/sd/j/joeschm/MGKDB_projects/KBM_classifier_IFS_data/global_cfs_cdirs_m2116_hatch_pscans_scanfiles0003/scanfiles0003,1,0.84703987,0,0.078862009,0.95,0.80000001,1.090068,-1.0371325,ITG_TEM
/pscratch/sd/j/joeschm/MGKDB_projects/KBM_classifier_IFS_data/global_cfs_cdirs_m2116_hatch_pscans_scanfiles0003/scanfiles0003,1,0.84703987,0,0.078862009,0.96,0.80000001,1.0573399,-0.65735378,ITG_TEM
/pscratch/sd/j/joeschm/MGKDB_projects/KBM_classifier_IFS_data/global_cfs_cdirs_m2116_hatch_pscans_scanfiles0003/scanfiles0003,1,0.84703987,0,0.078862009,0.97,0.80000001,0.26015914,-3.8667526,ETG
/pscratch/sd/j/joeschm/MGKDB_projects/KBM_classifier_IFS_data/global_cfs_cdirs_m2116_hatch_pscans_scanfiles0003/scanfiles0003,1,0.84703987,0,0.078862009,0.98,0.80000001,1.3235001,-8.3738683,ETG
/pscratch/sd/j/joeschm/MGKDB_projects/KBM_classifier_IFS_data/global_cfs_cdirs_m2116_hatch_pscans_scanfiles0003/scanfiles0003,1,0.84703987,0,0.078862009,0.99,0.80000001,3.9907573,-6.6263268,ETG
/pscratch/sd/j/joeschm/MGKDB_projects/KBM_classifier_IFS_data/global_cfs_cdirs_m2116_hatch_pscans_scanfiles0003/scanfiles0003,1,0.84703987,0,0.078862009,0.93,1,0.42593612,0.60596922,ITG_TEM
/pscratch/sd/j/joeschm/MGKDB_projects/KBM_classifier_IFS_data/global_cfs_cdirs_m2116_hatch_pscans_scanfiles0003/scanfiles0003,1,0.84703987,0,0.078862009,0.94,1,0.56383884,-0.46041239,ITG_TEM
/pscratch/sd/j/joeschm/MGKDB_projects/KBM_classifier_IFS_data/global_cfs_cdirs_m2116_hatch_pscans_scanfiles0003/scanfiles0003,1,0.84703987,0,0.078862009,0.95,1,1.2039741,-0.9333851,ITG_TEM
/pscratch/sd/j/joeschm/MGKDB_projects/KBM_classifier_IFS_data/global_cfs_cdirs_m2116_hatch_pscans_scanfiles0003/scanfiles0003,1,0.84703987,0,0.078862009,0.96,1,1.0684225,-0.44538946,ITG_TEM
/pscratch/sd/j/joeschm/MGKDB_projects/KBM_classifier_IFS_data/global_cfs_cdirs_m2116_hatch_pscans_scanfiles0003/scanfiles0003,1,0.84703987,0,0.078862009,0.97,1,0.80420916,-4.5012424,ETG
/pscratch/sd/j/joeschm/MGKDB_projects/KBM_classifier_IFS_data/global_cfs_cdirs_m2116_hatch_pscans_scanfiles0003/scanfiles0003,1,0.84703987,0,0.078862009,0.98,1,1.9558061,-3.044309,ETG
/pscratch/sd/j/joeschm/MGKDB_projects/KBM_classifier_IFS_data/global_cfs_cdirs_m2116_hatch_pscans_scanfiles0003/scanfiles0003,1,0.84703987,0,0.078862009,0.99,1,5.0415715,-8.4491551,ETG
/pscratch/sd/j/joeschm/MGKDB_projects/KBM_classifier_IFS_data/global_cfs_cdirs_m2116_hatch_pscans_scanfiles0003/scanfiles0003,1,0.84703987,0,0.078862009,0.93,1.1,0.39128745,0.67468973,ITG_TEM
/pscratch/sd/j/joeschm/MGKDB_projects/KBM_classifier_IFS_data/global_cfs_cdirs_m2116_hatch_pscans_scanfiles0003/scanfiles0003,1,0.84703987,0,0.078862009,0.94,1.1,0.56662154,-0.44687231,ITG_TEM
/pscratch/sd/j/joeschm/MGKDB_projects/KBM_classifier_IFS_data/global_cfs_cdirs_m2116_hatch_pscans_scanfiles0003/scanfiles0003,1,0.84703987,0,0.078862009,0.95,1.1,1.2475134,-0.88721453,ITG_TEM
/pscratch/sd/j/joeschm/MGKDB_projects/KBM_classifier_IFS_data/global_cfs_cdirs_m2116_hatch_pscans_scanfiles0003/scanfiles0003,1,0.84703987,0,0.078862009,0.96,1.1,1.0599712,-0.35977785,ITG_TEM
/pscratch/sd/j/joeschm/MGKDB_projects/KBM_classifier_IFS_data/global_cfs_cdirs_m2116_hatch_pscans_scanfiles0003/scanfiles0003,1,0.84703987,0,0.078862009,0.97,1.1,1.0443172,-4.7621748,ETG
/pscratch/sd/j/joeschm/MGKDB_projects/KBM_classifier_IFS_data/global_cfs_cdirs_m2116_hatch_pscans_scanfiles0003/scanfiles0003,1,0.84703987,0,0.078862009,0.98,1.1,2.3218247,-3.1836103,ETG
/pscratch/sd/j/joeschm/MGKDB_projects/KBM_classifier_IFS_data/global_cfs_cdirs_m2116_hatch_pscans_scanfiles0003/scanfiles0003,1,0.84703987,0,0.078862009,0.99,1.1,5.4332911,-9.5066432,ETG
/pscratch/sd/j/joeschm/MGKDB_projects/KBM_classifier_IFS_data/global_cfs_cdirs_m2116_hatch_pscans_scanfiles0004/scanfiles0004,0.90353758,0.92362846,0.026325872,0.039787891,0.93,0.050000001,-1,-1,MTM
/pscratch/sd/j/joeschm/MGKDB_projects/KBM_classifier_IFS_data/global_cfs_cdirs_m2116_hatch_pscans_scanfiles0004/scanfiles0004,0.90353758,0.92362846,0.026325872,0.039787891,0.94,0.050000001,-1,-1,MTM
/pscratch/sd/j/joeschm/MGKDB_projects/KBM_classifier_IFS_data/global_cfs_cdirs_m2116_hatch_pscans_scanfiles0004/scanfiles0004,0.90353758,0.92362846,0.026325872,0.039787891,0.95,0.050000001,-1,-1,MTM
/pscratch/sd/j/joeschm/MGKDB_projects/KBM_classifier_IFS_data/global_cfs_cdirs_m2116_hatch_pscans_scanfiles0004/scanfiles0004,0.90353758,0.92362846,0.026325872,0.039787891,0.96,0.050000001,-1,-1,
/pscratch/sd/j/joeschm/MGKDB_projects/KBM_classifier_IFS_data/global_cfs_cdirs_m2116_hatch_pscans_scanfiles0004/scanfiles0004,0.90353758,0.92362846,0.026325872,0.039787891,0.97,0.050000001,0.28139361,0.10001114,KBM
/pscratch/sd/j/joeschm/MGKDB_projects/KBM_classifier_IFS_data/global_cfs_cdirs_m2116_hatch_pscans_scanfiles0004/scanfiles0004,0.90353758,0.92362846,0.026325872,0.039787891,0.98,0.050000001,1.7996131,-1.4787856,KBM
/pscratch/sd/j/joeschm/MGKDB_projects/KBM_classifier_IFS_data/global_cfs_cdirs_m2116_hatch_pscans_scanfiles0004/scanfiles0004,0.90353758,0.92362846,0.026325872,0.039787891,0.99,0.050000001,0.1203374,-3.5222726,MTM
/pscratch/sd/j/joeschm/MGKDB_projects/KBM_classifier_IFS_data/global_cfs_cdirs_m2116_hatch_pscans_scanfiles0004/scanfiles0004,0.90353758,0.92362846,0.026325872,0.039787891,0.93,0.1,0.062409581,0.067550842,ITG_TEM
/pscratch/sd/j/joeschm/MGKDB_projects/KBM_classifier_IFS_data/global_cfs_cdirs_m2116_hatch_pscans_scanfiles0004/scanfiles0004,0.90353758,0.92362846,0.026325872,0.039787891,0.94,0.1,-1,-1,MTM
/pscratch/sd/j/joeschm/MGKDB_projects/KBM_classifier_IFS_data/global_cfs_cdirs_m2116_hatch_pscans_scanfiles0004/scanfiles0004,0.90353758,0.92362846,0.026325872,0.039787891,0.95,0.1,-1,-1,MTM
/pscratch/sd/j/joeschm/MGKDB_projects/KBM_classifier_IFS_data/global_cfs_cdirs_m2116_hatch_pscans_scanfiles0004/scanfiles0004,0.90353758,0.92362846,0.026325872,0.039787891,0.96,0.1,0.14614798,-2.6126813,MTM
/pscratch/sd/j/joeschm/MGKDB_projects/KBM_classifier_IFS_data/global_cfs_cdirs_m2116_hatch_pscans_scanfiles0004/scanfiles0004,0.90353758,0.92362846,0.026325872,0.039787891,0.97,0.1,0.31467374,0.46936973,KBM
/pscratch/sd/j/joeschm/MGKDB_projects/KBM_classifier_IFS_data/global_cfs_cdirs_m2116_hatch_pscans_scanfiles0004/scanfiles0004,0.90353758,0.92362846,0.026325872,0.039787891,0.98,0.1,3.9539626,0.92377344,KBM
/pscratch/sd/j/joeschm/MGKDB_projects/KBM_classifier_IFS_data/global_cfs_cdirs_m2116_hatch_pscans_scanfiles0004/scanfiles0004,0.90353758,0.92362846,0.026325872,0.039787891,0.99,0.1,0.3236847,-1.0372333,KBM
/pscratch/sd/j/joeschm/MGKDB_projects/KBM_classifier_IFS_data/global_cfs_cdirs_m2116_hatch_pscans_scanfiles0004/scanfiles0004,0.90353758,0.92362846,0.026325872,0.039787891,0.93,0.2,0.11214396,0.10159577,ITG_TEM
/pscratch/sd/j/joeschm/MGKDB_projects/KBM_classifier_IFS_data/global_cfs_cdirs_m2116_hatch_pscans_scanfiles0004/scanfiles0004,0.90353758,0.92362846,0.026325872,0.039787891,0.94,0.2,-1,-1,MTM
/pscratch/sd/j/joeschm/MGKDB_projects/KBM_classifier_IFS_data/global_cfs_cdirs_m2116_hatch_pscans_scanfiles0004/scanfiles0004,0.90353758,0.92362846,0.026325872,0.039787891,0.95,0.2,0.10276746,-1.0476435,
/pscratch/sd/j/joeschm/MGKDB_projects/KBM_classifier_IFS_data/global_cfs_cdirs_m2116_hatch_pscans_scanfiles0004/scanfiles0004,0.90353758,0.92362846,0.026325872,0.039787891,0.96,0.2,0.19192869,-1.5679357,KBM
/pscratch/sd/j/joeschm/MGKDB_projects/KBM_classifier_IFS_data/global_cfs_cdirs_m2116_hatch_pscans_scanfiles0004/scanfiles0004,0.90353758,0.92362846,0.026325872,0.039787891,0.97,0.2,0.094341565,-0.59860879,KBM
/pscratch/sd/j/joeschm/MGKDB_projects/KBM_classifier_IFS_data/global_cfs_cdirs_m2116_hatch_pscans_scanfiles0004/scanfiles0004,0.90353758,0.92362846,0.026325872,0.039787891,0.98,0.2,0.50587753,2.397869,KBM
/pscratch/sd/j/joeschm/MGKDB_projects/KBM_classifier_IFS_data/global_cfs_cdirs_m2116_hatch_pscans_scanfiles0004/scanfiles0004,0.90353758,0.92362846,0.026325872,0.039787891,0.99,0.2,0.099129879,-0.62068159,
/pscratch/sd/j/joeschm/MGKDB_projects/KBM_classifier_IFS_data/global_cfs_cdirs_m2116_hatch_pscans_scanfiles0004/scanfiles0004,0.90353758,0.92362846,0.026325872,0.039787891,0.93,0.30000001,0.17669743,0.13713781,ITG_TEM
/pscratch/sd/j/joeschm/MGKDB_projects/KBM_classifier_IFS_data/global_cfs_cdirs_m2116_hatch_pscans_scanfiles0004/scanfiles0004,0.90353758,0.92362846,0.026325872,0.039787891,0.94,0.30000001,0.082935955,-0.58604797,ITG_TEM
/pscratch/sd/j/joeschm/MGKDB_projects/KBM_classifier_IFS_data/global_cfs_cdirs_m2116_hatch_pscans_scanfiles0004/scanfiles0004,0.90353758,0.92362846,0.026325872,0.039787891,0.95,0.30000001,0.35951881,-1.2555404,KBM
/pscratch/sd/j/joeschm/MGKDB_projects/KBM_classifier_IFS_data/global_cfs_cdirs_m2116_hatch_pscans_scanfiles0004/scanfiles0004,0.90353758,0.92362846,0.026325872,0.039787891,0.96,0.30000001,0.51488403,-1.3992119,KBM
/pscratch/sd/j/joeschm/MGKDB_projects/KBM_classifier_IFS_data/global_cfs_cdirs_m2116_hatch_pscans_scanfiles0004/scanfiles0004,0.90353758,0.92362846,0.026325872,0.039787891,0.97,0.30000001,0.20627614,-0.44369506,ITG_TEM
/pscratch/sd/j/joeschm/MGKDB_projects/KBM_classifier_IFS_data/global_cfs_cdirs_m2116_hatch_pscans_scanfiles0004/scanfiles0004,0.90353758,0.92362846,0.026325872,0.039787891,0.98,0.30000001,0.042636085,1.7431847,KBM
/pscratch/sd/j/joeschm/MGKDB_projects/KBM_classifier_IFS_data/global_cfs_cdirs_m2116_hatch_pscans_scanfiles0004/scanfiles0004,0.90353758,0.92362846,0.026325872,0.039787891,0.99,0.30000001,-1,-1,
/pscratch/sd/j/joeschm/MGKDB_projects/KBM_classifier_IFS_data/global_cfs_cdirs_m2116_hatch_pscans_scanfiles0004/scanfiles0004,0.90353758,0.92362846,0.026325872,0.039787891,0.93,0.40000001,0.23543118,0.1827361,ITG_TEM
/pscratch/sd/j/joeschm/MGKDB_projects/KBM_classifier_IFS_data/global_cfs_cdirs_m2116_hatch_pscans_scanfiles0004/scanfiles0004,0.90353758,0.92362846,0.026325872,0.039787891,0.94,0.40000001,0.22381564,-0.65922046,ITG_TEM
/pscratch/sd/j/joeschm/MGKDB_projects/KBM_classifier_IFS_data/global_cfs_cdirs_m2116_hatch_pscans_scanfiles0004/scanfiles0004,0.90353758,0.92362846,0.026325872,0.039787891,0.95,0.40000001,0.57178001,-1.2861904,KBM
/pscratch/sd/j/joeschm/MGKDB_projects/KBM_classifier_IFS_data/global_cfs_cdirs_m2116_hatch_pscans_scanfiles0004/scanfiles0004,0.90353758,0.92362846,0.026325872,0.039787891,0.96,0.40000001,0.66548718,-1.2004795,KBM
/pscratch/sd/j/joeschm/MGKDB_projects/KBM_classifier_IFS_data/global_cfs_cdirs_m2116_hatch_pscans_scanfiles0004/scanfiles0004,0.90353758,0.92362846,0.026325872,0.039787891,0.97,0.40000001,0.17749168,-0.34852742,ITG_TEM
/pscratch/sd/j/joeschm/MGKDB_projects/KBM_classifier_IFS_data/global_cfs_cdirs_m2116_hatch_pscans_scanfiles0004/scanfiles0004,0.90353758,0.92362846,0.026325872,0.039787891,0.98,0.40000001,0.034645176,-3.0663044,ITG_TEM
/pscratch/sd/j/joeschm/MGKDB_projects/KBM_classifier_IFS_data/global_cfs_cdirs_m2116_hatch_pscans_scanfiles0004/scanfiles0004,0.90353758,0.92362846,0.026325872,0.039787891,0.99,0.40000001,0.061304914,-0.52374008,
/pscratch/sd/j/joeschm/MGKDB_projects/KBM_classifier_IFS_data/global_cfs_cdirs_m2116_hatch_pscans_scanfiles0004/scanfiles0004,0.90353758,0.92362846,0.026325872,0.039787891,0.93,0.60000002,0.3126546,0.30581823,ITG_TEM
/pscratch/sd/j/joeschm/MGKDB_projects/KBM_classifier_IFS_data/global_cfs_cdirs_m2116_hatch_pscans_scanfiles0004/scanfiles0004,0.90353758,0.92362846,0.026325872,0.039787891,0.94,0.60000002,0.41654477,-0.6578217,ITG_TEM
/pscratch/sd/j/joeschm/MGKDB_projects/KBM_classifier_IFS_data/global_cfs_cdirs_m2116_hatch_pscans_scanfiles0004/scanfiles0004,0.90353758,0.92362846,0.026325872,0.039787891,0.95,0.60000002,0.84168503,-1.1829753,ITG_TEM
/pscratch/sd/j/joeschm/MGKDB_projects/KBM_classifier_IFS_data/global_cfs_cdirs_m2116_hatch_pscans_scanfiles0004/scanfiles0004,0.90353758,0.92362846,0.026325872,0.039787891,0.96,0.60000002,0.73781807,-0.87505068,ITG_TEM
/pscratch/sd/j/joeschm/MGKDB_projects/KBM_classifier_IFS_data/global_cfs_cdirs_m2116_hatch_pscans_scanfiles0004/scanfiles0004,0.90353758,0.92362846,0.026325872,0.039787891,0.97,0.60000002,0.12652483,-1.2562029,
/pscratch/sd/j/joeschm/MGKDB_projects/KBM_classifier_IFS_data/global_cfs_cdirs_m2116_hatch_pscans_scanfiles0004/scanfiles0004,0.90353758,0.92362846,0.026325872,0.039787891,0.98,0.60000002,0.12120641,-1.7384664,
/pscratch/sd/j/joeschm/MGKDB_projects/KBM_classifier_IFS_data/global_cfs_cdirs_m2116_hatch_pscans_scanfiles0004/scanfiles0004,0.90353758,0.92362846,0.026325872,0.039787891,0.99,0.60000002,0.12506785,-0.31663252,
/pscratch/sd/j/joeschm/MGKDB_projects/KBM_classifier_IFS_data/global_cfs_cdirs_m2116_hatch_pscans_scanfiles0004/scanfiles0004,0.90353758,0.92362846,0.026325872,0.039787891,0.93,0.80000001,0.31985564,0.44284479,ITG_TEM
/pscratch/sd/j/joeschm/MGKDB_projects/KBM_classifier_IFS_data/global_cfs_cdirs_m2116_hatch_pscans_scanfiles0004/scanfiles0004,0.90353758,0.92362846,0.026325872,0.039787891,0.94,0.80000001,0.50199164,-0.60580984,ITG_TEM
/pscratch/sd/j/joeschm/MGKDB_projects/KBM_classifier_IFS_data/global_cfs_cdirs_m2116_hatch_pscans_scanfiles0004/scanfiles0004,0.90353758,0.92362846,0.026325872,0.039787891,0.95,0.80000001,0.98786657,-1.0423145,ITG_TEM
/pscratch/sd/j/joeschm/MGKDB_projects/KBM_classifier_IFS_data/global_cfs_cdirs_m2116_hatch_pscans_scanfiles0004/scanfiles0004,0.90353758,0.92362846,0.026325872,0.039787891,0.96,0.80000001,0.68247703,-0.66344159,ITG_TEM
/pscratch/sd/j/joeschm/MGKDB_projects/KBM_classifier_IFS_data/global_cfs_cdirs_m2116_hatch_pscans_scanfiles0004/scanfiles0004,0.90353758,0.92362846,0.026325872,0.039787891,0.97,0.80000001,0.11578204,-2.2399656,
/pscratch/sd/j/joeschm/MGKDB_projects/KBM_classifier_IFS_data/global_cfs_cdirs_m2116_hatch_pscans_scanfiles0004/scanfiles0004,0.90353758,0.92362846,0.026325872,0.039787891,0.98,0.80000001,0.085928179,-1.2239194,
/pscratch/sd/j/joeschm/MGKDB_projects/KBM_classifier_IFS_data/global_cfs_cdirs_m2116_hatch_pscans_scanfiles0004/scanfiles0004,0.90353758,0.92362846,0.026325872,0.039787891,0.99,0.80000001,-1,-1,ITG_TEM
/pscratch/sd/j/joeschm/MGKDB_projects/KBM_classifier_IFS_data/global_cfs_cdirs_m2116_hatch_pscans_scanfiles0004/scanfiles0004,0.90353758,0.92362846,0.026325872,0.039787891,0.93,1,0.26869152,0.55778822,ITG_TEM
/pscratch/sd/j/joeschm/MGKDB_projects/KBM_classifier_IFS_data/global_cfs_cdirs_m2116_hatch_pscans_scanfiles0004/scanfiles0004,0.90353758,0.92362846,0.026325872,0.039787891,0.94,1,0.5343526,-0.55895781,ITG_TEM
/pscratch/sd/j/joeschm/MGKDB_projects/KBM_classifier_IFS_data/global_cfs_cdirs_m2116_hatch_pscans_scanfiles0004/scanfiles0004,0.90353758,0.92362846,0.026325872,0.039787891,0.95,1,1.0682271,-0.91224797,ITG_TEM
/pscratch/sd/j/joeschm/MGKDB_projects/KBM_classifier_IFS_data/global_cfs_cdirs_m2116_hatch_pscans_scanfiles0004/scanfiles0004,0.90353758,0.92362846,0.026325872,0.039787891,0.96,1,0.59893678,-0.56111021,ITG_TEM
/pscratch/sd/j/joeschm/MGKDB_projects/KBM_classifier_IFS_data/global_cfs_cdirs_m2116_hatch_pscans_scanfiles0004/scanfiles0004,0.90353758,0.92362846,0.026325872,0.039787891,0.97,1,0.15844435,-0.40765278,
/pscratch/sd/j/joeschm/MGKDB_projects/KBM_classifier_IFS_data/global_cfs_cdirs_m2116_hatch_pscans_scanfiles0004/scanfiles0004,0.90353758,0.92362846,0.026325872,0.039787891,0.98,1,-1,-1,ITG_TEM
/pscratch/sd/j/joeschm/MGKDB_projects/KBM_classifier_IFS_data/global_cfs_cdirs_m2116_hatch_pscans_scanfiles0004/scanfiles0004,0.90353758,0.92362846,0.026325872,0.039787891,0.99,1,-1,-1,
/pscratch/sd/j/joeschm/MGKDB_projects/KBM_classifier_IFS_data/global_cfs_cdirs_m2116_hatch_pscans_scanfiles0004/scanfiles0004,0.90353758,0.92362846,0.026325872,0.039787891,0.93,1.1,0.23042756,0.60052113,ITG_TEM
/pscratch/sd/j/joeschm/MGKDB_projects/KBM_classifier_IFS_data/global_cfs_cdirs_m2116_hatch_pscans_scanfiles0004/scanfiles0004,0.90353758,0.92362846,0.026325872,0.039787891,0.94,1.1,0.54252411,-0.54147936,ITG_TEM
/pscratch/sd/j/joeschm/MGKDB_projects/KBM_classifier_IFS_data/global_cfs_cdirs_m2116_hatch_pscans_scanfiles0004/scanfiles0004,0.90353758,0.92362846,0.026325872,0.039787891,0.95,1.1,1.0947235,-0.85422288,ITG_TEM
/pscratch/sd/j/joeschm/MGKDB_projects/KBM_classifier_IFS_data/global_cfs_cdirs_m2116_hatch_pscans_scanfiles0004/scanfiles0004,0.90353758,0.92362846,0.026325872,0.039787891,0.96,1.1,0.56603717,-0.53242846,ITG_TEM
/pscratch/sd/j/joeschm/MGKDB_projects/KBM_classifier_IFS_data/global_cfs_cdirs_m2116_hatch_pscans_scanfiles0004/scanfiles0004,0.90353758,0.92362846,0.026325872,0.039787891,0.97,1.1,0.16813821,-0.37145686,
/pscratch/sd/j/joeschm/MGKDB_projects/KBM_classifier_IFS_data/global_cfs_cdirs_m2116_hatch_pscans_scanfiles0004/scanfiles0004,0.90353758,0.92362846,0.026325872,0.039787891,0.98,1.1,-1,-1,
/pscratch/sd/j/joeschm/MGKDB_projects/KBM_classifier_IFS_data/global_cfs_cdirs_m2116_hatch_pscans_scanfiles0004/scanfiles0004,0.90353758,0.92362846,0.026325872,0.039787891,0.99,1.1,0.21605289,-6.2405496,ETG
/pscratch/sd/j/joeschm/MGKDB_projects/KBM_classifier_IFS_data/global_cfs_cdirs_m2116_hatch_pscans_scanfiles0014/scanfiles0014,1.1929053,1.0765508,0.052497176,0.039142476,0.93,0.050000001,0.014974406,0,ITG_TEM
/pscratch/sd/j/joeschm/MGKDB_projects/KBM_classifier_IFS_data/global_cfs_cdirs_m2116_hatch_pscans_scanfiles0014/scanfiles0014,1.1929053,1.0765508,0.052497176,0.039142476,0.94,0.050000001,-0.008339189,0,
/pscratch/sd/j/joeschm/MGKDB_projects/KBM_classifier_IFS_data/global_cfs_cdirs_m2116_hatch_pscans_scanfiles0014/scanfiles0014,1.1929053,1.0765508,0.052497176,0.039142476,0.95,0.050000001,-0.01984503,0,ITG_TEM
/pscratch/sd/j/joeschm/MGKDB_projects/KBM_classifier_IFS_data/global_cfs_cdirs_m2116_hatch_pscans_scanfiles0014/scanfiles0014,1.1929053,1.0765508,0.052497176,0.039142476,0.96,0.050000001,-1,-1,MTM
/pscratch/sd/j/joeschm/MGKDB_projects/KBM_classifier_IFS_data/global_cfs_cdirs_m2116_hatch_pscans_scanfiles0014/scanfiles0014,1.1929053,1.0765508,0.052497176,0.039142476,0.97,0.050000001,0.16457818,-3.2422073,MTM
/pscratch/sd/j/joeschm/MGKDB_projects/KBM_classifier_IFS_data/global_cfs_cdirs_m2116_hatch_pscans_scanfiles0014/scanfiles0014,1.1929053,1.0765508,0.052497176,0.039142476,0.98,0.050000001,0.23560739,-4.726526,MTM
/pscratch/sd/j/joeschm/MGKDB_projects/KBM_classifier_IFS_data/global_cfs_cdirs_m2116_hatch_pscans_scanfiles0014/scanfiles0014,1.1929053,1.0765508,0.052497176,0.039142476,0.99,0.050000001,0.018015111,0.088931927,ITG_TEM
/pscratch/sd/j/joeschm/MGKDB_projects/KBM_classifier_IFS_data/global_cfs_cdirs_m2116_hatch_pscans_scanfiles0014/scanfiles0014,1.1929053,1.0765508,0.052497176,0.039142476,0.93,0.1,0.06,-0.5,MTM
/pscratch/sd/j/joeschm/MGKDB_projects/KBM_classifier_IFS_data/global_cfs_cdirs_m2116_hatch_pscans_scanfiles0014/scanfiles0014,1.1929053,1.0765508,0.052497176,0.039142476,0.94,0.1,-1,-1,MTM
/pscratch/sd/j/joeschm/MGKDB_projects/KBM_classifier_IFS_data/global_cfs_cdirs_m2116_hatch_pscans_scanfiles0014/scanfiles0014,1.1929053,1.0765508,0.052497176,0.039142476,0.95,0.1,-1,-1,ITG_TEM
/pscratch/sd/j/joeschm/MGKDB_projects/KBM_classifier_IFS_data/global_cfs_cdirs_m2116_hatch_pscans_scanfiles0014/scanfiles0014,1.1929053,1.0765508,0.052497176,0.039142476,0.96,0.1,0.075278799,-3.0832882,MTM
/pscratch/sd/j/joeschm/MGKDB_projects/KBM_classifier_IFS_data/global_cfs_cdirs_m2116_hatch_pscans_scanfiles0014/scanfiles0014,1.1929053,1.0765508,0.052497176,0.039142476,0.97,0.1,-1,-1,
/pscratch/sd/j/joeschm/MGKDB_projects/KBM_classifier_IFS_data/global_cfs_cdirs_m2116_hatch_pscans_scanfiles0014/scanfiles0014,1.1929053,1.0765508,0.052497176,0.039142476,0.98,0.1,-1,-1,
/pscratch/sd/j/joeschm/MGKDB_projects/KBM_classifier_IFS_data/global_cfs_cdirs_m2116_hatch_pscans_scanfiles0014/scanfiles0014,1.1929053,1.0765508,0.052497176,0.039142476,0.99,0.1,0.13394249,-0.87322513,
/pscratch/sd/j/joeschm/MGKDB_projects/KBM_classifier_IFS_data/global_cfs_cdirs_m2116_hatch_pscans_scanfiles0014/scanfiles0014,1.1929053,1.0765508,0.052497176,0.039142476,0.93,0.2,0.1692813,0.094000332,KBM
/pscratch/sd/j/joeschm/MGKDB_projects/KBM_classifier_IFS_data/global_cfs_cdirs_m2116_hatch_pscans_scanfiles0014/scanfiles0014,1.1929053,1.0765508,0.052497176,0.039142476,0.94,0.2,0.10861477,-0.23575043,KBM
/pscratch/sd/j/joeschm/MGKDB_projects/KBM_classifier_IFS_data/global_cfs_cdirs_m2116_hatch_pscans_scanfiles0014/scanfiles0014,1.1929053,1.0765508,0.052497176,0.039142476,0.95,0.2,0.18931323,-0.55016902,KBM
/pscratch/sd/j/joeschm/MGKDB_projects/KBM_classifier_IFS_data/global_cfs_cdirs_m2116_hatch_pscans_scanfiles0014/scanfiles0014,1.1929053,1.0765508,0.052497176,0.039142476,0.96,0.2,-0.082900213,-0.39262331,
/pscratch/sd/j/joeschm/MGKDB_projects/KBM_classifier_IFS_data/global_cfs_cdirs_m2116_hatch_pscans_scanfiles0014/scanfiles0014,1.1929053,1.0765508,0.052497176,0.039142476,0.97,0.2,-1,-1,ETG
/pscratch/sd/j/joeschm/MGKDB_projects/KBM_classifier_IFS_data/global_cfs_cdirs_m2116_hatch_pscans_scanfiles0014/scanfiles0014,1.1929053,1.0765508,0.052497176,0.039142476,0.98,0.2,0.32277549,-0.5888572,
/pscratch/sd/j/joeschm/MGKDB_projects/KBM_classifier_IFS_data/global_cfs_cdirs_m2116_hatch_pscans_scanfiles0014/scanfiles0014,1.1929053,1.0765508,0.052497176,0.039142476,0.99,0.2,0.36279563,-5.6405028,
/pscratch/sd/j/joeschm/MGKDB_projects/KBM_classifier_IFS_data/global_cfs_cdirs_m2116_hatch_pscans_scanfiles0014/scanfiles0014,1.1929053,1.0765508,0.052497176,0.039142476,0.93,0.30000001,0.27937395,0.12878701,KBM
/pscratch/sd/j/joeschm/MGKDB_projects/KBM_classifier_IFS_data/global_cfs_cdirs_m2116_hatch_pscans_scanfiles0014/scanfiles0014,1.1929053,1.0765508,0.052497176,0.039142476,0.94,0.30000001,0.23985043,-0.25559073,KBM
/pscratch/sd/j/joeschm/MGKDB_projects/KBM_classifier_IFS_data/global_cfs_cdirs_m2116_hatch_pscans_scanfiles0014/scanfiles0014,1.1929053,1.0765508,0.052497176,0.039142476,0.95,0.30000001,0.33937295,-0.58587816,KBM
/pscratch/sd/j/joeschm/MGKDB_projects/KBM_classifier_IFS_data/global_cfs_cdirs_m2116_hatch_pscans_scanfiles0014/scanfiles0014,1.1929053,1.0765508,0.052497176,0.039142476,0.96,0.30000001,-1,-1,ITG_TEM
/pscratch/sd/j/joeschm/MGKDB_projects/KBM_classifier_IFS_data/global_cfs_cdirs_m2116_hatch_pscans_scanfiles0014/scanfiles0014,1.1929053,1.0765508,0.052497176,0.039142476,0.97,0.30000001,0.36084655,-1.268608,ITG_TEM
/pscratch/sd/j/joeschm/MGKDB_projects/KBM_classifier_IFS_data/global_cfs_cdirs_m2116_hatch_pscans_scanfiles0014/scanfiles0014,1.1929053,1.0765508,0.052497176,0.039142476,0.98,0.30000001,0.23708582,0.038067575,
/pscratch/sd/j/joeschm/MGKDB_projects/KBM_classifier_IFS_data/global_cfs_cdirs_m2116_hatch_pscans_scanfiles0014/scanfiles0014,1.1929053,1.0765508,0.052497176,0.039142476,0.99,0.30000001,0.538,-6.047,ETG
/pscratch/sd/j/joeschm/MGKDB_projects/KBM_classifier_IFS_data/global_cfs_cdirs_m2116_hatch_pscans_scanfiles0014/scanfiles0014,1.1929053,1.0765508,0.052497176,0.039142476,0.93,0.40000001,0.37373401,0.17724319,KBM
/pscratch/sd/j/joeschm/MGKDB_projects/KBM_classifier_IFS_data/global_cfs_cdirs_m2116_hatch_pscans_scanfiles0014/scanfiles0014,1.1929053,1.0765508,0.052497176,0.039142476,0.94,0.40000001,0.33915847,-0.2389696,KBM
/pscratch/sd/j/joeschm/MGKDB_projects/KBM_classifier_IFS_data/global_cfs_cdirs_m2116_hatch_pscans_scanfiles0014/scanfiles0014,1.1929053,1.0765508,0.052497176,0.039142476,0.95,0.40000001,0.43831936,-0.56922825,KBM
/pscratch/sd/j/joeschm/MGKDB_projects/KBM_classifier_IFS_data/global_cfs_cdirs_m2116_hatch_pscans_scanfiles0014/scanfiles0014,1.1929053,1.0765508,0.052497176,0.039142476,0.96,0.40000001,0.11155006,-1.0894801,KBM
/pscratch/sd/j/joeschm/MGKDB_projects/KBM_classifier_IFS_data/global_cfs_cdirs_m2116_hatch_pscans_scanfiles0014/scanfiles0014,1.1929053,1.0765508,0.052497176,0.039142476,0.97,0.40000001,0.54803718,-0.91608369,ITG_TEM
/pscratch/sd/j/joeschm/MGKDB_projects/KBM_classifier_IFS_data/global_cfs_cdirs_m2116_hatch_pscans_scanfiles0014/scanfiles0014,1.1929053,1.0765508,0.052497176,0.039142476,0.98,0.40000001,0.11259489,-3.3973358,ITG_TEM
/pscratch/sd/j/joeschm/MGKDB_projects/KBM_classifier_IFS_data/global_cfs_cdirs_m2116_hatch_pscans_scanfiles0014/scanfiles0014,1.1929053,1.0765508,0.052497176,0.039142476,0.99,0.40000001,1.021,-7.466,ETG
/pscratch/sd/j/joeschm/MGKDB_projects/KBM_classifier_IFS_data/global_cfs_cdirs_m2116_hatch_pscans_scanfiles0014/scanfiles0014,1.1929053,1.0765508,0.052497176,0.039142476,0.93,0.60000002,0.49023409,0.29749343,ITG_TEM
/pscratch/sd/j/joeschm/MGKDB_projects/KBM_classifier_IFS_data/global_cfs_cdirs_m2116_hatch_pscans_scanfiles0014/scanfiles0014,1.1929053,1.0765508,0.052497176,0.039142476,0.94,0.60000002,0.43682753,-0.17325528,KBM
/pscratch/sd/j/joeschm/MGKDB_projects/KBM_classifier_IFS_data/global_cfs_cdirs_m2116_hatch_pscans_scanfiles0014/scanfiles0014,1.1929053,1.0765508,0.052497176,0.039142476,0.95,0.60000002,0.54380086,-0.50664712,KBM
/pscratch/sd/j/joeschm/MGKDB_projects/KBM_classifier_IFS_data/global_cfs_cdirs_m2116_hatch_pscans_scanfiles0014/scanfiles0014,1.1929053,1.0765508,0.052497176,0.039142476,0.96,0.60000002,0.21418971,-0.73008845,ITG_TEM
/pscratch/sd/j/joeschm/MGKDB_projects/KBM_classifier_IFS_data/global_cfs_cdirs_m2116_hatch_pscans_scanfiles0014/scanfiles0014,1.1929053,1.0765508,0.052497176,0.039142476,0.97,0.60000002,0.525,-0.292,
/pscratch/sd/j/joeschm/MGKDB_projects/KBM_classifier_IFS_data/global_cfs_cdirs_m2116_hatch_pscans_scanfiles0014/scanfiles0014,1.1929053,1.0765508,0.052497176,0.039142476,0.98,0.60000002,0.624,-3.232,ETG
/pscratch/sd/j/joeschm/MGKDB_projects/KBM_classifier_IFS_data/global_cfs_cdirs_m2116_hatch_pscans_scanfiles0014/scanfiles0014,1.1929053,1.0765508,0.052497176,0.039142476,0.99,0.60000002,1.377,-10.644,ETG
/pscratch/sd/j/joeschm/MGKDB_projects/KBM_classifier_IFS_data/global_cfs_cdirs_m2116_hatch_pscans_scanfiles0014/scanfiles0014,1.1929053,1.0765508,0.052497176,0.039142476,0.93,0.80000001,0.52837815,0.42481806,ITG_TEM
/pscratch/sd/j/joeschm/MGKDB_projects/KBM_classifier_IFS_data/global_cfs_cdirs_m2116_hatch_pscans_scanfiles0014/scanfiles0014,1.1929053,1.0765508,0.052497176,0.039142476,0.94,0.80000001,0.458154,-0.10961108,ITG_TEM
/pscratch/sd/j/joeschm/MGKDB_projects/KBM_classifier_IFS_data/global_cfs_cdirs_m2116_hatch_pscans_scanfiles0014/scanfiles0014,1.1929053,1.0765508,0.052497176,0.039142476,0.95,0.80000001,0.59831235,-0.44378749,KBM
/pscratch/sd/j/joeschm/MGKDB_projects/KBM_classifier_IFS_data/global_cfs_cdirs_m2116_hatch_pscans_scanfiles0014/scanfiles0014,1.1929053,1.0765508,0.052497176,0.039142476,0.96,0.80000001,0.18783681,-0.53369313,ITG_TEM
/pscratch/sd/j/joeschm/MGKDB_projects/KBM_classifier_IFS_data/global_cfs_cdirs_m2116_hatch_pscans_scanfiles0014/scanfiles0014,1.1929053,1.0765508,0.052497176,0.039142476,0.97,0.80000001,0.16154302,0.10034657,
/pscratch/sd/j/joeschm/MGKDB_projects/KBM_classifier_IFS_data/global_cfs_cdirs_m2116_hatch_pscans_scanfiles0014/scanfiles0014,1.1929053,1.0765508,0.052497176,0.039142476,0.98,0.80000001,1.25,-3.848,ETG
/pscratch/sd/j/joeschm/MGKDB_projects/KBM_classifier_IFS_data/global_cfs_cdirs_m2116_hatch_pscans_scanfiles0014/scanfiles0014,1.1929053,1.0765508,0.052497176,0.039142476,0.99,0.80000001,2.075,-3.438,ETG
/pscratch/sd/j/joeschm/MGKDB_projects/KBM_classifier_IFS_data/global_cfs_cdirs_m2116_hatch_pscans_scanfiles0014/scanfiles0014,1.1929053,1.0765508,0.052497176,0.039142476,0.93,1,0.516,0.547,ITG_TEM
/pscratch/sd/j/joeschm/MGKDB_projects/KBM_classifier_IFS_data/global_cfs_cdirs_m2116_hatch_pscans_scanfiles0014/scanfiles0014,1.1929053,1.0765508,0.052497176,0.039142476,0.94,1,0.44623452,-0.062529333,ITG_TEM
/pscratch/sd/j/joeschm/MGKDB_projects/KBM_classifier_IFS_data/global_cfs_cdirs_m2116_hatch_pscans_scanfiles0014/scanfiles0014,1.1929053,1.0765508,0.052497176,0.039142476,0.95,1,0.6331166,-0.38746261,KBM
/pscratch/sd/j/joeschm/MGKDB_projects/KBM_classifier_IFS_data/global_cfs_cdirs_m2116_hatch_pscans_scanfiles0014/scanfiles0014,1.1929053,1.0765508,0.052497176,0.039142476,0.96,1,0.098797051,-0.44059484,ITG_TEM
/pscratch/sd/j/joeschm/MGKDB_projects/KBM_classifier_IFS_data/global_cfs_cdirs_m2116_hatch_pscans_scanfiles0014/scanfiles0014,1.1929053,1.0765508,0.052497176,0.039142476,0.97,1,0.579,-3.833,ETG
/pscratch/sd/j/joeschm/MGKDB_projects/KBM_classifier_IFS_data/global_cfs_cdirs_m2116_hatch_pscans_scanfiles0014/scanfiles0014,1.1929053,1.0765508,0.052497176,0.039142476,0.98,1,1.983,-4.723,ETG
/pscratch/sd/j/joeschm/MGKDB_projects/KBM_classifier_IFS_data/global_cfs_cdirs_m2116_hatch_pscans_scanfiles0014/scanfiles0014,1.1929053,1.0765508,0.052497176,0.039142476,0.99,1,3.518,-4.557,ETG
/pscratch/sd/j/joeschm/MGKDB_projects/KBM_classifier_IFS_data/global_cfs_cdirs_m2116_hatch_pscans_scanfiles0014/scanfiles0014,1.1929053,1.0765508,0.052497176,0.039142476,0.93,1.1,0.496,0.604,ITG_TEM
/pscratch/sd/j/joeschm/MGKDB_projects/KBM_classifier_IFS_data/global_cfs_cdirs_m2116_hatch_pscans_scanfiles0014/scanfiles0014,1.1929053,1.0765508,0.052497176,0.039142476,0.94,1.1,0.43647204,-0.047443652,ITG_TEM
/pscratch/sd/j/joeschm/MGKDB_projects/KBM_classifier_IFS_data/global_cfs_cdirs_m2116_hatch_pscans_scanfiles0014/scanfiles0014,1.1929053,1.0765508,0.052497176,0.039142476,0.95,1.1,0.64640511,-0.36166159,ITG_TEM
/pscratch/sd/j/joeschm/MGKDB_projects/KBM_classifier_IFS_data/global_cfs_cdirs_m2116_hatch_pscans_scanfiles0014/scanfiles0014,1.1929053,1.0765508,0.052497176,0.039142476,0.96,1.1,0.049743707,-0.41671385,ITG_TEM
/pscratch/sd/j/joeschm/MGKDB_projects/KBM_classifier_IFS_data/global_cfs_cdirs_m2116_hatch_pscans_scanfiles0014/scanfiles0014,1.1929053,1.0765508,0.052497176,0.039142476,0.97,1.1,0.733,-4.084,ETG
/pscratch/sd/j/joeschm/MGKDB_projects/KBM_classifier_IFS_data/global_cfs_cdirs_m2116_hatch_pscans_scanfiles0014/scanfiles0014,1.1929053,1.0765508,0.052497176,0.039142476,0.98,1.1,2.358,-5.281,ETG
/pscratch/sd/j/joeschm/MGKDB_projects/KBM_classifier_IFS_data/global_cfs_cdirs_m2116_hatch_pscans_scanfiles0014/scanfiles0014,1.1929053,1.0765508,0.052497176,0.039142476,0.99,1.1,4.216,-5.338,ETG
/pscratch/sd/j/joeschm/MGKDB_projects/KBM_classifier_IFS_data/global_cfs_cdirs_m2116_hatch_pscans_scanfiles0016/scanfiles0016,1.2893852,1.0765508,0.078715888,0.039142476,0.93,0.050000001,-1,-1,MTM
/pscratch/sd/j/joeschm/MGKDB_projects/KBM_classifier_IFS_data/global_cfs_cdirs_m2116_hatch_pscans_scanfiles0016/scanfiles0016,1.2893852,1.0765508,0.078715888,0.039142476,0.94,0.050000001,-1,-1,MTM
/pscratch/sd/j/joeschm/MGKDB_projects/KBM_classifier_IFS_data/global_cfs_cdirs_m2116_hatch_pscans_scanfiles0016/scanfiles0016,1.2893852,1.0765508,0.078715888,0.039142476,0.95,0.050000001,-1,-1,KBM
/pscratch/sd/j/joeschm/MGKDB_projects/KBM_classifier_IFS_data/global_cfs_cdirs_m2116_hatch_pscans_scanfiles0016/scanfiles0016,1.2893852,1.0765508,0.078715888,0.039142476,0.96,0.050000001,-1,-1,MTM
/pscratch/sd/j/joeschm/MGKDB_projects/KBM_classifier_IFS_data/global_cfs_cdirs_m2116_hatch_pscans_scanfiles0016/scanfiles0016,1.2893852,1.0765508,0.078715888,0.039142476,0.97,0.050000001,0.23380415,-3.3120014,MTM
/pscratch/sd/j/joeschm/MGKDB_projects/KBM_classifier_IFS_data/global_cfs_cdirs_m2116_hatch_pscans_scanfiles0016/scanfiles0016,1.2893852,1.0765508,0.078715888,0.039142476,0.98,0.050000001,0.24156882,-4.9326066,MTM
/pscratch/sd/j/joeschm/MGKDB_projects/KBM_classifier_IFS_data/global_cfs_cdirs_m2116_hatch_pscans_scanfiles0016/scanfiles0016,1.2893852,1.0765508,0.078715888,0.039142476,0.99,0.050000001,-1,-1,ITG_TEM
/pscratch/sd/j/joeschm/MGKDB_projects/KBM_classifier_IFS_data/global_cfs_cdirs_m2116_hatch_pscans_scanfiles0016/scanfiles0016,1.2893852,1.0765508,0.078715888,0.039142476,0.93,0.1,0.071171715,0.084034037,ITG_TEM
/pscratch/sd/j/joeschm/MGKDB_projects/KBM_classifier_IFS_data/global_cfs_cdirs_m2116_hatch_pscans_scanfiles0016/scanfiles0016,1.2893852,1.0765508,0.078715888,0.039142476,0.94,0.1,-1,-1,MTM
/pscratch/sd/j/joeschm/MGKDB_projects/KBM_classifier_IFS_data/global_cfs_cdirs_m2116_hatch_pscans_scanfiles0016/scanfiles0016,1.2893852,1.0765508,0.078715888,0.039142476,0.95,0.1,0.037,-1.5,MTM
/pscratch/sd/j/joeschm/MGKDB_projects/KBM_classifier_IFS_data/global_cfs_cdirs_m2116_hatch_pscans_scanfiles0016/scanfiles0016,1.2893852,1.0765508,0.078715888,0.039142476,0.96,0.1,0.10970608,-3.1870088,MTM
/pscratch/sd/j/joeschm/MGKDB_projects/KBM_classifier_IFS_data/global_cfs_cdirs_m2116_hatch_pscans_scanfiles0016/scanfiles0016,1.2893852,1.0765508,0.078715888,0.039142476,0.97,0.1,-1,-1,ITG_TEM
/pscratch/sd/j/joeschm/MGKDB_projects/KBM_classifier_IFS_data/global_cfs_cdirs_m2116_hatch_pscans_scanfiles0016/scanfiles0016,1.2893852,1.0765508,0.078715888,0.039142476,0.98,0.1,-1,-1,
/pscratch/sd/j/joeschm/MGKDB_projects/KBM_classifier_IFS_data/global_cfs_cdirs_m2116_hatch_pscans_scanfiles0016/scanfiles0016,1.2893852,1.0765508,0.078715888,0.039142476,0.99,0.1,-1,-1,ITG_TEM
/pscratch/sd/j/joeschm/MGKDB_projects/KBM_classifier_IFS_data/global_cfs_cdirs_m2116_hatch_pscans_scanfiles0016/scanfiles0016,1.2893852,1.0765508,0.078715888,0.039142476,0.93,0.2,0.2151772,0.10813669,KBM
/pscratch/sd/j/joeschm/MGKDB_projects/KBM_classifier_IFS_data/global_cfs_cdirs_m2116_hatch_pscans_scanfiles0016/scanfiles0016,1.2893852,1.0765508,0.078715888,0.039142476,0.94,0.2,0.16721104,-0.092610067,KBM
/pscratch/sd/j/joeschm/MGKDB_projects/KBM_classifier_IFS_data/global_cfs_cdirs_m2116_hatch_pscans_scanfiles0016/scanfiles0016,1.2893852,1.0765508,0.078715888,0.039142476,0.95,0.2,0.18260368,-0.52997743,KBM
/pscratch/sd/j/joeschm/MGKDB_projects/KBM_classifier_IFS_data/global_cfs_cdirs_m2116_hatch_pscans_scanfiles0016/scanfiles0016,1.2893852,1.0765508,0.078715888,0.039142476,0.96,0.2,-1,-1,
/pscratch/sd/j/joeschm/MGKDB_projects/KBM_classifier_IFS_data/global_cfs_cdirs_m2116_hatch_pscans_scanfiles0016/scanfiles0016,1.2893852,1.0765508,0.078715888,0.039142476,0.97,0.2,-1,-1,ETG
/pscratch/sd/j/joeschm/MGKDB_projects/KBM_classifier_IFS_data/global_cfs_cdirs_m2116_hatch_pscans_scanfiles0016/scanfiles0016,1.2893852,1.0765508,0.078715888,0.039142476,0.98,0.2,0.52968764,-0.88168447,
/pscratch/sd/j/joeschm/MGKDB_projects/KBM_classifier_IFS_data/global_cfs_cdirs_m2116_hatch_pscans_scanfiles0016/scanfiles0016,1.2893852,1.0765508,0.078715888,0.039142476,0.99,0.2,0.49918759,-4.8700299,ETG
/pscratch/sd/j/joeschm/MGKDB_projects/KBM_classifier_IFS_data/global_cfs_cdirs_m2116_hatch_pscans_scanfiles0016/scanfiles0016,1.2893852,1.0765508,0.078715888,0.039142476,0.93,0.30000001,0.34811361,0.15183035,KBM
/pscratch/sd/j/joeschm/MGKDB_projects/KBM_classifier_IFS_data/global_cfs_cdirs_m2116_hatch_pscans_scanfiles0016/scanfiles0016,1.2893852,1.0765508,0.078715888,0.039142476,0.94,0.30000001,0.31431808,-0.064732371,KBM
/pscratch/sd/j/joeschm/MGKDB_projects/KBM_classifier_IFS_data/global_cfs_cdirs_m2116_hatch_pscans_scanfiles0016/scanfiles0016,1.2893852,1.0765508,0.078715888,0.039142476,0.95,0.30000001,0.31742317,-0.54696095,KBM
/pscratch/sd/j/joeschm/MGKDB_projects/KBM_classifier_IFS_data/global_cfs_cdirs_m2116_hatch_pscans_scanfiles0016/scanfiles0016,1.2893852,1.0765508,0.078715888,0.039142476,0.96,0.30000001,-1,-1,
/pscratch/sd/j/joeschm/MGKDB_projects/KBM_classifier_IFS_data/global_cfs_cdirs_m2116_hatch_pscans_scanfiles0016/scanfiles0016,1.2893852,1.0765508,0.078715888,0.039142476,0.97,0.30000001,0.27479,-1.3672131,ITG_TEM
/pscratch/sd/j/joeschm/MGKDB_projects/KBM_classifier_IFS_data/global_cfs_cdirs_m2116_hatch_pscans_scanfiles0016/scanfiles0016,1.2893852,1.0765508,0.078715888,0.039142476,0.98,0.30000001,0.64196553,-3.6247604,ITG_TEM
/pscratch/sd/j/joeschm/MGKDB_projects/KBM_classifier_IFS_data/global_cfs_cdirs_m2116_hatch_pscans_scanfiles0016/scanfiles0016,1.2893852,1.0765508,0.078715888,0.039142476,0.99,0.30000001,1.31,-6.268,ETG
/pscratch/sd/j/joeschm/MGKDB_projects/KBM_classifier_IFS_data/global_cfs_cdirs_m2116_hatch_pscans_scanfiles0016/scanfiles0016,1.2893852,1.0765508,0.078715888,0.039142476,0.93,0.40000001,0.45420136,0.20544966,KBM
/pscratch/sd/j/joeschm/MGKDB_projects/KBM_classifier_IFS_data/global_cfs_cdirs_m2116_hatch_pscans_scanfiles0016/scanfiles0016,1.2893852,1.0765508,0.078715888,0.039142476,0.94,0.40000001,0.41435293,-0.031517232,KBM
/pscratch/sd/j/joeschm/MGKDB_projects/KBM_classifier_IFS_data/global_cfs_cdirs_m2116_hatch_pscans_scanfiles0016/scanfiles0016,1.2893852,1.0765508,0.078715888,0.039142476,0.95,0.40000001,0.40146988,-0.52206708,KBM
/pscratch/sd/j/joeschm/MGKDB_projects/KBM_classifier_IFS_data/global_cfs_cdirs_m2116_hatch_pscans_scanfiles0016/scanfiles0016,1.2893852,1.0765508,0.078715888,0.039142476,0.96,0.40000001,-1,-1,
/pscratch/sd/j/joeschm/MGKDB_projects/KBM_classifier_IFS_data/global_cfs_cdirs_m2116_hatch_pscans_scanfiles0016/scanfiles0016,1.2893852,1.0765508,0.078715888,0.039142476,0.97,0.40000001,0.555,-1.287,ITG_TEM
/pscratch/sd/j/joeschm/MGKDB_projects/KBM_classifier_IFS_data/global_cfs_cdirs_m2116_hatch_pscans_scanfiles0016/scanfiles0016,1.2893852,1.0765508,0.078715888,0.039142476,0.98,0.40000001,0.85555428,-3.4936281,
/pscratch/sd/j/joeschm/MGKDB_projects/KBM_classifier_IFS_data/global_cfs_cdirs_m2116_hatch_pscans_scanfiles0016/scanfiles0016,1.2893852,1.0765508,0.078715888,0.039142476,0.99,0.40000001,1.985,-7.855,ETG
/pscratch/sd/j/joeschm/MGKDB_projects/KBM_classifier_IFS_data/global_cfs_cdirs_m2116_hatch_pscans_scanfiles0016/scanfiles0016,1.2893852,1.0765508,0.078715888,0.039142476,0.93,0.60000002,0.57899903,0.32466095,KBM
/pscratch/sd/j/joeschm/MGKDB_projects/KBM_classifier_IFS_data/global_cfs_cdirs_m2116_hatch_pscans_scanfiles0016/scanfiles0016,1.2893852,1.0765508,0.078715888,0.039142476,0.94,0.60000002,0.50805192,0.038034287,KBM
/pscratch/sd/j/joeschm/MGKDB_projects/KBM_classifier_IFS_data/global_cfs_cdirs_m2116_hatch_pscans_scanfiles0016/scanfiles0016,1.2893852,1.0765508,0.078715888,0.039142476,0.95,0.60000002,0.48290684,-0.45447536,KBM
/pscratch/sd/j/joeschm/MGKDB_projects/KBM_classifier_IFS_data/global_cfs_cdirs_m2116_hatch_pscans_scanfiles0016/scanfiles0016,1.2893852,1.0765508,0.078715888,0.039142476,0.96,0.60000002,0.022024698,-0.79013751,ITG_TEM
/pscratch/sd/j/joeschm/MGKDB_projects/KBM_classifier_IFS_data/global_cfs_cdirs_m2116_hatch_pscans_scanfiles0016/scanfiles0016,1.2893852,1.0765508,0.078715888,0.039142476,0.97,0.60000002,0.933,-0.627,
/pscratch/sd/j/joeschm/MGKDB_projects/KBM_classifier_IFS_data/global_cfs_cdirs_m2116_hatch_pscans_scanfiles0016/scanfiles0016,1.2893852,1.0765508,0.078715888,0.039142476,0.98,0.60000002,1.384,-3.009,ETG
/pscratch/sd/j/joeschm/MGKDB_projects/KBM_classifier_IFS_data/global_cfs_cdirs_m2116_hatch_pscans_scanfiles0016/scanfiles0016,1.2893852,1.0765508,0.078715888,0.039142476,0.99,0.60000002,2.5840807,-2.9083399,ETG
/pscratch/sd/j/joeschm/MGKDB_projects/KBM_classifier_IFS_data/global_cfs_cdirs_m2116_hatch_pscans_scanfiles0016/scanfiles0016,1.2893852,1.0765508,0.078715888,0.039142476,0.93,0.80000001,0.62426893,0.44460682,ITG_TEM
/pscratch/sd/j/joeschm/MGKDB_projects/KBM_classifier_IFS_data/global_cfs_cdirs_m2116_hatch_pscans_scanfiles0016/scanfiles0016,1.2893852,1.0765508,0.078715888,0.039142476,0.94,0.80000001,0.52811891,0.10030511,ITG_TEM
/pscratch/sd/j/joeschm/MGKDB_projects/KBM_classifier_IFS_data/global_cfs_cdirs_m2116_hatch_pscans_scanfiles0016/scanfiles0016,1.2893852,1.0765508,0.078715888,0.039142476,0.95,0.80000001,0.51968076,-0.39286557,KBM
/pscratch/sd/j/joeschm/MGKDB_projects/KBM_classifier_IFS_data/global_cfs_cdirs_m2116_hatch_pscans_scanfiles0016/scanfiles0016,1.2893852,1.0765508,0.078715888,0.039142476,0.96,0.80000001,0.074023585,-0.5631578,ITG_TEM
/pscratch/sd/j/joeschm/MGKDB_projects/KBM_classifier_IFS_data/global_cfs_cdirs_m2116_hatch_pscans_scanfiles0016/scanfiles0016,1.2893852,1.0765508,0.078715888,0.039142476,0.97,0.80000001,1.054,-3.067,
/pscratch/sd/j/joeschm/MGKDB_projects/KBM_classifier_IFS_data/global_cfs_cdirs_m2116_hatch_pscans_scanfiles0016/scanfiles0016,1.2893852,1.0765508,0.078715888,0.039142476,0.98,0.80000001,2.206,-3.558,ETG
/pscratch/sd/j/joeschm/MGKDB_projects/KBM_classifier_IFS_data/global_cfs_cdirs_m2116_hatch_pscans_scanfiles0016/scanfiles0016,1.2893852,1.0765508,0.078715888,0.039142476,0.99,0.80000001,4.273,-3.66,ETG
/pscratch/sd/j/joeschm/MGKDB_projects/KBM_classifier_IFS_data/global_cfs_cdirs_m2116_hatch_pscans_scanfiles0016/scanfiles0016,1.2893852,1.0765508,0.078715888,0.039142476,0.93,1,0.62022568,0.55830752,ITG_TEM
/pscratch/sd/j/joeschm/MGKDB_projects/KBM_classifier_IFS_data/global_cfs_cdirs_m2116_hatch_pscans_scanfiles0016/scanfiles0016,1.2893852,1.0765508,0.078715888,0.039142476,0.94,1,0.51289348,0.14863966,ITG_TEM
/pscratch/sd/j/joeschm/MGKDB_projects/KBM_classifier_IFS_data/global_cfs_cdirs_m2116_hatch_pscans_scanfiles0016/scanfiles0016,1.2893852,1.0765508,0.078715888,0.039142476,0.95,1,0.54166395,-0.33974004,KBM
/pscratch/sd/j/joeschm/MGKDB_projects/KBM_classifier_IFS_data/global_cfs_cdirs_m2116_hatch_pscans_scanfiles0016/scanfiles0016,1.2893852,1.0765508,0.078715888,0.039142476,0.96,1,0.0063318657,-0.43151548,ITG_TEM
/pscratch/sd/j/joeschm/MGKDB_projects/KBM_classifier_IFS_data/global_cfs_cdirs_m2116_hatch_pscans_scanfiles0016/scanfiles0016,1.2893852,1.0765508,0.078715888,0.039142476,0.97,1,1.0583614,-2.912312,
/pscratch/sd/j/joeschm/MGKDB_projects/KBM_classifier_IFS_data/global_cfs_cdirs_m2116_hatch_pscans_scanfiles0016/scanfiles0016,1.2893852,1.0765508,0.078715888,0.039142476,0.98,1,3.111,-4.381,ETG
/pscratch/sd/j/joeschm/MGKDB_projects/KBM_classifier_IFS_data/global_cfs_cdirs_m2116_hatch_pscans_scanfiles0016/scanfiles0016,1.2893852,1.0765508,0.078715888,0.039142476,0.99,1,5.991,-5.188,ETG
/pscratch/sd/j/joeschm/MGKDB_projects/KBM_classifier_IFS_data/global_cfs_cdirs_m2116_hatch_pscans_scanfiles0016/scanfiles0016,1.2893852,1.0765508,0.078715888,0.039142476,0.93,1.1,0.607,0.614,ITG_TEM
/pscratch/sd/j/joeschm/MGKDB_projects/KBM_classifier_IFS_data/global_cfs_cdirs_m2116_hatch_pscans_scanfiles0016/scanfiles0016,1.2893852,1.0765508,0.078715888,0.039142476,0.94,1.1,0.49788841,0.16663942,ITG_TEM
/pscratch/sd/j/joeschm/MGKDB_projects/KBM_classifier_IFS_data/global_cfs_cdirs_m2116_hatch_pscans_scanfiles0016/scanfiles0016,1.2893852,1.0765508,0.078715888,0.039142476,0.95,1.1,0.55031093,-0.31651244,ITG_TEM
/pscratch/sd/j/joeschm/MGKDB_projects/KBM_classifier_IFS_data/global_cfs_cdirs_m2116_hatch_pscans_scanfiles0016/scanfiles0016,1.2893852,1.0765508,0.078715888,0.039142476,0.96,1.1,-0.0411029,-0.39752413,ITG_TEM
/pscratch/sd/j/joeschm/MGKDB_projects/KBM_classifier_IFS_data/global_cfs_cdirs_m2116_hatch_pscans_scanfiles0016/scanfiles0016,1.2893852,1.0765508,0.078715888,0.039142476,0.97,1.1,1.215,-2.639,ETG
/pscratch/sd/j/joeschm/MGKDB_projects/KBM_classifier_IFS_data/global_cfs_cdirs_m2116_hatch_pscans_scanfiles0016/scanfiles0016,1.2893852,1.0765508,0.078715888,0.039142476,0.98,1.1,3.575,-4.929,ETG
/pscratch/sd/j/joeschm/MGKDB_projects/KBM_classifier_IFS_data/global_cfs_cdirs_m2116_hatch_pscans_scanfiles0017/scanfiles0017,1,0.92362846,0,0.039787891,0.93,0.050000001,-1,-1,MTM
/pscratch/sd/j/joeschm/MGKDB_projects/KBM_classifier_IFS_data/global_cfs_cdirs_m2116_hatch_pscans_scanfiles0017/scanfiles0017,1,0.92362846,0,0.039787891,0.94,0.050000001,-1,-1,MTM
/pscratch/sd/j/joeschm/MGKDB_projects/KBM_classifier_IFS_data/global_cfs_cdirs_m2116_hatch_pscans_scanfiles0017/scanfiles0017,1,0.92362846,0,0.039787891,0.95,0.050000001,-1,-1,KBM
/pscratch/sd/j/joeschm/MGKDB_projects/KBM_classifier_IFS_data/global_cfs_cdirs_m2116_hatch_pscans_scanfiles0017/scanfiles0017,1,0.92362846,0,0.039787891,0.96,0.050000001,-1,-1,ITG_TEM
/pscratch/sd/j/joeschm/MGKDB_projects/KBM_classifier_IFS_data/global_cfs_cdirs_m2116_hatch_pscans_scanfiles0017/scanfiles0017,1,0.92362846,0,0.039787891,0.97,0.050000001,0.11350394,0.110342,KBM
/pscratch/sd/j/joeschm/MGKDB_projects/KBM_classifier_IFS_data/global_cfs_cdirs_m2116_hatch_pscans_scanfiles0017/scanfiles0017,1,0.92362846,0,0.039787891,0.98,0.050000001,1.2538351,-1.1716284,KBM
/pscratch/sd/j/joeschm/MGKDB_projects/KBM_classifier_IFS_data/global_cfs_cdirs_m2116_hatch_pscans_scanfiles0017/scanfiles0017,1,0.92362846,0,0.039787891,0.99,0.050000001,0.18356979,-3.7119064,MTM
/pscratch/sd/j/joeschm/MGKDB_projects/KBM_classifier_IFS_data/global_cfs_cdirs_m2116_hatch_pscans_scanfiles0017/scanfiles0017,1,0.92362846,0,0.039787891,0.93,0.1,0.057778356,0.053730274,ITG_TEM
/pscratch/sd/j/joeschm/MGKDB_projects/KBM_classifier_IFS_data/global_cfs_cdirs_m2116_hatch_pscans_scanfiles0017/scanfiles0017,1,0.92362846,0,0.039787891,0.94,0.1,-1,-1,MTM
/pscratch/sd/j/joeschm/MGKDB_projects/KBM_classifier_IFS_data/global_cfs_cdirs_m2116_hatch_pscans_scanfiles0017/scanfiles0017,1,0.92362846,0,0.039787891,0.95,0.1,-1,-1,MTM
/pscratch/sd/j/joeschm/MGKDB_projects/KBM_classifier_IFS_data/global_cfs_cdirs_m2116_hatch_pscans_scanfiles0017/scanfiles0017,1,0.92362846,0,0.039787891,0.96,0.1,0.15244586,-2.6694902,MTM
/pscratch/sd/j/joeschm/MGKDB_projects/KBM_classifier_IFS_data/global_cfs_cdirs_m2116_hatch_pscans_scanfiles0017/scanfiles0017,1,0.92362846,0,0.039787891,0.97,0.1,0.040739088,0.28391179,KBM
/pscratch/sd/j/joeschm/MGKDB_projects/KBM_classifier_IFS_data/global_cfs_cdirs_m2116_hatch_pscans_scanfiles0017/scanfiles0017,1,0.92362846,0,0.039787891,0.98,0.1,3.2664778,0.54147418,KBM
/pscratch/sd/j/joeschm/MGKDB_projects/KBM_classifier_IFS_data/global_cfs_cdirs_m2116_hatch_pscans_scanfiles0017/scanfiles0017,1,0.92362846,0,0.039787891,0.99,0.1,0.40354939,-0.92148963,KBM
/pscratch/sd/j/joeschm/MGKDB_projects/KBM_classifier_IFS_data/global_cfs_cdirs_m2116_hatch_pscans_scanfiles0017/scanfiles0017,1,0.92362846,0,0.039787891,0.93,0.2,0.13170803,0.084817664,ITG_TEM
/pscratch/sd/j/joeschm/MGKDB_projects/KBM_classifier_IFS_data/global_cfs_cdirs_m2116_hatch_pscans_scanfiles0017/scanfiles0017,1,0.92362846,0,0.039787891,0.94,0.2,-1,-1,MTM
/pscratch/sd/j/joeschm/MGKDB_projects/KBM_classifier_IFS_data/global_cfs_cdirs_m2116_hatch_pscans_scanfiles0017/scanfiles0017,1,0.92362846,0,0.039787891,0.95,0.2,0.12344884,-0.95086358,
/pscratch/sd/j/joeschm/MGKDB_projects/KBM_classifier_IFS_data/global_cfs_cdirs_m2116_hatch_pscans_scanfiles0017/scanfiles0017,1,0.92362846,0,0.039787891,0.96,0.2,0.1551709,-1.3175739,KBM
/pscratch/sd/j/joeschm/MGKDB_projects/KBM_classifier_IFS_data/global_cfs_cdirs_m2116_hatch_pscans_scanfiles0017/scanfiles0017,1,0.92362846,0,0.039787891,0.97,0.2,-1,-1,
/pscratch/sd/j/joeschm/MGKDB_projects/KBM_classifier_IFS_data/global_cfs_cdirs_m2116_hatch_pscans_scanfiles0017/scanfiles0017,1,0.92362846,0,0.039787891,0.98,0.2,0.40541324,1.9512282,KBM
/pscratch/sd/j/joeschm/MGKDB_projects/KBM_classifier_IFS_data/global_cfs_cdirs_m2116_hatch_pscans_scanfiles0017/scanfiles0017,1,0.92362846,0,0.039787891,0.99,0.2,0.084064446,-0.56167105,
/pscratch/sd/j/joeschm/MGKDB_projects/KBM_classifier_IFS_data/global_cfs_cdirs_m2116_hatch_pscans_scanfiles0017/scanfiles0017,1,0.92362846,0,0.039787891,0.93,0.30000001,0.21202848,0.11604704,ITG_TEM
/pscratch/sd/j/joeschm/MGKDB_projects/KBM_classifier_IFS_data/global_cfs_cdirs_m2116_hatch_pscans_scanfiles0017/scanfiles0017,1,0.92362846,0,0.039787891,0.94,0.30000001,0.13260812,-0.51854215,ITG_TEM
/pscratch/sd/j/joeschm/MGKDB_projects/KBM_classifier_IFS_data/global_cfs_cdirs_m2116_hatch_pscans_scanfiles0017/scanfiles0017,1,0.92362846,0,0.039787891,0.95,0.30000001,0.38055377,-1.1265413,KBM
/pscratch/sd/j/joeschm/MGKDB_projects/KBM_classifier_IFS_data/global_cfs_cdirs_m2116_hatch_pscans_scanfiles0017/scanfiles0017,1,0.92362846,0,0.039787891,0.96,0.30000001,0.48299284,-1.1865654,KBM
/pscratch/sd/j/joeschm/MGKDB_projects/KBM_classifier_IFS_data/global_cfs_cdirs_m2116_hatch_pscans_scanfiles0017/scanfiles0017,1,0.92362846,0,0.039787891,0.97,0.30000001,0.12802724,-0.51467548,KBM
/pscratch/sd/j/joeschm/MGKDB_projects/KBM_classifier_IFS_data/global_cfs_cdirs_m2116_hatch_pscans_scanfiles0017/scanfiles0017,1,0.92362846,0,0.039787891,0.98,0.30000001,-1,-1,
/pscratch/sd/j/joeschm/MGKDB_projects/KBM_classifier_IFS_data/global_cfs_cdirs_m2116_hatch_pscans_scanfiles0017/scanfiles0017,1,0.92362846,0,0.039787891,0.99,0.30000001,0.017336517,-0.45781263,
/pscratch/sd/j/joeschm/MGKDB_projects/KBM_classifier_IFS_data/global_cfs_cdirs_m2116_hatch_pscans_scanfiles0017/scanfiles0017,1,0.92362846,0,0.039787891,0.93,0.40000001,0.28671468,0.15906054,ITG_TEM
/pscratch/sd/j/joeschm/MGKDB_projects/KBM_classifier_IFS_data/global_cfs_cdirs_m2116_hatch_pscans_scanfiles0017/scanfiles0017,1,0.92362846,0,0.039787891,0.94,0.40000001,0.2686042,-0.57194816,ITG_TEM
/pscratch/sd/j/joeschm/MGKDB_projects/KBM_classifier_IFS_data/global_cfs_cdirs_m2116_hatch_pscans_scanfiles0017/scanfiles0017,1,0.92362846,0,0.039787891,0.95,0.40000001,0.58982404,-1.1473327,KBM
/pscratch/sd/j/joeschm/MGKDB_projects/KBM_classifier_IFS_data/global_cfs_cdirs_m2116_hatch_pscans_scanfiles0017/scanfiles0017,1,0.92362846,0,0.039787891,0.96,0.40000001,0.64419756,-1.0143397,KBM
/pscratch/sd/j/joeschm/MGKDB_projects/KBM_classifier_IFS_data/global_cfs_cdirs_m2116_hatch_pscans_scanfiles0017/scanfiles0017,1,0.92362846,0,0.039787891,0.97,0.40000001,0.19840094,-0.3993508,ITG_TEM
/pscratch/sd/j/joeschm/MGKDB_projects/KBM_classifier_IFS_data/global_cfs_cdirs_m2116_hatch_pscans_scanfiles0017/scanfiles0017,1,0.92362846,0,0.039787891,0.98,0.40000001,-1,-1,ITG_TEM
/pscratch/sd/j/joeschm/MGKDB_projects/KBM_classifier_IFS_data/global_cfs_cdirs_m2116_hatch_pscans_scanfiles0017/scanfiles0017,1,0.92362846,0,0.039787891,0.99,0.40000001,0.28633345,-3.7194541,ETG
/pscratch/sd/j/joeschm/MGKDB_projects/KBM_classifier_IFS_data/global_cfs_cdirs_m2116_hatch_pscans_scanfiles0017/scanfiles0017,1,0.92362846,0,0.039787891,0.93,0.60000002,0.39301076,0.2838203,ITG_TEM
/pscratch/sd/j/joeschm/MGKDB_projects/KBM_classifier_IFS_data/global_cfs_cdirs_m2116_hatch_pscans_scanfiles0017/scanfiles0017,1,0.92362846,0,0.039787891,0.94,0.60000002,0.44994683,-0.55442846,ITG_TEM
/pscratch/sd/j/joeschm/MGKDB_projects/KBM_classifier_IFS_data/global_cfs_cdirs_m2116_hatch_pscans_scanfiles0017/scanfiles0017,1,0.92362846,0,0.039787891,0.95,0.60000002,0.85008412,-1.046775,KBM
/pscratch/sd/j/joeschm/MGKDB_projects/KBM_classifier_IFS_data/global_cfs_cdirs_m2116_hatch_pscans_scanfiles0017/scanfiles0017,1,0.92362846,0,0.039787891,0.96,0.60000002,0.75710563,-0.71732924,ITG_TEM
/pscratch/sd/j/joeschm/MGKDB_projects/KBM_classifier_IFS_data/global_cfs_cdirs_m2116_hatch_pscans_scanfiles0017/scanfiles0017,1,0.92362846,0,0.039787891,0.97,0.60000002,0.12277832,-0.29751339,ITG_TEM
/pscratch/sd/j/joeschm/MGKDB_projects/KBM_classifier_IFS_data/global_cfs_cdirs_m2116_hatch_pscans_scanfiles0017/scanfiles0017,1,0.92362846,0,0.039787891,0.98,0.60000002,0.294,-5.447,ETG
/pscratch/sd/j/joeschm/MGKDB_projects/KBM_classifier_IFS_data/global_cfs_cdirs_m2116_hatch_pscans_scanfiles0017/scanfiles0017,1,0.92362846,0,0.039787891,0.99,0.60000002,0.902,-4.31,ETG
/pscratch/sd/j/joeschm/MGKDB_projects/KBM_classifier_IFS_data/global_cfs_cdirs_m2116_hatch_pscans_scanfiles0017/scanfiles0017,1,0.92362846,0,0.039787891,0.93,0.80000001,0.423,0.432,ITG_TEM
/pscratch/sd/j/joeschm/MGKDB_projects/KBM_classifier_IFS_data/global_cfs_cdirs_m2116_hatch_pscans_scanfiles0017/scanfiles0017,1,0.92362846,0,0.039787891,0.94,0.80000001,0.525,-0.496,ITG_TEM
/pscratch/sd/j/joeschm/MGKDB_projects/KBM_classifier_IFS_data/global_cfs_cdirs_m2116_hatch_pscans_scanfiles0017/scanfiles0017,1,0.92362846,0,0.039787891,0.95,0.80000001,0.994,-0.923,ITG_TEM
/pscratch/sd/j/joeschm/MGKDB_projects/KBM_classifier_IFS_data/global_cfs_cdirs_m2116_hatch_pscans_scanfiles0017/scanfiles0017,1,0.92362846,0,0.039787891,0.96,0.80000001,0.7507583,-0.49739916,ITG_TEM
/pscratch/sd/j/joeschm/MGKDB_projects/KBM_classifier_IFS_data/global_cfs_cdirs_m2116_hatch_pscans_scanfiles0017/scanfiles0017,1,0.92362846,0,0.039787891,0.97,0.80000001,0.10099528,-2.6457375,ITG_TEM
/pscratch/sd/j/joeschm/MGKDB_projects/KBM_classifier_IFS_data/global_cfs_cdirs_m2116_hatch_pscans_scanfiles0017/scanfiles0017,1,0.92362846,0,0.039787891,0.98,0.80000001,0.726,-6.836,ETG
/pscratch/sd/j/joeschm/MGKDB_projects/KBM_classifier_IFS_data/global_cfs_cdirs_m2116_hatch_pscans_scanfiles0017/scanfiles0017,1,0.92362846,0,0.039787891,0.99,0.80000001,1.905,-5.069,ETG
/pscratch/sd/j/joeschm/MGKDB_projects/KBM_classifier_IFS_data/global_cfs_cdirs_m2116_hatch_pscans_scanfiles0017/scanfiles0017,1,0.92362846,0,0.039787891,0.93,1,0.392,0.572,ITG_TEM
/pscratch/sd/j/joeschm/MGKDB_projects/KBM_classifier_IFS_data/global_cfs_cdirs_m2116_hatch_pscans_scanfiles0017/scanfiles0017,1,0.92362846,0,0.039787891,0.94,1,0.543,-0.444,ITG_TEM
/pscratch/sd/j/joeschm/MGKDB_projects/KBM_classifier_IFS_data/global_cfs_cdirs_m2116_hatch_pscans_scanfiles0017/scanfiles0017,1,0.92362846,0,0.039787891,0.95,1,1.078,-0.81,ITG_TEM
/pscratch/sd/j/joeschm/MGKDB_projects/KBM_classifier_IFS_data/global_cfs_cdirs_m2116_hatch_pscans_scanfiles0017/scanfiles0017,1,0.92362846,0,0.039787891,0.96,1,0.69512792,-0.35074722,ITG_TEM
/pscratch/sd/j/joeschm/MGKDB_projects/KBM_classifier_IFS_data/global_cfs_cdirs_m2116_hatch_pscans_scanfiles0017/scanfiles0017,1,0.92362846,0,0.039787891,0.97,1,0.18257199,-3.588791,ETG
/pscratch/sd/j/joeschm/MGKDB_projects/KBM_classifier_IFS_data/global_cfs_cdirs_m2116_hatch_pscans_scanfiles0017/scanfiles0017,1,0.92362846,0,0.039787891,0.98,1,1.023,-8.423,ETG
/pscratch/sd/j/joeschm/MGKDB_projects/KBM_classifier_IFS_data/global_cfs_cdirs_m2116_hatch_pscans_scanfiles0017/scanfiles0017,1,0.92362846,0,0.039787891,0.99,1,2.942,-6.432,ETG
/pscratch/sd/j/joeschm/MGKDB_projects/KBM_classifier_IFS_data/global_cfs_cdirs_m2116_hatch_pscans_scanfiles0017/scanfiles0017,1,0.92362846,0,0.039787891,0.93,1.1,0.358,0.634,ITG_TEM
/pscratch/sd/j/joeschm/MGKDB_projects/KBM_classifier_IFS_data/global_cfs_cdirs_m2116_hatch_pscans_scanfiles0017/scanfiles0017,1,0.92362846,0,0.039787891,0.94,1.1,0.543,-0.426,ITG_TEM
/pscratch/sd/j/joeschm/MGKDB_projects/KBM_classifier_IFS_data/global_cfs_cdirs_m2116_hatch_pscans_scanfiles0017/scanfiles0017,1,0.92362846,0,0.039787891,0.95,1.1,1.108,-0.76,ITG_TEM
/pscratch/sd/j/joeschm/MGKDB_projects/KBM_classifier_IFS_data/global_cfs_cdirs_m2116_hatch_pscans_scanfiles0017/scanfiles0017,1,0.92362846,0,0.039787891,0.96,1.1,0.66199706,-0.29883641,ITG_TEM
/pscratch/sd/j/joeschm/MGKDB_projects/KBM_classifier_IFS_data/global_cfs_cdirs_m2116_hatch_pscans_scanfiles0017/scanfiles0017,1,0.92362846,0,0.039787891,0.97,1.1,0.391,-3.767,ETG
/pscratch/sd/j/joeschm/MGKDB_projects/KBM_classifier_IFS_data/global_cfs_cdirs_m2116_hatch_pscans_scanfiles0017/scanfiles0017,1,0.92362846,0,0.039787891,0.98,1.1,1.058,-9.269,ETG
/pscratch/sd/j/joeschm/MGKDB_projects/KBM_classifier_IFS_data/global_cfs_cdirs_m2116_hatch_pscans_scanfiles0017/scanfiles0017,1,0.92362846,0,0.039787891,0.99,1.1,3.39,-7.282,ETG
/pscratch/sd/j/joeschm/MGKDB_projects/KBM_classifier_IFS_data/global_cfs_cdirs_m2116_hatch_pscans_scanfiles0018/scanfiles0018,1.0964795,0.92362846,0.026179561,0.039787891,0.93,0.050000001,-1,-1,MTM
/pscratch/sd/j/joeschm/MGKDB_projects/KBM_classifier_IFS_data/global_cfs_cdirs_m2116_hatch_pscans_scanfiles0018/scanfiles0018,1.0964795,0.92362846,0.026179561,0.039787891,0.94,0.050000001,-1,-1,MTM
/pscratch/sd/j/joeschm/MGKDB_projects/KBM_classifier_IFS_data/global_cfs_cdirs_m2116_hatch_pscans_scanfiles0018/scanfiles0018,1.0964795,0.92362846,0.026179561,0.039787891,0.95,0.050000001,-1,-1,MTM
/pscratch/sd/j/joeschm/MGKDB_projects/KBM_classifier_IFS_data/global_cfs_cdirs_m2116_hatch_pscans_scanfiles0018/scanfiles0018,1.0964795,0.92362846,0.026179561,0.039787891,0.96,0.050000001,-1,-1,ITG_TEM
/pscratch/sd/j/joeschm/MGKDB_projects/KBM_classifier_IFS_data/global_cfs_cdirs_m2116_hatch_pscans_scanfiles0018/scanfiles0018,1.0964795,0.92362846,0.026179561,0.039787891,0.97,0.050000001,-1,-1,
/pscratch/sd/j/joeschm/MGKDB_projects/KBM_classifier_IFS_data/global_cfs_cdirs_m2116_hatch_pscans_scanfiles0018/scanfiles0018,1.0964795,0.92362846,0.026179561,0.039787891,0.98,0.050000001,0.50404091,-0.52828647,KBM
/pscratch/sd/j/joeschm/MGKDB_projects/KBM_classifier_IFS_data/global_cfs_cdirs_m2116_hatch_pscans_scanfiles0018/scanfiles0018,1.0964795,0.92362846,0.026179561,0.039787891,0.99,0.050000001,0.2084621,-3.8596264,MTM
/pscratch/sd/j/joeschm/MGKDB_projects/KBM_classifier_IFS_data/global_cfs_cdirs_m2116_hatch_pscans_scanfiles0018/scanfiles0018,1.0964795,0.92362846,0.026179561,0.039787891,0.93,0.1,0.060501606,0.054123953,ITG_TEM
/pscratch/sd/j/joeschm/MGKDB_projects/KBM_classifier_IFS_data/global_cfs_cdirs_m2116_hatch_pscans_scanfiles0018/scanfiles0018,1.0964795,0.92362846,0.026179561,0.039787891,0.94,0.1,0.03714886,-0.72890511,MTM
/pscratch/sd/j/joeschm/MGKDB_projects/KBM_classifier_IFS_data/global_cfs_cdirs_m2116_hatch_pscans_scanfiles0018/scanfiles0018,1.0964795,0.92362846,0.026179561,0.039787891,0.95,0.1,-1,-1,MTM
/pscratch/sd/j/joeschm/MGKDB_projects/KBM_classifier_IFS_data/global_cfs_cdirs_m2116_hatch_pscans_scanfiles0018/scanfiles0018,1.0964795,0.92362846,0.026179561,0.039787891,0.96,0.1,0.13566817,-2.7227081,MTM
/pscratch/sd/j/joeschm/MGKDB_projects/KBM_classifier_IFS_data/global_cfs_cdirs_m2116_hatch_pscans_scanfiles0018/scanfiles0018,1.0964795,0.92362846,0.026179561,0.039787891,0.97,0.1,-1,-1,ITG_TEM
/pscratch/sd/j/joeschm/MGKDB_projects/KBM_classifier_IFS_data/global_cfs_cdirs_m2116_hatch_pscans_scanfiles0018/scanfiles0018,1.0964795,0.92362846,0.026179561,0.039787891,0.98,0.1,1.6136534,0.43008351,KBM
/pscratch/sd/j/joeschm/MGKDB_projects/KBM_classifier_IFS_data/global_cfs_cdirs_m2116_hatch_pscans_scanfiles0018/scanfiles0018,1.0964795,0.92362846,0.026179561,0.039787891,0.99,0.1,0.5051849,-0.88497545,KBM
/pscratch/sd/j/joeschm/MGKDB_projects/KBM_classifier_IFS_data/global_cfs_cdirs_m2116_hatch_pscans_scanfiles0018/scanfiles0018,1.0964795,0.92362846,0.026179561,0.039787891,0.93,0.2,0.15258116,0.072160702,ITG_TEM
/pscratch/sd/j/joeschm/MGKDB_projects/KBM_classifier_IFS_data/global_cfs_cdirs_m2116_hatch_pscans_scanfiles0018/scanfiles0018,1.0964795,0.92362846,0.026179561,0.039787891,0.94,0.2,0.10159071,-0.34295029,ITG_TEM
/pscratch/sd/j/joeschm/MGKDB_projects/KBM_classifier_IFS_data/global_cfs_cdirs_m2116_hatch_pscans_scanfiles0018/scanfiles0018,1.0964795,0.92362846,0.026179561,0.039787891,0.95,0.2,0.15929134,-0.82830107,KBM
/pscratch/sd/j/joeschm/MGKDB_projects/KBM_classifier_IFS_data/global_cfs_cdirs_m2116_hatch_pscans_scanfiles0018/scanfiles0018,1.0964795,0.92362846,0.026179561,0.039787891,0.96,0.2,0.098976859,-1.1628888,KBM
/pscratch/sd/j/joeschm/MGKDB_projects/KBM_classifier_IFS_data/global_cfs_cdirs_m2116_hatch_pscans_scanfiles0018/scanfiles0018,1.0964795,0.92362846,0.026179561,0.039787891,0.97,0.2,-1,-1,ITG_TEM
/pscratch/sd/j/joeschm/MGKDB_projects/KBM_classifier_IFS_data/global_cfs_cdirs_m2116_hatch_pscans_scanfiles0018/scanfiles0018,1.0964795,0.92362846,0.026179561,0.039787891,0.98,0.2,0.18952841,-0.81438081,ITG_TEM
/pscratch/sd/j/joeschm/MGKDB_projects/KBM_classifier_IFS_data/global_cfs_cdirs_m2116_hatch_pscans_scanfiles0018/scanfiles0018,1.0964795,0.92362846,0.026179561,0.039787891,0.99,0.2,0.27975282,-3.0272594,ETG
/pscratch/sd/j/joeschm/MGKDB_projects/KBM_classifier_IFS_data/global_cfs_cdirs_m2116_hatch_pscans_scanfiles0018/scanfiles0018,1.0964795,0.92362846,0.026179561,0.039787891,0.93,0.30000001,0.25050291,0.097814605,ITG_TEM
/pscratch/sd/j/joeschm/MGKDB_projects/KBM_classifier_IFS_data/global_cfs_cdirs_m2116_hatch_pscans_scanfiles0018/scanfiles0018,1.0964795,0.92362846,0.026179561,0.039787891,0.94,0.30000001,0.20022401,-0.43814743,KBM
/pscratch/sd/j/joeschm/MGKDB_projects/KBM_classifier_IFS_data/global_cfs_cdirs_m2116_hatch_pscans_scanfiles0018/scanfiles0018,1.0964795,0.92362846,0.026179561,0.039787891,0.95,0.30000001,0.41060482,-0.96852186,KBM
/pscratch/sd/j/joeschm/MGKDB_projects/KBM_classifier_IFS_data/global_cfs_cdirs_m2116_hatch_pscans_scanfiles0018/scanfiles0018,1.0964795,0.92362846,0.026179561,0.039787891,0.96,0.30000001,0.40585937,-1.0542988,KBM
/pscratch/sd/j/joeschm/MGKDB_projects/KBM_classifier_IFS_data/global_cfs_cdirs_m2116_hatch_pscans_scanfiles0018/scanfiles0018,1.0964795,0.92362846,0.026179561,0.039787891,0.97,0.30000001,0.1713752,-1.434996,ITG_TEM
/pscratch/sd/j/joeschm/MGKDB_projects/KBM_classifier_IFS_data/global_cfs_cdirs_m2116_hatch_pscans_scanfiles0018/scanfiles0018,1.0964795,0.92362846,0.026179561,0.039787891,0.98,0.30000001,0.23565863,-0.29274386,
/pscratch/sd/j/joeschm/MGKDB_projects/KBM_classifier_IFS_data/global_cfs_cdirs_m2116_hatch_pscans_scanfiles0018/scanfiles0018,1.0964795,0.92362846,0.026179561,0.039787891,0.99,0.30000001,0.83681381,-3.5166354,ETG
/pscratch/sd/j/joeschm/MGKDB_projects/KBM_classifier_IFS_data/global_cfs_cdirs_m2116_hatch_pscans_scanfiles0018/scanfiles0018,1.0964795,0.92362846,0.026179561,0.039787891,0.93,0.40000001,0.34333662,0.13800909,ITG_TEM
/pscratch/sd/j/joeschm/MGKDB_projects/KBM_classifier_IFS_data/global_cfs_cdirs_m2116_hatch_pscans_scanfiles0018/scanfiles0018,1.0964795,0.92362846,0.026179561,0.039787891,0.94,0.40000001,0.33453937,-0.46368051,ITG_TEM
/pscratch/sd/j/joeschm/MGKDB_projects/KBM_classifier_IFS_data/global_cfs_cdirs_m2116_hatch_pscans_scanfiles0018/scanfiles0018,1.0964795,0.92362846,0.026179561,0.039787891,0.95,0.40000001,0.60488281,-0.97723838,KBM
/pscratch/sd/j/joeschm/MGKDB_projects/KBM_classifier_IFS_data/global_cfs_cdirs_m2116_hatch_pscans_scanfiles0018/scanfiles0018,1.0964795,0.92362846,0.026179561,0.039787891,0.96,0.40000001,0.57011751,-0.90782763,KBM
/pscratch/sd/j/joeschm/MGKDB_projects/KBM_classifier_IFS_data/global_cfs_cdirs_m2116_hatch_pscans_scanfiles0018/scanfiles0018,1.0964795,0.92362846,0.026179561,0.039787891,0.97,0.40000001,0.18018037,-0.56579806,ITG_TEM
/pscratch/sd/j/joeschm/MGKDB_projects/KBM_classifier_IFS_data/global_cfs_cdirs_m2116_hatch_pscans_scanfiles0018/scanfiles0018,1.0964795,0.92362846,0.026179561,0.039787891,0.98,0.40000001,0.312,-4.185,ETG
/pscratch/sd/j/joeschm/MGKDB_projects/KBM_classifier_IFS_data/global_cfs_cdirs_m2116_hatch_pscans_scanfiles0018/scanfiles0018,1.0964795,0.92362846,0.026179561,0.039787891,0.99,0.40000001,1.4911668,-3.7556975,ETG
/pscratch/sd/j/joeschm/MGKDB_projects/KBM_classifier_IFS_data/global_cfs_cdirs_m2116_hatch_pscans_scanfiles0018/scanfiles0018,1.0964795,0.92362846,0.026179561,0.039787891,0.93,0.60000002,0.47617616,0.26219187,ITG_TEM
/pscratch/sd/j/joeschm/MGKDB_projects/KBM_classifier_IFS_data/global_cfs_cdirs_m2116_hatch_pscans_scanfiles0018/scanfiles0018,1.0964795,0.92362846,0.026179561,0.039787891,0.94,0.60000002,0.50518017,-0.4196793,ITG_TEM
/pscratch/sd/j/joeschm/MGKDB_projects/KBM_classifier_IFS_data/global_cfs_cdirs_m2116_hatch_pscans_scanfiles0018/scanfiles0018,1.0964795,0.92362846,0.026179561,0.039787891,0.95,0.60000002,0.84401334,-0.88916887,KBM
/pscratch/sd/j/joeschm/MGKDB_projects/KBM_classifier_IFS_data/global_cfs_cdirs_m2116_hatch_pscans_scanfiles0018/scanfiles0018,1.0964795,0.92362846,0.026179561,0.039787891,0.96,0.60000002,0.7184244,-0.65526525,KBM
/pscratch/sd/j/joeschm/MGKDB_projects/KBM_classifier_IFS_data/global_cfs_cdirs_m2116_hatch_pscans_scanfiles0018/scanfiles0018,1.0964795,0.92362846,0.026179561,0.039787891,0.97,0.60000002,0.18667105,-0.32582434,ITG_TEM
/pscratch/sd/j/joeschm/MGKDB_projects/KBM_classifier_IFS_data/global_cfs_cdirs_m2116_hatch_pscans_scanfiles0018/scanfiles0018,1.0964795,0.92362846,0.026179561,0.039787891,0.98,0.60000002,1.297,-5.442,ETG
/pscratch/sd/j/joeschm/MGKDB_projects/KBM_classifier_IFS_data/global_cfs_cdirs_m2116_hatch_pscans_scanfiles0018/scanfiles0018,1.0964795,0.92362846,0.026179561,0.039787891,0.99,0.60000002,2.776,-4.444,ETG
/pscratch/sd/j/joeschm/MGKDB_projects/KBM_classifier_IFS_data/global_cfs_cdirs_m2116_hatch_pscans_scanfiles0018/scanfiles0018,1.0964795,0.92362846,0.026179561,0.039787891,0.93,0.80000001,0.529,0.416,ITG_TEM
/pscratch/sd/j/joeschm/MGKDB_projects/KBM_classifier_IFS_data/global_cfs_cdirs_m2116_hatch_pscans_scanfiles0018/scanfiles0018,1.0964795,0.92362846,0.026179561,0.039787891,0.94,0.80000001,0.566,-0.345,ITG_TEM
/pscratch/sd/j/joeschm/MGKDB_projects/KBM_classifier_IFS_data/global_cfs_cdirs_m2116_hatch_pscans_scanfiles0018/scanfiles0018,1.0964795,0.92362846,0.026179561,0.039787891,0.95,0.80000001,0.972,-0.78,KBM
/pscratch/sd/j/joeschm/MGKDB_projects/KBM_classifier_IFS_data/global_cfs_cdirs_m2116_hatch_pscans_scanfiles0018/scanfiles0018,1.0964795,0.92362846,0.026179561,0.039787891,0.96,0.80000001,0.76046119,-0.45588221,ITG_TEM
/pscratch/sd/j/joeschm/MGKDB_projects/KBM_classifier_IFS_data/global_cfs_cdirs_m2116_hatch_pscans_scanfiles0018/scanfiles0018,1.0964795,0.92362846,0.026179561,0.039787891,0.97,0.80000001,0.333,-2.802,ETG
/pscratch/sd/j/joeschm/MGKDB_projects/KBM_classifier_IFS_data/global_cfs_cdirs_m2116_hatch_pscans_scanfiles0018/scanfiles0018,1.0964795,0.92362846,0.026179561,0.039787891,0.98,0.80000001,2.004,-6.857,ETG
/pscratch/sd/j/joeschm/MGKDB_projects/KBM_classifier_IFS_data/global_cfs_cdirs_m2116_hatch_pscans_scanfiles0019/scanfiles0019,1,1,0,0,0.93,0.050000001,-1,-1,MTM
/pscratch/sd/j/joeschm/MGKDB_projects/KBM_classifier_IFS_data/global_cfs_cdirs_m2116_hatch_pscans_scanfiles0019/scanfiles0019,1,1,0,0,0.94,0.050000001,-1,-1,MTM
/pscratch/sd/j/joeschm/MGKDB_projects/KBM_classifier_IFS_data/global_cfs_cdirs_m2116_hatch_pscans_scanfiles0019/scanfiles0019,1,1,0,0,0.95,0.050000001,-1,-1,KBM
/pscratch/sd/j/joeschm/MGKDB_projects/KBM_classifier_IFS_data/global_cfs_cdirs_m2116_hatch_pscans_scanfiles0019/scanfiles0019,1,1,0,0,0.96,0.050000001,-1,-1,ITG_TEM
/pscratch/sd/j/joeschm/MGKDB_projects/KBM_classifier_IFS_data/global_cfs_cdirs_m2116_hatch_pscans_scanfiles0019/scanfiles0019,1,1,0,0,0.97,0.050000001,-1,-1,ITG_TEM
/pscratch/sd/j/joeschm/MGKDB_projects/KBM_classifier_IFS_data/global_cfs_cdirs_m2116_hatch_pscans_scanfiles0019/scanfiles0019,1,1,0,0,0.98,0.050000001,1.032313,-0.8781953,KBM
/pscratch/sd/j/joeschm/MGKDB_projects/KBM_classifier_IFS_data/global_cfs_cdirs_m2116_hatch_pscans_scanfiles0019/scanfiles0019,1,1,0,0,0.99,0.050000001,0.083782293,-3.6117993,MTM
/pscratch/sd/j/joeschm/MGKDB_projects/KBM_classifier_IFS_data/global_cfs_cdirs_m2116_hatch_pscans_scanfiles0019/scanfiles0019,1,1,0,0,0.93,0.1,0.06470794,0.080910368,ITG_TEM
/pscratch/sd/j/joeschm/MGKDB_projects/KBM_classifier_IFS_data/global_cfs_cdirs_m2116_hatch_pscans_scanfiles0019/scanfiles0019,1,1,0,0,0.94,0.1,-1,-1,MTM
/pscratch/sd/j/joeschm/MGKDB_projects/KBM_classifier_IFS_data/global_cfs_cdirs_m2116_hatch_pscans_scanfiles0019/scanfiles0019,1,1,0,0,0.95,0.1,-1,-1,MTM
/pscratch/sd/j/joeschm/MGKDB_projects/KBM_classifier_IFS_data/global_cfs_cdirs_m2116_hatch_pscans_scanfiles0019/scanfiles0019,1,1,0,0,0.96,0.1,0.13152695,-2.7783083,MTM
/pscratch/sd/j/joeschm/MGKDB_projects/KBM_classifier_IFS_data/global_cfs_cdirs_m2116_hatch_pscans_scanfiles0019/scanfiles0019,1,1,0,0,0.97,0.1,-1,-1,ITG_TEM
/pscratch/sd/j/joeschm/MGKDB_projects/KBM_classifier_IFS_data/global_cfs_cdirs_m2116_hatch_pscans_scanfiles0019/scanfiles0019,1,1,0,0,0.98,0.1,2.3355631,1.0583971,KBM
/pscratch/sd/j/joeschm/MGKDB_projects/KBM_classifier_IFS_data/global_cfs_cdirs_m2116_hatch_pscans_scanfiles0019/scanfiles0019,1,1,0,0,0.99,0.1,0.26410122,-10.30036,MTM
/pscratch/sd/j/joeschm/MGKDB_projects/KBM_classifier_IFS_data/global_cfs_cdirs_m2116_hatch_pscans_scanfiles0019/scanfiles0019,1,1,0,0,0.93,0.2,0.12420897,0.087390543,ITG_TEM
/pscratch/sd/j/joeschm/MGKDB_projects/KBM_classifier_IFS_data/global_cfs_cdirs_m2116_hatch_pscans_scanfiles0019/scanfiles0019,1,1,0,0,0.94,0.2,0.073314294,-1.4548761,MTM
/pscratch/sd/j/joeschm/MGKDB_projects/KBM_classifier_IFS_data/global_cfs_cdirs_m2116_hatch_pscans_scanfiles0019/scanfiles0019,1,1,0,0,0.95,0.2,0.12356993,-0.93681827,KBM
/pscratch/sd/j/joeschm/MGKDB_projects/KBM_classifier_IFS_data/global_cfs_cdirs_m2116_hatch_pscans_scanfiles0019/scanfiles0019,1,1,0,0,0.96,0.2,0.14817991,-1.1223759,KBM
/pscratch/sd/j/joeschm/MGKDB_projects/KBM_classifier_IFS_data/global_cfs_cdirs_m2116_hatch_pscans_scanfiles0019/scanfiles0019,1,1,0,0,0.97,0.2,-1,-1,
/pscratch/sd/j/joeschm/MGKDB_projects/KBM_classifier_IFS_data/global_cfs_cdirs_m2116_hatch_pscans_scanfiles0019/scanfiles0019,1,1,0,0,0.98,0.2,0.068370673,1.2853036,KBM
/pscratch/sd/j/joeschm/MGKDB_projects/KBM_classifier_IFS_data/global_cfs_cdirs_m2116_hatch_pscans_scanfiles0019/scanfiles0019,1,1,0,0,0.99,0.2,0.03134845,-0.61602247,
/pscratch/sd/j/joeschm/MGKDB_projects/KBM_classifier_IFS_data/global_cfs_cdirs_m2116_hatch_pscans_scanfiles0019/scanfiles0019,1,1,0,0,0.93,0.30000001,0.19871001,0.117638,ITG_TEM
/pscratch/sd/j/joeschm/MGKDB_projects/KBM_classifier_IFS_data/global_cfs_cdirs_m2116_hatch_pscans_scanfiles0019/scanfiles0019,1,1,0,0,0.94,0.30000001,0.1359365,-0.52822888,
/pscratch/sd/j/joeschm/MGKDB_projects/KBM_classifier_IFS_data/global_cfs_cdirs_m2116_hatch_pscans_scanfiles0019/scanfiles0019,1,1,0,0,0.95,0.30000001,0.37453917,-1.0673903,KBM
/pscratch/sd/j/joeschm/MGKDB_projects/KBM_classifier_IFS_data/global_cfs_cdirs_m2116_hatch_pscans_scanfiles0019/scanfiles0019,1,1,0,0,0.96,0.30000001,0.38586502,-0.98714803,KBM
/pscratch/sd/j/joeschm/MGKDB_projects/KBM_classifier_IFS_data/global_cfs_cdirs_m2116_hatch_pscans_scanfiles0019/scanfiles0019,1,1,0,0,0.97,0.30000001,0.15737685,-0.57148446,ITG_TEM
/pscratch/sd/j/joeschm/MGKDB_projects/KBM_classifier_IFS_data/global_cfs_cdirs_m2116_hatch_pscans_scanfiles0019/scanfiles0019,1,1,0,0,0.98,0.30000001,-1,-1,ITG_TEM
/pscratch/sd/j/joeschm/MGKDB_projects/KBM_classifier_IFS_data/global_cfs_cdirs_m2116_hatch_pscans_scanfiles0019/scanfiles0019,1,1,0,0,0.99,0.30000001,-1,-1,
/pscratch/sd/j/joeschm/MGKDB_projects/KBM_classifier_IFS_data/global_cfs_cdirs_m2116_hatch_pscans_scanfiles0019/scanfiles0019,1,1,0,0,0.93,0.40000001,0.26782836,0.1596373,ITG_TEM
/pscratch/sd/j/joeschm/MGKDB_projects/KBM_classifier_IFS_data/global_cfs_cdirs_m2116_hatch_pscans_scanfiles0019/scanfiles0019,1,1,0,0,0.94,0.40000001,0.26754919,-0.57016469,ITG_TEM
/pscratch/sd/j/joeschm/MGKDB_projects/KBM_classifier_IFS_data/global_cfs_cdirs_m2116_hatch_pscans_scanfiles0019/scanfiles0019,1,1,0,0,0.95,0.40000001,0.55767189,-1.0549818,KBM
/pscratch/sd/j/joeschm/MGKDB_projects/KBM_classifier_IFS_data/global_cfs_cdirs_m2116_hatch_pscans_scanfiles0019/scanfiles0019,1,1,0,0,0.96,0.40000001,0.48803839,-0.8306064,KBM
/pscratch/sd/j/joeschm/MGKDB_projects/KBM_classifier_IFS_data/global_cfs_cdirs_m2116_hatch_pscans_scanfiles0019/scanfiles0019,1,1,0,0,0.97,0.40000001,0.1747458,-0.38843095,ITG_TEM
/pscratch/sd/j/joeschm/MGKDB_projects/KBM_classifier_IFS_data/global_cfs_cdirs_m2116_hatch_pscans_scanfiles0019/scanfiles0019,1,1,0,0,0.98,0.40000001,-1,-1,ITG_TEM
/pscratch/sd/j/joeschm/MGKDB_projects/KBM_classifier_IFS_data/global_cfs_cdirs_m2116_hatch_pscans_scanfiles0019/scanfiles0019,1,1,0,0,0.99,0.40000001,-1,-1,
/pscratch/sd/j/joeschm/MGKDB_projects/KBM_classifier_IFS_data/global_cfs_cdirs_m2116_hatch_pscans_scanfiles0019/scanfiles0019,1,1,0,0,0.93,0.60000002,0.36250675,0.27766078,ITG_TEM
/pscratch/sd/j/joeschm/MGKDB_projects/KBM_classifier_IFS_data/global_cfs_cdirs_m2116_hatch_pscans_scanfiles0019/scanfiles0019,1,1,0,0,0.94,0.60000002,0.4307801,-0.54084869,ITG_TEM
/pscratch/sd/j/joeschm/MGKDB_projects/KBM_classifier_IFS_data/global_cfs_cdirs_m2116_hatch_pscans_scanfiles0019/scanfiles0019,1,1,0,0,0.95,0.60000002,0.76945696,-0.93227228,KBM
/pscratch/sd/j/joeschm/MGKDB_projects/KBM_classifier_IFS_data/global_cfs_cdirs_m2116_hatch_pscans_scanfiles0019/scanfiles0019,1,1,0,0,0.96,0.60000002,0.52319546,-0.5887699,ITG_TEM
/pscratch/sd/j/joeschm/MGKDB_projects/KBM_classifier_IFS_data/global_cfs_cdirs_m2116_hatch_pscans_scanfiles0019/scanfiles0019,1,1,0,0,0.97,0.60000002,0.044292201,-0.35108631,ITG_TEM
/pscratch/sd/j/joeschm/MGKDB_projects/KBM_classifier_IFS_data/global_cfs_cdirs_m2116_hatch_pscans_scanfiles0019/scanfiles0019,1,1,0,0,0.98,0.60000002,-1,-1,
/pscratch/sd/j/joeschm/MGKDB_projects/KBM_classifier_IFS_data/global_cfs_cdirs_m2116_hatch_pscans_scanfiles0019/scanfiles0019,1,1,0,0,0.99,0.60000002,0.097534659,-0.35445827,
/pscratch/sd/j/joeschm/MGKDB_projects/KBM_classifier_IFS_data/global_cfs_cdirs_m2116_hatch_pscans_scanfiles0019/scanfiles0019,1,1,0,0,0.93,0.80000001,0.386,0.415,ITG_TEM
/pscratch/sd/j/joeschm/MGKDB_projects/KBM_classifier_IFS_data/global_cfs_cdirs_m2116_hatch_pscans_scanfiles0019/scanfiles0019,1,1,0,0,0.94,0.80000001,0.492,-0.478,ITG_TEM
/pscratch/sd/j/joeschm/MGKDB_projects/KBM_classifier_IFS_data/global_cfs_cdirs_m2116_hatch_pscans_scanfiles0019/scanfiles0019,1,1,0,0,0.95,0.80000001,0.876,-0.802,ITG_TEM
/pscratch/sd/j/joeschm/MGKDB_projects/KBM_classifier_IFS_data/global_cfs_cdirs_m2116_hatch_pscans_scanfiles0019/scanfiles0019,1,1,0,0,0.96,0.80000001,0.46516436,-0.4461497,ITG_TEM
/pscratch/sd/j/joeschm/MGKDB_projects/KBM_classifier_IFS_data/global_cfs_cdirs_m2116_hatch_pscans_scanfiles0019/scanfiles0019,1,1,0,0,0.97,0.80000001,0.053603403,-0.37836929,ITG_TEM
/pscratch/sd/j/joeschm/MGKDB_projects/KBM_classifier_IFS_data/global_cfs_cdirs_m2116_hatch_pscans_scanfiles0019/scanfiles0019,1,1,0,0,0.98,0.80000001,0.0050920378,-1.4969155,
/pscratch/sd/j/joeschm/MGKDB_projects/KBM_classifier_IFS_data/global_cfs_cdirs_m2116_hatch_pscans_scanfiles0019/scanfiles0019,1,1,0,0,0.99,0.80000001,-1,-1,ITG_TEM
/pscratch/sd/j/joeschm/MGKDB_projects/KBM_classifier_IFS_data/global_cfs_cdirs_m2116_hatch_pscans_scanfiles0019/scanfiles0019,1,1,0,0,0.93,1,0.353,0.54,ITG_TEM
/pscratch/sd/j/joeschm/MGKDB_projects/KBM_classifier_IFS_data/global_cfs_cdirs_m2116_hatch_pscans_scanfiles0019/scanfiles0019,1,1,0,0,0.94,1,0.503,-0.422,ITG_TEM
/pscratch/sd/j/joeschm/MGKDB_projects/KBM_classifier_IFS_data/global_cfs_cdirs_m2116_hatch_pscans_scanfiles0019/scanfiles0019,1,1,0,0,0.95,1,0.93,-0.688,ITG_TEM
/pscratch/sd/j/joeschm/MGKDB_projects/KBM_classifier_IFS_data/global_cfs_cdirs_m2116_hatch_pscans_scanfiles0019/scanfiles0019,1,1,0,0,0.96,1,0.38574289,-0.39282482,ITG_TEM
/pscratch/sd/j/joeschm/MGKDB_projects/KBM_classifier_IFS_data/global_cfs_cdirs_m2116_hatch_pscans_scanfiles0019/scanfiles0019,1,1,0,0,0.97,1,0.045282823,-0.38700025,
/pscratch/sd/j/joeschm/MGKDB_projects/KBM_classifier_IFS_data/global_cfs_cdirs_m2116_hatch_pscans_scanfiles0019/scanfiles0019,1,1,0,0,0.98,1,0.060052128,-6.6795452,ETG
/pscratch/sd/j/joeschm/MGKDB_projects/KBM_classifier_IFS_data/global_cfs_cdirs_m2116_hatch_pscans_scanfiles0019/scanfiles0019,1,1,0,0,0.99,1,0.32541012,-4.9093107,ETG
/pscratch/sd/j/joeschm/MGKDB_projects/KBM_classifier_IFS_data/global_cfs_cdirs_m2116_hatch_pscans_scanfiles0019/scanfiles0019,1,1,0,0,0.93,1.1,0.323,0.593,ITG_TEM
/pscratch/sd/j/joeschm/MGKDB_projects/KBM_classifier_IFS_data/global_cfs_cdirs_m2116_hatch_pscans_scanfiles0019/scanfiles0019,1,1,0,0,0.94,1.1,0.502,-0.401,ITG_TEM
/pscratch/sd/j/joeschm/MGKDB_projects/KBM_classifier_IFS_data/global_cfs_cdirs_m2116_hatch_pscans_scanfiles0019/scanfiles0019,1,1,0,0,0.95,1.1,0.948,-0.638,ITG_TEM
/pscratch/sd/j/joeschm/MGKDB_projects/KBM_classifier_IFS_data/global_cfs_cdirs_m2116_hatch_pscans_scanfiles0019/scanfiles0019,1,1,0,0,0.96,1.1,0.3553624,-0.38908634,ITG_TEM
/pscratch/sd/j/joeschm/MGKDB_projects/KBM_classifier_IFS_data/global_cfs_cdirs_m2116_hatch_pscans_scanfiles0019/scanfiles0019,1,1,0,0,0.97,1.1,0.060022117,-0.37313233,
/pscratch/sd/j/joeschm/MGKDB_projects/KBM_classifier_IFS_data/global_cfs_cdirs_m2116_hatch_pscans_scanfiles0019/scanfiles0019,1,1,0,0,0.98,1.1,0.14902875,-7.3492063,ETG
/pscratch/sd/j/joeschm/MGKDB_projects/KBM_classifier_IFS_data/global_cfs_cdirs_m2116_hatch_pscans_scanfiles0019/scanfiles0019,1,1,0,0,0.99,1.1,0.76169935,-5.4656812,ETG
/pscratch/sd/j/joeschm/MGKDB_projects/KBM_classifier_IFS_data/global_cfs_cdirs_m2116_hatch_pscans_scanfiles0020/scanfiles0020,1,1,0,0,0.93,0.050000001,-1,-1,MTM
/pscratch/sd/j/joeschm/MGKDB_projects/KBM_classifier_IFS_data/global_cfs_cdirs_m2116_hatch_pscans_scanfiles0020/scanfiles0020,1,1,0,0,0.94,0.050000001,-1,-1,MTM
/pscratch/sd/j/joeschm/MGKDB_projects/KBM_classifier_IFS_data/global_cfs_cdirs_m2116_hatch_pscans_scanfiles0020/scanfiles0020,1,1,0,0,0.95,0.050000001,-1,-1,KBM
/pscratch/sd/j/joeschm/MGKDB_projects/KBM_classifier_IFS_data/global_cfs_cdirs_m2116_hatch_pscans_scanfiles0020/scanfiles0020,1,1,0,0,0.96,0.050000001,-1,-1,ITG_TEM
/pscratch/sd/j/joeschm/MGKDB_projects/KBM_classifier_IFS_data/global_cfs_cdirs_m2116_hatch_pscans_scanfiles0020/scanfiles0020,1,1,0,0,0.97,0.050000001,-1,-1,ITG_TEM
/pscratch/sd/j/joeschm/MGKDB_projects/KBM_classifier_IFS_data/global_cfs_cdirs_m2116_hatch_pscans_scanfiles0020/scanfiles0020,1,1,0,0,0.98,0.050000001,1.032313,-0.8781953,KBM
/pscratch/sd/j/joeschm/MGKDB_projects/KBM_classifier_IFS_data/global_cfs_cdirs_m2116_hatch_pscans_scanfiles0020/scanfiles0020,1,1,0,0,0.99,0.050000001,0.083742249,-3.6118883,MTM
/pscratch/sd/j/joeschm/MGKDB_projects/KBM_classifier_IFS_data/global_cfs_cdirs_m2116_hatch_pscans_scanfiles0020/scanfiles0020,1,1,0,0,0.93,0.1,0.062654647,0.019594387,ITG_TEM
/pscratch/sd/j/joeschm/MGKDB_projects/KBM_classifier_IFS_data/global_cfs_cdirs_m2116_hatch_pscans_scanfiles0020/scanfiles0020,1,1,0,0,0.94,0.1,-1,-1,MTM
/pscratch/sd/j/joeschm/MGKDB_projects/KBM_classifier_IFS_data/global_cfs_cdirs_m2116_hatch_pscans_scanfiles0020/scanfiles0020,1,1,0,0,0.95,0.1,-1,-1,MTM
/pscratch/sd/j/joeschm/MGKDB_projects/KBM_classifier_IFS_data/global_cfs_cdirs_m2116_hatch_pscans_scanfiles0020/scanfiles0020,1,1,0,0,0.96,0.1,0.13152695,-2.7783083,MTM
/pscratch/sd/j/joeschm/MGKDB_projects/KBM_classifier_IFS_data/global_cfs_cdirs_m2116_hatch_pscans_scanfiles0020/scanfiles0020,1,1,0,0,0.97,0.1,-1,-1,ITG_TEM
/pscratch/sd/j/joeschm/MGKDB_projects/KBM_classifier_IFS_data/global_cfs_cdirs_m2116_hatch_pscans_scanfiles0020/scanfiles0020,1,1,0,0,0.98,0.1,2.3355631,1.0583971,KBM
/pscratch/sd/j/joeschm/MGKDB_projects/KBM_classifier_IFS_data/global_cfs_cdirs_m2116_hatch_pscans_scanfiles0020/scanfiles0020,1,1,0,0,0.99,0.1,0.26410122,-10.30036,MTM
/pscratch/sd/j/joeschm/MGKDB_projects/KBM_classifier_IFS_data/global_cfs_cdirs_m2116_hatch_pscans_scanfiles0020/scanfiles0020,1,1,0,0,0.93,0.2,0.12420897,0.087390543,ITG_TEM
/pscratch/sd/j/joeschm/MGKDB_projects/KBM_classifier_IFS_data/global_cfs_cdirs_m2116_hatch_pscans_scanfiles0020/scanfiles0020,1,1,0,0,0.94,0.2,0.073314294,-1.4548761,MTM
/pscratch/sd/j/joeschm/MGKDB_projects/KBM_classifier_IFS_data/global_cfs_cdirs_m2116_hatch_pscans_scanfiles0020/scanfiles0020,1,1,0,0,0.95,0.2,0.12368814,-0.93856882,KBM
/pscratch/sd/j/joeschm/MGKDB_projects/KBM_classifier_IFS_data/global_cfs_cdirs_m2116_hatch_pscans_scanfiles0020/scanfiles0020,1,1,0,0,0.96,0.2,0.14817991,-1.1223759,KBM
/pscratch/sd/j/joeschm/MGKDB_projects/KBM_classifier_IFS_data/global_cfs_cdirs_m2116_hatch_pscans_scanfiles0020/scanfiles0020,1,1,0,0,0.97,0.2,-1,-1,
/pscratch/sd/j/joeschm/MGKDB_projects/KBM_classifier_IFS_data/global_cfs_cdirs_m2116_hatch_pscans_scanfiles0020/scanfiles0020,1,1,0,0,0.98,0.2,0.066427302,1.2856783,KBM
/pscratch/sd/j/joeschm/MGKDB_projects/KBM_classifier_IFS_data/global_cfs_cdirs_m2116_hatch_pscans_scanfiles0020/scanfiles0020,1,1,0,0,0.99,0.2,0.03134845,-0.61602247,
/pscratch/sd/j/joeschm/MGKDB_projects/KBM_classifier_IFS_data/global_cfs_cdirs_m2116_hatch_pscans_scanfiles0020/scanfiles0020,1,1,0,0,0.93,0.30000001,0.19871001,0.117638,ITG_TEM
/pscratch/sd/j/joeschm/MGKDB_projects/KBM_classifier_IFS_data/global_cfs_cdirs_m2116_hatch_pscans_scanfiles0020/scanfiles0020,1,1,0,0,0.94,0.30000001,0.1359365,-0.52822888,
/pscratch/sd/j/joeschm/MGKDB_projects/KBM_classifier_IFS_data/global_cfs_cdirs_m2116_hatch_pscans_scanfiles0020/scanfiles0020,1,1,0,0,0.95,0.30000001,0.37453917,-1.0673903,KBM
/pscratch/sd/j/joeschm/MGKDB_projects/KBM_classifier_IFS_data/global_cfs_cdirs_m2116_hatch_pscans_scanfiles0020/scanfiles0020,1,1,0,0,0.96,0.30000001,0.38586502,-0.98714803,KBM
/pscratch/sd/j/joeschm/MGKDB_projects/KBM_classifier_IFS_data/global_cfs_cdirs_m2116_hatch_pscans_scanfiles0020/scanfiles0020,1,1,0,0,0.97,0.30000001,0.15737685,-0.57148446,ITG_TEM
/pscratch/sd/j/joeschm/MGKDB_projects/KBM_classifier_IFS_data/global_cfs_cdirs_m2116_hatch_pscans_scanfiles0020/scanfiles0020,1,1,0,0,0.98,0.30000001,-1,-1,ITG_TEM
/pscratch/sd/j/joeschm/MGKDB_projects/KBM_classifier_IFS_data/global_cfs_cdirs_m2116_hatch_pscans_scanfiles0020/scanfiles0020,1,1,0,0,0.99,0.30000001,-1,-1,
/pscratch/sd/j/joeschm/MGKDB_projects/KBM_classifier_IFS_data/global_cfs_cdirs_m2116_hatch_pscans_scanfiles0020/scanfiles0020,1,1,0,0,0.93,0.40000001,0.26782836,0.1596373,ITG_TEM
/pscratch/sd/j/joeschm/MGKDB_projects/KBM_classifier_IFS_data/global_cfs_cdirs_m2116_hatch_pscans_scanfiles0020/scanfiles0020,1,1,0,0,0.94,0.40000001,0.26754919,-0.57016469,ITG_TEM
/pscratch/sd/j/joeschm/MGKDB_projects/KBM_classifier_IFS_data/global_cfs_cdirs_m2116_hatch_pscans_scanfiles0020/scanfiles0020,1,1,0,0,0.95,0.40000001,0.55767189,-1.0549818,KBM
/pscratch/sd/j/joeschm/MGKDB_projects/KBM_classifier_IFS_data/global_cfs_cdirs_m2116_hatch_pscans_scanfiles0020/scanfiles0020,1,1,0,0,0.96,0.40000001,0.48803839,-0.8306064,KBM
/pscratch/sd/j/joeschm/MGKDB_projects/KBM_classifier_IFS_data/global_cfs_cdirs_m2116_hatch_pscans_scanfiles0020/scanfiles0020,1,1,0,0,0.97,0.40000001,0.1747458,-0.38843095,ITG_TEM
/pscratch/sd/j/joeschm/MGKDB_projects/KBM_classifier_IFS_data/global_cfs_cdirs_m2116_hatch_pscans_scanfiles0020/scanfiles0020,1,1,0,0,0.98,0.40000001,-1,-1,ITG_TEM
/pscratch/sd/j/joeschm/MGKDB_projects/KBM_classifier_IFS_data/global_cfs_cdirs_m2116_hatch_pscans_scanfiles0020/scanfiles0020,1,1,0,0,0.99,0.40000001,-1,-1,
/pscratch/sd/j/joeschm/MGKDB_projects/KBM_classifier_IFS_data/global_cfs_cdirs_m2116_hatch_pscans_scanfiles0020/scanfiles0020,1,1,0,0,0.93,0.60000002,0.36250675,0.27766078,ITG_TEM
/pscratch/sd/j/joeschm/MGKDB_projects/KBM_classifier_IFS_data/global_cfs_cdirs_m2116_hatch_pscans_scanfiles0020/scanfiles0020,1,1,0,0,0.94,0.60000002,0.4307801,-0.54084869,ITG_TEM
/pscratch/sd/j/joeschm/MGKDB_projects/KBM_classifier_IFS_data/global_cfs_cdirs_m2116_hatch_pscans_scanfiles0020/scanfiles0020,1,1,0,0,0.95,0.60000002,0.76945696,-0.93227228,KBM
/pscratch/sd/j/joeschm/MGKDB_projects/KBM_classifier_IFS_data/global_cfs_cdirs_m2116_hatch_pscans_scanfiles0020/scanfiles0020,1,1,0,0,0.96,0.60000002,0.52319546,-0.5887699,ITG_TEM
/pscratch/sd/j/joeschm/MGKDB_projects/KBM_classifier_IFS_data/global_cfs_cdirs_m2116_hatch_pscans_scanfiles0020/scanfiles0020,1,1,0,0,0.97,0.60000002,0.044292201,-0.35108631,ITG_TEM
/pscratch/sd/j/joeschm/MGKDB_projects/KBM_classifier_IFS_data/global_cfs_cdirs_m2116_hatch_pscans_scanfiles0020/scanfiles0020,1,1,0,0,0.98,0.60000002,-1,-1,
/pscratch/sd/j/joeschm/MGKDB_projects/KBM_classifier_IFS_data/global_cfs_cdirs_m2116_hatch_pscans_scanfiles0020/scanfiles0020,1,1,0,0,0.99,0.60000002,0.095916494,-0.35236755,
/pscratch/sd/j/joeschm/MGKDB_projects/KBM_classifier_IFS_data/global_cfs_cdirs_m2116_hatch_pscans_scanfiles0020/scanfiles0020,1,1,0,0,0.93,0.80000001,0.386,0.415,ITG_TEM
/pscratch/sd/j/joeschm/MGKDB_projects/KBM_classifier_IFS_data/global_cfs_cdirs_m2116_hatch_pscans_scanfiles0020/scanfiles0020,1,1,0,0,0.94,0.80000001,0.492,-0.478,ITG_TEM
/pscratch/sd/j/joeschm/MGKDB_projects/KBM_classifier_IFS_data/global_cfs_cdirs_m2116_hatch_pscans_scanfiles0020/scanfiles0020,1,1,0,0,0.95,0.80000001,0.876,-0.802,ITG_TEM
/pscratch/sd/j/joeschm/MGKDB_projects/KBM_classifier_IFS_data/global_cfs_cdirs_m2116_hatch_pscans_scanfiles0020/scanfiles0020,1,1,0,0,0.96,0.80000001,0.46516436,-0.4461497,ITG_TEM
/pscratch/sd/j/joeschm/MGKDB_projects/KBM_classifier_IFS_data/global_cfs_cdirs_m2116_hatch_pscans_scanfiles0020/scanfiles0020,1,1,0,0,0.97,0.80000001,0.053603403,-0.37836929,ITG_TEM
/pscratch/sd/j/joeschm/MGKDB_projects/KBM_classifier_IFS_data/global_cfs_cdirs_m2116_hatch_pscans_scanfiles0020/scanfiles0020,1,1,0,0,0.98,0.80000001,-1,-1,
/pscratch/sd/j/joeschm/MGKDB_projects/KBM_classifier_IFS_data/global_cfs_cdirs_m2116_hatch_pscans_scanfiles0020/scanfiles0020,1,1,0,0,0.99,0.80000001,-1,-1,
/pscratch/sd/j/joeschm/MGKDB_projects/KBM_classifier_IFS_data/global_cfs_cdirs_m2116_hatch_pscans_scanfiles0020/scanfiles0020,1,1,0,0,0.93,1,0.353,0.54,ITG_TEM
/pscratch/sd/j/joeschm/MGKDB_projects/KBM_classifier_IFS_data/global_cfs_cdirs_m2116_hatch_pscans_scanfiles0020/scanfiles0020,1,1,0,0,0.94,1,0.503,-0.422,ITG_TEM
/pscratch/sd/j/joeschm/MGKDB_projects/KBM_classifier_IFS_data/global_cfs_cdirs_m2116_hatch_pscans_scanfiles0020/scanfiles0020,1,1,0,0,0.95,1,0.93,-0.688,ITG_TEM
/pscratch/sd/j/joeschm/MGKDB_projects/KBM_classifier_IFS_data/global_cfs_cdirs_m2116_hatch_pscans_scanfiles0020/scanfiles0020,1,1,0,0,0.96,1,0.38574321,-0.39282408,ITG_TEM
/pscratch/sd/j/joeschm/MGKDB_projects/KBM_classifier_IFS_data/global_cfs_cdirs_m2116_hatch_pscans_scanfiles0020/scanfiles0020,1,1,0,0,0.97,1,0.04,-2,
/pscratch/sd/j/joeschm/MGKDB_projects/KBM_classifier_IFS_data/global_cfs_cdirs_m2116_hatch_pscans_scanfiles0020/scanfiles0020,1,1,0,0,0.98,1,0.060066332,-6.6795879,ETG
/pscratch/sd/j/joeschm/MGKDB_projects/KBM_classifier_IFS_data/global_cfs_cdirs_m2116_hatch_pscans_scanfiles0020/scanfiles0020,1,1,0,0,0.99,1,0.32540655,-4.9093398,ETG
/pscratch/sd/j/joeschm/MGKDB_projects/KBM_classifier_IFS_data/global_cfs_cdirs_m2116_hatch_pscans_scanfiles0020/scanfiles0020,1,1,0,0,0.93,1.1,0.323,0.593,ITG_TEM
/pscratch/sd/j/joeschm/MGKDB_projects/KBM_classifier_IFS_data/global_cfs_cdirs_m2116_hatch_pscans_scanfiles0020/scanfiles0020,1,1,0,0,0.94,1.1,0.502,-0.401,ITG_TEM
/pscratch/sd/j/joeschm/MGKDB_projects/KBM_classifier_IFS_data/global_cfs_cdirs_m2116_hatch_pscans_scanfiles0020/scanfiles0020,1,1,0,0,0.95,1.1,0.948,-0.638,ITG_TEM
/pscratch/sd/j/joeschm/MGKDB_projects/KBM_classifier_IFS_data/global_cfs_cdirs_m2116_hatch_pscans_scanfiles0020/scanfiles0020,1,1,0,0,0.96,1.1,0.3555236,-0.38926318,ITG_TEM
/pscratch/sd/j/joeschm/MGKDB_projects/KBM_classifier_IFS_data/global_cfs_cdirs_m2116_hatch_pscans_scanfiles0020/scanfiles0020,1,1,0,0,0.97,1.1,0.063280763,-0.40229993,
/pscratch/sd/j/joeschm/MGKDB_projects/KBM_classifier_IFS_data/global_cfs_cdirs_m2116_hatch_pscans_scanfiles0020/scanfiles0020,1,1,0,0,0.98,1.1,0.14902627,-7.3492055,ETG
/pscratch/sd/j/joeschm/MGKDB_projects/KBM_classifier_IFS_data/global_cfs_cdirs_m2116_hatch_pscans_scanfiles0021/scanfiles0021,1.0964795,1.0765508,0.026179561,0.039142476,0.93,0.050000001,-1,-1,MTM
/pscratch/sd/j/joeschm/MGKDB_projects/KBM_classifier_IFS_data/global_cfs_cdirs_m2116_hatch_pscans_scanfiles0021/scanfiles0021,1.0964795,1.0765508,0.026179561,0.039142476,0.94,0.050000001,-1,-1,MTM
/pscratch/sd/j/joeschm/MGKDB_projects/KBM_classifier_IFS_data/global_cfs_cdirs_m2116_hatch_pscans_scanfiles0021/scanfiles0021,1.0964795,1.0765508,0.026179561,0.039142476,0.95,0.050000001,-1,-1,ITG_TEM
/pscratch/sd/j/joeschm/MGKDB_projects/KBM_classifier_IFS_data/global_cfs_cdirs_m2116_hatch_pscans_scanfiles0021/scanfiles0021,1.0964795,1.0765508,0.026179561,0.039142476,0.96,0.050000001,-1,-1,ITG_TEM
/pscratch/sd/j/joeschm/MGKDB_projects/KBM_classifier_IFS_data/global_cfs_cdirs_m2116_hatch_pscans_scanfiles0021/scanfiles0021,1.0964795,1.0765508,0.026179561,0.039142476,0.97,0.050000001,0.099953353,-3.1558806,MTM
/pscratch/sd/j/joeschm/MGKDB_projects/KBM_classifier_IFS_data/global_cfs_cdirs_m2116_hatch_pscans_scanfiles0021/scanfiles0021,1.0964795,1.0765508,0.026179561,0.039142476,0.98,0.050000001,0.19835977,-4.4871194,MTM
/pscratch/sd/j/joeschm/MGKDB_projects/KBM_classifier_IFS_data/global_cfs_cdirs_m2116_hatch_pscans_scanfiles0021/scanfiles0021,1.0964795,1.0765508,0.026179561,0.039142476,0.99,0.050000001,-1,-1,ITG_TEM
/pscratch/sd/j/joeschm/MGKDB_projects/KBM_classifier_IFS_data/global_cfs_cdirs_m2116_hatch_pscans_scanfiles0021/scanfiles0021,1.0964795,1.0765508,0.026179561,0.039142476,0.93,0.1,0.053713659,-0.44659913,MTM
/pscratch/sd/j/joeschm/MGKDB_projects/KBM_classifier_IFS_data/global_cfs_cdirs_m2116_hatch_pscans_scanfiles0021/scanfiles0021,1.0964795,1.0765508,0.026179561,0.039142476,0.94,0.1,-1,-1,MTM
/pscratch/sd/j/joeschm/MGKDB_projects/KBM_classifier_IFS_data/global_cfs_cdirs_m2116_hatch_pscans_scanfiles0021/scanfiles0021,1.0964795,1.0765508,0.026179561,0.039142476,0.95,0.1,-1,-1,MTM
/pscratch/sd/j/joeschm/MGKDB_projects/KBM_classifier_IFS_data/global_cfs_cdirs_m2116_hatch_pscans_scanfiles0021/scanfiles0021,1.0964795,1.0765508,0.026179561,0.039142476,0.96,0.1,0.080589339,-2.9838688,MTM
/pscratch/sd/j/joeschm/MGKDB_projects/KBM_classifier_IFS_data/global_cfs_cdirs_m2116_hatch_pscans_scanfiles0021/scanfiles0021,1.0964795,1.0765508,0.026179561,0.039142476,0.97,0.1,-0.074294205,-0.29977707,
/pscratch/sd/j/joeschm/MGKDB_projects/KBM_classifier_IFS_data/global_cfs_cdirs_m2116_hatch_pscans_scanfiles0021/scanfiles0021,1.0964795,1.0765508,0.026179561,0.039142476,0.98,0.1,-0.094400213,-0.0402214,ITG_TEM
/pscratch/sd/j/joeschm/MGKDB_projects/KBM_classifier_IFS_data/global_cfs_cdirs_m2116_hatch_pscans_scanfiles0021/scanfiles0021,1.0964795,1.0765508,0.026179561,0.039142476,0.99,0.1,0.011358013,-0.93212585,ITG_TEM
/pscratch/sd/j/joeschm/MGKDB_projects/KBM_classifier_IFS_data/global_cfs_cdirs_m2116_hatch_pscans_scanfiles0021/scanfiles0021,1.0964795,1.0765508,0.026179561,0.039142476,0.93,0.2,0.13767242,0.087175785,KBM
/pscratch/sd/j/joeschm/MGKDB_projects/KBM_classifier_IFS_data/global_cfs_cdirs_m2116_hatch_pscans_scanfiles0021/scanfiles0021,1.0964795,1.0765508,0.026179561,0.039142476,0.94,0.2,0.057,-1.5,MTM
/pscratch/sd/j/joeschm/MGKDB_projects/KBM_classifier_IFS_data/global_cfs_cdirs_m2116_hatch_pscans_scanfiles0021/scanfiles0021,1.0964795,1.0765508,0.026179561,0.039142476,0.95,0.2,0.15740632,-0.70959894,KBM
/pscratch/sd/j/joeschm/MGKDB_projects/KBM_classifier_IFS_data/global_cfs_cdirs_m2116_hatch_pscans_scanfiles0021/scanfiles0021,1.0964795,1.0765508,0.026179561,0.039142476,0.96,0.2,-1,-1,
/pscratch/sd/j/joeschm/MGKDB_projects/KBM_classifier_IFS_data/global_cfs_cdirs_m2116_hatch_pscans_scanfiles0021/scanfiles0021,1.0964795,1.0765508,0.026179561,0.039142476,0.97,0.2,0.086442816,-1.3911957,KBM
/pscratch/sd/j/joeschm/MGKDB_projects/KBM_classifier_IFS_data/global_cfs_cdirs_m2116_hatch_pscans_scanfiles0021/scanfiles0021,1.0964795,1.0765508,0.026179561,0.039142476,0.98,0.2,0.091406742,-0.28065665,
/pscratch/sd/j/joeschm/MGKDB_projects/KBM_classifier_IFS_data/global_cfs_cdirs_m2116_hatch_pscans_scanfiles0021/scanfiles0021,1.0964795,1.0765508,0.026179561,0.039142476,0.99,0.2,0.11134909,-5.330666,ITG_TEM
/pscratch/sd/j/joeschm/MGKDB_projects/KBM_classifier_IFS_data/global_cfs_cdirs_m2116_hatch_pscans_scanfiles0021/scanfiles0021,1.0964795,1.0765508,0.026179561,0.039142476,0.93,0.30000001,0.22511851,0.11937762,ITG_TEM
/pscratch/sd/j/joeschm/MGKDB_projects/KBM_classifier_IFS_data/global_cfs_cdirs_m2116_hatch_pscans_scanfiles0021/scanfiles0021,1.0964795,1.0765508,0.026179561,0.039142476,0.94,0.30000001,0.18373506,-0.40625239,KBM
/pscratch/sd/j/joeschm/MGKDB_projects/KBM_classifier_IFS_data/global_cfs_cdirs_m2116_hatch_pscans_scanfiles0021/scanfiles0021,1.0964795,1.0765508,0.026179561,0.039142476,0.95,0.30000001,0.34757081,-0.77128928,KBM
/pscratch/sd/j/joeschm/MGKDB_projects/KBM_classifier_IFS_data/global_cfs_cdirs_m2116_hatch_pscans_scanfiles0021/scanfiles0021,1.0964795,1.0765508,0.026179561,0.039142476,0.96,0.30000001,0.1756084,-1.0091002,KBM
/pscratch/sd/j/joeschm/MGKDB_projects/KBM_classifier_IFS_data/global_cfs_cdirs_m2116_hatch_pscans_scanfiles0021/scanfiles0021,1.0964795,1.0765508,0.026179561,0.039142476,0.97,0.30000001,0.28498795,-0.89630579,ITG_TEM
/pscratch/sd/j/joeschm/MGKDB_projects/KBM_classifier_IFS_data/global_cfs_cdirs_m2116_hatch_pscans_scanfiles0021/scanfiles0021,1.0964795,1.0765508,0.026179561,0.039142476,0.98,0.30000001,-0.022776624,0.21489802,
/pscratch/sd/j/joeschm/MGKDB_projects/KBM_classifier_IFS_data/global_cfs_cdirs_m2116_hatch_pscans_scanfiles0021/scanfiles0021,1.0964795,1.0765508,0.026179561,0.039142476,0.99,0.30000001,-1,-1,
/pscratch/sd/j/joeschm/MGKDB_projects/KBM_classifier_IFS_data/global_cfs_cdirs_m2116_hatch_pscans_scanfiles0021/scanfiles0021,1.0964795,1.0765508,0.026179561,0.039142476,0.93,0.40000001,0.3029701,0.16340802,ITG_TEM
/pscratch/sd/j/joeschm/MGKDB_projects/KBM_classifier_IFS_data/global_cfs_cdirs_m2116_hatch_pscans_scanfiles0021/scanfiles0021,1.0964795,1.0765508,0.026179561,0.039142476,0.94,0.40000001,0.29202806,-0.41601004,KBM
/pscratch/sd/j/joeschm/MGKDB_projects/KBM_classifier_IFS_data/global_cfs_cdirs_m2116_hatch_pscans_scanfiles0021/scanfiles0021,1.0964795,1.0765508,0.026179561,0.039142476,0.95,0.40000001,0.47490005,-0.74727291,KBM
/pscratch/sd/j/joeschm/MGKDB_projects/KBM_classifier_IFS_data/global_cfs_cdirs_m2116_hatch_pscans_scanfiles0021/scanfiles0021,1.0964795,1.0765508,0.026179561,0.039142476,0.96,0.40000001,0.26972132,-0.83807999,KBM
/pscratch/sd/j/joeschm/MGKDB_projects/KBM_classifier_IFS_data/global_cfs_cdirs_m2116_hatch_pscans_scanfiles0021/scanfiles0021,1.0964795,1.0765508,0.026179561,0.039142476,0.97,0.40000001,0.32447367,-0.52462625,ITG_TEM
/pscratch/sd/j/joeschm/MGKDB_projects/KBM_classifier_IFS_data/global_cfs_cdirs_m2116_hatch_pscans_scanfiles0021/scanfiles0021,1.0964795,1.0765508,0.026179561,0.039142476,0.98,0.40000001,-1,-1,ITG_TEM
/pscratch/sd/j/joeschm/MGKDB_projects/KBM_classifier_IFS_data/global_cfs_cdirs_m2116_hatch_pscans_scanfiles0021/scanfiles0021,1.0964795,1.0765508,0.026179561,0.039142476,0.99,0.40000001,-1,-1,
/pscratch/sd/j/joeschm/MGKDB_projects/KBM_classifier_IFS_data/global_cfs_cdirs_m2116_hatch_pscans_scanfiles0021/scanfiles0021,1.0964795,1.0765508,0.026179561,0.039142476,0.93,0.60000002,0.40507519,0.28042893,ITG_TEM
/pscratch/sd/j/joeschm/MGKDB_projects/KBM_classifier_IFS_data/global_cfs_cdirs_m2116_hatch_pscans_scanfiles0021/scanfiles0021,1.0964795,1.0765508,0.026179561,0.039142476,0.94,0.60000002,0.40959646,-0.36613638,ITG_TEM
/pscratch/sd/j/joeschm/MGKDB_projects/KBM_classifier_IFS_data/global_cfs_cdirs_m2116_hatch_pscans_scanfiles0021/scanfiles0021,1.0964795,1.0765508,0.026179561,0.039142476,0.95,0.60000002,0.61193098,-0.65426656,KBM
/pscratch/sd/j/joeschm/MGKDB_projects/KBM_classifier_IFS_data/global_cfs_cdirs_m2116_hatch_pscans_scanfiles0021/scanfiles0021,1.0964795,1.0765508,0.026179561,0.039142476,0.96,0.60000002,0.30796941,-0.5968047,ITG_TEM
/pscratch/sd/j/joeschm/MGKDB_projects/KBM_classifier_IFS_data/global_cfs_cdirs_m2116_hatch_pscans_scanfiles0021/scanfiles0021,1.0964795,1.0765508,0.026179561,0.039142476,0.97,0.60000002,0.077025042,-0.018055151,
/pscratch/sd/j/joeschm/MGKDB_projects/KBM_classifier_IFS_data/global_cfs_cdirs_m2116_hatch_pscans_scanfiles0021/scanfiles0021,1.0964795,1.0765508,0.026179561,0.039142476,0.98,0.60000002,-0.043810119,-0.48813934,ITG_TEM
/pscratch/sd/j/joeschm/MGKDB_projects/KBM_classifier_IFS_data/global_cfs_cdirs_m2116_hatch_pscans_scanfiles0021/scanfiles0021,1.0964795,1.0765508,0.026179561,0.039142476,0.99,0.60000002,0.094250217,-0.38374362,
/pscratch/sd/j/joeschm/MGKDB_projects/KBM_classifier_IFS_data/global_cfs_cdirs_m2116_hatch_pscans_scanfiles0021/scanfiles0021,1.0964795,1.0765508,0.026179561,0.039142476,0.93,0.80000001,0.43294571,0.40748028,ITG_TEM
/pscratch/sd/j/joeschm/MGKDB_projects/KBM_classifier_IFS_data/global_cfs_cdirs_m2116_hatch_pscans_scanfiles0021/scanfiles0021,1.0964795,1.0765508,0.026179561,0.039142476,0.94,0.80000001,0.44329005,-0.30367616,ITG_TEM
/pscratch/sd/j/joeschm/MGKDB_projects/KBM_classifier_IFS_data/global_cfs_cdirs_m2116_hatch_pscans_scanfiles0021/scanfiles0021,1.0964795,1.0765508,0.026179561,0.039142476,0.95,0.80000001,0.68074407,-0.56444955,KBM
/pscratch/sd/j/joeschm/MGKDB_projects/KBM_classifier_IFS_data/global_cfs_cdirs_m2116_hatch_pscans_scanfiles0021/scanfiles0021,1.0964795,1.0765508,0.026179561,0.039142476,0.96,0.80000001,0.24835388,-0.46887249,ITG_TEM
/pscratch/sd/j/joeschm/MGKDB_projects/KBM_classifier_IFS_data/global_cfs_cdirs_m2116_hatch_pscans_scanfiles0021/scanfiles0021,1.0964795,1.0765508,0.026179561,0.039142476,0.97,0.80000001,-1,-1,ITG_TEM
/pscratch/sd/j/joeschm/MGKDB_projects/KBM_classifier_IFS_data/global_cfs_cdirs_m2116_hatch_pscans_scanfiles0021/scanfiles0021,1.0964795,1.0765508,0.026179561,0.039142476,0.98,0.80000001,-1,-1,ETG
/pscratch/sd/j/joeschm/MGKDB_projects/KBM_classifier_IFS_data/global_cfs_cdirs_m2116_hatch_pscans_scanfiles0021/scanfiles0021,1.0964795,1.0765508,0.026179561,0.039142476,0.99,0.80000001,-1,-1,
/pscratch/sd/j/joeschm/MGKDB_projects/KBM_classifier_IFS_data/global_cfs_cdirs_m2116_hatch_pscans_scanfiles0021/scanfiles0021,1.0964795,1.0765508,0.026179561,0.039142476,0.93,1,0.411,0.528,ITG_TEM
/pscratch/sd/j/joeschm/MGKDB_projects/KBM_classifier_IFS_data/global_cfs_cdirs_m2116_hatch_pscans_scanfiles0021/scanfiles0021,1.0964795,1.0765508,0.026179561,0.039142476,0.94,1,0.442,-0.252,ITG_TEM
/pscratch/sd/j/joeschm/MGKDB_projects/KBM_classifier_IFS_data/global_cfs_cdirs_m2116_hatch_pscans_scanfiles0021/scanfiles0021,1.0964795,1.0765508,0.026179561,0.039142476,0.95,1,0.71757085,-0.48527062,ITG_TEM
/pscratch/sd/j/joeschm/MGKDB_projects/KBM_classifier_IFS_data/global_cfs_cdirs_m2116_hatch_pscans_scanfiles0021/scanfiles0021,1.0964795,1.0765508,0.026179561,0.039142476,0.96,1,0.1631266,-0.43714297,ITG_TEM
/pscratch/sd/j/joeschm/MGKDB_projects/KBM_classifier_IFS_data/global_cfs_cdirs_m2116_hatch_pscans_scanfiles0021/scanfiles0021,1.0964795,1.0765508,0.026179561,0.039142476,0.97,1,-1,-1,ITG_TEM
/pscratch/sd/j/joeschm/MGKDB_projects/KBM_classifier_IFS_data/global_cfs_cdirs_m2116_hatch_pscans_scanfiles0021/scanfiles0021,1.0964795,1.0765508,0.026179561,0.039142476,0.98,1,0.477,-5.06,ETG
/pscratch/sd/j/joeschm/MGKDB_projects/KBM_classifier_IFS_data/global_cfs_cdirs_m2116_hatch_pscans_scanfiles0021/scanfiles0021,1.0964795,1.0765508,0.026179561,0.039142476,0.99,1,0.64475895,-4.2104982,ETG
/pscratch/sd/j/joeschm/MGKDB_projects/KBM_classifier_IFS_data/global_cfs_cdirs_m2116_hatch_pscans_scanfiles0021/scanfiles0021,1.0964795,1.0765508,0.026179561,0.039142476,0.93,1.1,0.385,0.581,ITG_TEM
/pscratch/sd/j/joeschm/MGKDB_projects/KBM_classifier_IFS_data/global_cfs_cdirs_m2116_hatch_pscans_scanfiles0021/scanfiles0021,1.0964795,1.0765508,0.026179561,0.039142476,0.94,1.1,0.437,-0.232,ITG_TEM
/pscratch/sd/j/joeschm/MGKDB_projects/KBM_classifier_IFS_data/global_cfs_cdirs_m2116_hatch_pscans_scanfiles0021/scanfiles0021,1.0964795,1.0765508,0.026179561,0.039142476,0.95,1.1,0.729,-0.45,ITG_TEM
/pscratch/sd/j/joeschm/MGKDB_projects/KBM_classifier_IFS_data/global_cfs_cdirs_m2116_hatch_pscans_scanfiles0021/scanfiles0021,1.0964795,1.0765508,0.026179561,0.039142476,0.96,1.1,0.13101858,-0.44806935,ITG_TEM
/pscratch/sd/j/joeschm/MGKDB_projects/KBM_classifier_IFS_data/global_cfs_cdirs_m2116_hatch_pscans_scanfiles0021/scanfiles0021,1.0964795,1.0765508,0.026179561,0.039142476,0.97,1.1,-1,-1,ITG_TEM
/pscratch/sd/j/joeschm/MGKDB_projects/KBM_classifier_IFS_data/global_cfs_cdirs_m2116_hatch_pscans_scanfiles0021/scanfiles0021,1.0964795,1.0765508,0.026179561,0.039142476,0.98,1.1,0.726,-5.596,ETG
/pscratch/sd/j/joeschm/MGKDB_projects/KBM_classifier_IFS_data/global_cfs_cdirs_m2116_hatch_pscans_scanfiles0021/scanfiles0021,1.0964795,1.0765508,0.026179561,0.039142476,0.99,1.1,1.1903353,-4.7121543,ETG
/pscratch/sd/j/joeschm/MGKDB_projects/KBM_classifier_IFS_data/global_cfs_cdirs_m2116_hatch_pscans_scanfiles0023/scanfiles0023,1.1929053,1,0.052497176,0,0.93,0.050000001,-1,-1,MTM
/pscratch/sd/j/joeschm/MGKDB_projects/KBM_classifier_IFS_data/global_cfs_cdirs_m2116_hatch_pscans_scanfiles0023/scanfiles0023,1.1929053,1,0.052497176,0,0.94,0.050000001,-1,-1,MTM
/pscratch/sd/j/joeschm/MGKDB_projects/KBM_classifier_IFS_data/global_cfs_cdirs_m2116_hatch_pscans_scanfiles0023/scanfiles0023,1.1929053,1,0.052497176,0,0.95,0.050000001,-1,-1,ITG_TEM
/pscratch/sd/j/joeschm/MGKDB_projects/KBM_classifier_IFS_data/global_cfs_cdirs_m2116_hatch_pscans_scanfiles0023/scanfiles0023,1.1929053,1,0.052497176,0,0.96,0.050000001,-1,-1,ITG_TEM
/pscratch/sd/j/joeschm/MGKDB_projects/KBM_classifier_IFS_data/global_cfs_cdirs_m2116_hatch_pscans_scanfiles0023/scanfiles0023,1.1929053,1,0.052497176,0,0.97,0.050000001,0.1416033,-3.1375126,MTM
/pscratch/sd/j/joeschm/MGKDB_projects/KBM_classifier_IFS_data/global_cfs_cdirs_m2116_hatch_pscans_scanfiles0023/scanfiles0023,1.1929053,1,0.052497176,0,0.98,0.050000001,0.28669474,-4.5826042,MTM
/pscratch/sd/j/joeschm/MGKDB_projects/KBM_classifier_IFS_data/global_cfs_cdirs_m2116_hatch_pscans_scanfiles0023/scanfiles0023,1.1929053,1,0.052497176,0,0.99,0.050000001,0.53440783,-0.93877677,KBM
/pscratch/sd/j/joeschm/MGKDB_projects/KBM_classifier_IFS_data/global_cfs_cdirs_m2116_hatch_pscans_scanfiles0023/scanfiles0023,1.1929053,1,0.052497176,0,0.93,0.1,0.085734003,0.004649791,ITG_TEM
/pscratch/sd/j/joeschm/MGKDB_projects/KBM_classifier_IFS_data/global_cfs_cdirs_m2116_hatch_pscans_scanfiles0023/scanfiles0023,1.1929053,1,0.052497176,0,0.94,0.1,-1,-1,MTM
/pscratch/sd/j/joeschm/MGKDB_projects/KBM_classifier_IFS_data/global_cfs_cdirs_m2116_hatch_pscans_scanfiles0023/scanfiles0023,1.1929053,1,0.052497176,0,0.95,0.1,0.077685354,-0.17768764,KBM
/pscratch/sd/j/joeschm/MGKDB_projects/KBM_classifier_IFS_data/global_cfs_cdirs_m2116_hatch_pscans_scanfiles0023/scanfiles0023,1.1929053,1,0.052497176,0,0.96,0.1,0.077567052,-2.9563382,MTM
/pscratch/sd/j/joeschm/MGKDB_projects/KBM_classifier_IFS_data/global_cfs_cdirs_m2116_hatch_pscans_scanfiles0023/scanfiles0023,1.1929053,1,0.052497176,0,0.97,0.1,-0.071188187,-0.1922925,ITG_TEM
/pscratch/sd/j/joeschm/MGKDB_projects/KBM_classifier_IFS_data/global_cfs_cdirs_m2116_hatch_pscans_scanfiles0023/scanfiles0023,1.1929053,1,0.052497176,0,0.98,0.1,-1,-1,
/pscratch/sd/j/joeschm/MGKDB_projects/KBM_classifier_IFS_data/global_cfs_cdirs_m2116_hatch_pscans_scanfiles0023/scanfiles0023,1.1929053,1,0.052497176,0,0.99,0.1,3.1161872,0.13181607,KBM
/pscratch/sd/j/joeschm/MGKDB_projects/KBM_classifier_IFS_data/global_cfs_cdirs_m2116_hatch_pscans_scanfiles0023/scanfiles0023,1.1929053,1,0.052497176,0,0.93,0.2,0.17385569,0.072344428,KBM
/pscratch/sd/j/joeschm/MGKDB_projects/KBM_classifier_IFS_data/global_cfs_cdirs_m2116_hatch_pscans_scanfiles0023/scanfiles0023,1.1929053,1,0.052497176,0,0.94,0.2,0.12301735,-0.23669872,KBM
/pscratch/sd/j/joeschm/MGKDB_projects/KBM_classifier_IFS_data/global_cfs_cdirs_m2116_hatch_pscans_scanfiles0023/scanfiles0023,1.1929053,1,0.052497176,0,0.95,0.2,0.26882919,-0.23513141,KBM
/pscratch/sd/j/joeschm/MGKDB_projects/KBM_classifier_IFS_data/global_cfs_cdirs_m2116_hatch_pscans_scanfiles0023/scanfiles0023,1.1929053,1,0.052497176,0,0.96,0.2,-1,-1,
/pscratch/sd/j/joeschm/MGKDB_projects/KBM_classifier_IFS_data/global_cfs_cdirs_m2116_hatch_pscans_scanfiles0023/scanfiles0023,1.1929053,1,0.052497176,0,0.97,0.2,-1,-1,
/pscratch/sd/j/joeschm/MGKDB_projects/KBM_classifier_IFS_data/global_cfs_cdirs_m2116_hatch_pscans_scanfiles0023/scanfiles0023,1.1929053,1,0.052497176,0,0.98,0.2,0.42501328,-0.96890791,
/pscratch/sd/j/joeschm/MGKDB_projects/KBM_classifier_IFS_data/global_cfs_cdirs_m2116_hatch_pscans_scanfiles0023/scanfiles0023,1.1929053,1,0.052497176,0,0.99,0.2,0.51258024,1.6218054,KBM
/pscratch/sd/j/joeschm/MGKDB_projects/KBM_classifier_IFS_data/global_cfs_cdirs_m2116_hatch_pscans_scanfiles0023/scanfiles0023,1.1929053,1,0.052497176,0,0.93,0.30000001,0.28884307,0.098604407,KBM
/pscratch/sd/j/joeschm/MGKDB_projects/KBM_classifier_IFS_data/global_cfs_cdirs_m2116_hatch_pscans_scanfiles0023/scanfiles0023,1.1929053,1,0.052497176,0,0.94,0.30000001,0.27582262,-0.25758273,KBM
/pscratch/sd/j/joeschm/MGKDB_projects/KBM_classifier_IFS_data/global_cfs_cdirs_m2116_hatch_pscans_scanfiles0023/scanfiles0023,1.1929053,1,0.052497176,0,0.95,0.30000001,0.42579109,-0.2588733,KBM
/pscratch/sd/j/joeschm/MGKDB_projects/KBM_classifier_IFS_data/global_cfs_cdirs_m2116_hatch_pscans_scanfiles0023/scanfiles0023,1.1929053,1,0.052497176,0,0.96,0.30000001,0.18400181,-0.84089482,KBM
/pscratch/sd/j/joeschm/MGKDB_projects/KBM_classifier_IFS_data/global_cfs_cdirs_m2116_hatch_pscans_scanfiles0023/scanfiles0023,1.1929053,1,0.052497176,0,0.97,0.30000001,0.44312162,-1.4989743,ITG_TEM
/pscratch/sd/j/joeschm/MGKDB_projects/KBM_classifier_IFS_data/global_cfs_cdirs_m2116_hatch_pscans_scanfiles0023/scanfiles0023,1.1929053,1,0.052497176,0,0.98,0.30000001,0.35531394,-0.3095154,
/pscratch/sd/j/joeschm/MGKDB_projects/KBM_classifier_IFS_data/global_cfs_cdirs_m2116_hatch_pscans_scanfiles0023/scanfiles0023,1.1929053,1,0.052497176,0,0.99,0.30000001,0.39165987,-3.1023675,ETG
/pscratch/sd/j/joeschm/MGKDB_projects/KBM_classifier_IFS_data/global_cfs_cdirs_m2116_hatch_pscans_scanfiles0023/scanfiles0023,1.1929053,1,0.052497176,0,0.93,0.40000001,0.39320099,0.14125453,ITG_TEM
/pscratch/sd/j/joeschm/MGKDB_projects/KBM_classifier_IFS_data/global_cfs_cdirs_m2116_hatch_pscans_scanfiles0023/scanfiles0023,1.1929053,1,0.052497176,0,0.94,0.40000001,0.39729623,-0.23975393,KBM
/pscratch/sd/j/joeschm/MGKDB_projects/KBM_classifier_IFS_data/global_cfs_cdirs_m2116_hatch_pscans_scanfiles0023/scanfiles0023,1.1929053,1,0.052497176,0,0.95,0.40000001,0.5360197,-0.26646725,KBM
/pscratch/sd/j/joeschm/MGKDB_projects/KBM_classifier_IFS_data/global_cfs_cdirs_m2116_hatch_pscans_scanfiles0023/scanfiles0023,1.1929053,1,0.052497176,0,0.96,0.40000001,0.29444129,-0.71724046,KBM
/pscratch/sd/j/joeschm/MGKDB_projects/KBM_classifier_IFS_data/global_cfs_cdirs_m2116_hatch_pscans_scanfiles0023/scanfiles0023,1.1929053,1,0.052497176,0,0.97,0.40000001,0.645,-1.15,ITG_TEM
/pscratch/sd/j/joeschm/MGKDB_projects/KBM_classifier_IFS_data/global_cfs_cdirs_m2116_hatch_pscans_scanfiles0023/scanfiles0023,1.1929053,1,0.052497176,0,0.98,0.40000001,0.11124576,-3.3799663,
/pscratch/sd/j/joeschm/MGKDB_projects/KBM_classifier_IFS_data/global_cfs_cdirs_m2116_hatch_pscans_scanfiles0023/scanfiles0023,1.1929053,1,0.052497176,0,0.99,0.40000001,0.9029047,-3.3999667,ETG
/pscratch/sd/j/joeschm/MGKDB_projects/KBM_classifier_IFS_data/global_cfs_cdirs_m2116_hatch_pscans_scanfiles0023/scanfiles0023,1.1929053,1,0.052497176,0,0.93,0.60000002,0.53330989,0.26413862,ITG_TEM
/pscratch/sd/j/joeschm/MGKDB_projects/KBM_classifier_IFS_data/global_cfs_cdirs_m2116_hatch_pscans_scanfiles0023/scanfiles0023,1.1929053,1,0.052497176,0,0.94,0.60000002,0.52863566,-0.16285628,KBM
/pscratch/sd/j/joeschm/MGKDB_projects/KBM_classifier_IFS_data/global_cfs_cdirs_m2116_hatch_pscans_scanfiles0023/scanfiles0023,1.1929053,1,0.052497176,0,0.95,0.60000002,0.66816668,-0.26027997,KBM
/pscratch/sd/j/joeschm/MGKDB_projects/KBM_classifier_IFS_data/global_cfs_cdirs_m2116_hatch_pscans_scanfiles0023/scanfiles0023,1.1929053,1,0.052497176,0,0.96,0.60000002,0.39453939,-0.53458414,KBM
/pscratch/sd/j/joeschm/MGKDB_projects/KBM_classifier_IFS_data/global_cfs_cdirs_m2116_hatch_pscans_scanfiles0023/scanfiles0023,1.1929053,1,0.052497176,0,0.97,0.60000002,0.591,-0.619,
/pscratch/sd/j/joeschm/MGKDB_projects/KBM_classifier_IFS_data/global_cfs_cdirs_m2116_hatch_pscans_scanfiles0023/scanfiles0023,1.1929053,1,0.052497176,0,0.98,0.60000002,0.878,-4.277,ETG
/pscratch/sd/j/joeschm/MGKDB_projects/KBM_classifier_IFS_data/global_cfs_cdirs_m2116_hatch_pscans_scanfiles0023/scanfiles0023,1.1929053,1,0.052497176,0,0.99,0.60000002,2.089,-4.05,ETG
/pscratch/sd/j/joeschm/MGKDB_projects/KBM_classifier_IFS_data/global_cfs_cdirs_m2116_hatch_pscans_scanfiles0023/scanfiles0023,1.1929053,1,0.052497176,0,0.93,0.80000001,0.58895097,0.40510362,ITG_TEM
/pscratch/sd/j/joeschm/MGKDB_projects/KBM_classifier_IFS_data/global_cfs_cdirs_m2116_hatch_pscans_scanfiles0023/scanfiles0023,1.1929053,1,0.052497176,0,0.94,0.80000001,0.56551951,-0.083241671,ITG_TEM
/pscratch/sd/j/joeschm/MGKDB_projects/KBM_classifier_IFS_data/global_cfs_cdirs_m2116_hatch_pscans_scanfiles0023/scanfiles0023,1.1929053,1,0.052497176,0,0.95,0.80000001,0.74965447,-0.23777951,KBM
/pscratch/sd/j/joeschm/MGKDB_projects/KBM_classifier_IFS_data/global_cfs_cdirs_m2116_hatch_pscans_scanfiles0023/scanfiles0023,1.1929053,1,0.052497176,0,0.96,0.80000001,0.41059301,-0.40584762,ITG_TEM
/pscratch/sd/j/joeschm/MGKDB_projects/KBM_classifier_IFS_data/global_cfs_cdirs_m2116_hatch_pscans_scanfiles0023/scanfiles0023,1.1929053,1,0.052497176,0,0.97,0.80000001,0.21577481,-3.836336,ETG
/pscratch/sd/j/joeschm/MGKDB_projects/KBM_classifier_IFS_data/global_cfs_cdirs_m2116_hatch_pscans_scanfiles0023/scanfiles0023,1.1929053,1,0.052497176,0,0.98,0.80000001,1.492,-5.206,ETG
/pscratch/sd/j/joeschm/MGKDB_projects/KBM_classifier_IFS_data/global_cfs_cdirs_m2116_hatch_pscans_scanfiles0023/scanfiles0023,1.1929053,1,0.052497176,0,0.99,0.80000001,3.574,-5.33,ETG
/pscratch/sd/j/joeschm/MGKDB_projects/KBM_classifier_IFS_data/global_cfs_cdirs_m2116_hatch_pscans_scanfiles0023/scanfiles0023,1.1929053,1,0.052497176,0,0.93,1,0.589,0.546,ITG_TEM
/pscratch/sd/j/joeschm/MGKDB_projects/KBM_classifier_IFS_data/global_cfs_cdirs_m2116_hatch_pscans_scanfiles0023/scanfiles0023,1.1929053,1,0.052497176,0,0.94,1,0.55584771,-0.021894553,ITG_TEM
/pscratch/sd/j/joeschm/MGKDB_projects/KBM_classifier_IFS_data/global_cfs_cdirs_m2116_hatch_pscans_scanfiles0023/scanfiles0023,1.1929053,1,0.052497176,0,0.95,1,0.80957191,-0.2086447,KBM
/pscratch/sd/j/joeschm/MGKDB_projects/KBM_classifier_IFS_data/global_cfs_cdirs_m2116_hatch_pscans_scanfiles0023/scanfiles0023,1.1929053,1,0.052497176,0,0.96,1,0.38432292,-0.3297866,ITG_TEM
/pscratch/sd/j/joeschm/MGKDB_projects/KBM_classifier_IFS_data/global_cfs_cdirs_m2116_hatch_pscans_scanfiles0023/scanfiles0023,1.1929053,1,0.052497176,0,0.97,1,0.605,-4.404,ETG
/pscratch/sd/j/joeschm/MGKDB_projects/KBM_classifier_IFS_data/global_cfs_cdirs_m2116_hatch_pscans_scanfiles0023/scanfiles0023,1.1929053,1,0.052497176,0,0.98,1,2.086,-6.518,ETG
/pscratch/sd/j/joeschm/MGKDB_projects/KBM_classifier_IFS_data/global_cfs_cdirs_m2116_hatch_pscans_scanfiles0023/scanfiles0023,1.1929053,1,0.052497176,0,0.99,1,4.889,-7.408,ETG
/pscratch/sd/j/joeschm/MGKDB_projects/KBM_classifier_IFS_data/global_cfs_cdirs_m2116_hatch_pscans_scanfiles0023/scanfiles0023,1.1929053,1,0.052497176,0,0.93,1.1,0.574,0.614,ITG_TEM
/pscratch/sd/j/joeschm/MGKDB_projects/KBM_classifier_IFS_data/global_cfs_cdirs_m2116_hatch_pscans_scanfiles0023/scanfiles0023,1.1929053,1,0.052497176,0,0.94,1.1,0.541,-0.001,ITG_TEM
/pscratch/sd/j/joeschm/MGKDB_projects/KBM_classifier_IFS_data/global_cfs_cdirs_m2116_hatch_pscans_scanfiles0023/scanfiles0023,1.1929053,1,0.052497176,0,0.95,1.1,0.83514511,-0.19353756,KBM
/pscratch/sd/j/joeschm/MGKDB_projects/KBM_classifier_IFS_data/global_cfs_cdirs_m2116_hatch_pscans_scanfiles0023/scanfiles0023,1.1929053,1,0.052497176,0,0.96,1.1,0.3679214,-0.30802183,ITG_TEM
/pscratch/sd/j/joeschm/MGKDB_projects/KBM_classifier_IFS_data/global_cfs_cdirs_m2116_hatch_pscans_scanfiles0023/scanfiles0023,1.1929053,1,0.052497176,0,0.97,1.1,0.727,-4.678,ETG
/pscratch/sd/j/joeschm/MGKDB_projects/KBM_classifier_IFS_data/global_cfs_cdirs_m2116_hatch_pscans_scanfiles0023/scanfiles0023,1.1929053,1,0.052497176,0,0.98,1.1,2.325,-7.289,ETG
/pscratch/sd/j/joeschm/MGKDB_projects/KBM_classifier_IFS_data/global_cfs_cdirs_m2116_hatch_pscans_scanfiles0023/scanfiles0023,1.1929053,1,0.052497176,0,0.99,1.1,5.368,-8.678,ETG
/pscratch/sd/j/joeschm/MGKDB_projects/KBM_classifier_IFS_data/global_cfs_cdirs_m2116_hatch_pscans_scanfiles0024/scanfiles0024,1.2893852,1,0.078715888,0,0.93,0.050000001,-1,-1,MTM
/pscratch/sd/j/joeschm/MGKDB_projects/KBM_classifier_IFS_data/global_cfs_cdirs_m2116_hatch_pscans_scanfiles0024/scanfiles0024,1.2893852,1,0.078715888,0,0.94,0.050000001,-1,-1,MTM
/pscratch/sd/j/joeschm/MGKDB_projects/KBM_classifier_IFS_data/global_cfs_cdirs_m2116_hatch_pscans_scanfiles0024/scanfiles0024,1.2893852,1,0.078715888,0,0.95,0.050000001,-1,-1,ITG_TEM
/pscratch/sd/j/joeschm/MGKDB_projects/KBM_classifier_IFS_data/global_cfs_cdirs_m2116_hatch_pscans_scanfiles0024/scanfiles0024,1.2893852,1,0.078715888,0,0.96,0.050000001,-1,-1,
/pscratch/sd/j/joeschm/MGKDB_projects/KBM_classifier_IFS_data/global_cfs_cdirs_m2116_hatch_pscans_scanfiles0024/scanfiles0024,1.2893852,1,0.078715888,0,0.97,0.050000001,0.20391184,-3.2066418,MTM
/pscratch/sd/j/joeschm/MGKDB_projects/KBM_classifier_IFS_data/global_cfs_cdirs_m2116_hatch_pscans_scanfiles0024/scanfiles0024,1.2893852,1,0.078715888,0,0.98,0.050000001,0.28459674,-4.7891986,MTM
/pscratch/sd/j/joeschm/MGKDB_projects/KBM_classifier_IFS_data/global_cfs_cdirs_m2116_hatch_pscans_scanfiles0024/scanfiles0024,1.2893852,1,0.078715888,0,0.99,0.050000001,0.141998,-2.2595311,ITG_TEM
/pscratch/sd/j/joeschm/MGKDB_projects/KBM_classifier_IFS_data/global_cfs_cdirs_m2116_hatch_pscans_scanfiles0024/scanfiles0024,1.2893852,1,0.078715888,0,0.93,0.1,0.07565763,0.055970048,ITG_TEM
/pscratch/sd/j/joeschm/MGKDB_projects/KBM_classifier_IFS_data/global_cfs_cdirs_m2116_hatch_pscans_scanfiles0024/scanfiles0024,1.2893852,1,0.078715888,0,0.94,0.1,0.036091279,-0.78716765,MTM
/pscratch/sd/j/joeschm/MGKDB_projects/KBM_classifier_IFS_data/global_cfs_cdirs_m2116_hatch_pscans_scanfiles0024/scanfiles0024,1.2893852,1,0.078715888,0,0.95,0.1,0.059662581,-0.34451764,KBM
/pscratch/sd/j/joeschm/MGKDB_projects/KBM_classifier_IFS_data/global_cfs_cdirs_m2116_hatch_pscans_scanfiles0024/scanfiles0024,1.2893852,1,0.078715888,0,0.96,0.1,0.082124452,-3.0386098,MTM
/pscratch/sd/j/joeschm/MGKDB_projects/KBM_classifier_IFS_data/global_cfs_cdirs_m2116_hatch_pscans_scanfiles0024/scanfiles0024,1.2893852,1,0.078715888,0,0.97,0.1,-1,-1,ITG_TEM
/pscratch/sd/j/joeschm/MGKDB_projects/KBM_classifier_IFS_data/global_cfs_cdirs_m2116_hatch_pscans_scanfiles0024/scanfiles0024,1.2893852,1,0.078715888,0,0.98,0.1,-1,-1,ITG_TEM
/pscratch/sd/j/joeschm/MGKDB_projects/KBM_classifier_IFS_data/global_cfs_cdirs_m2116_hatch_pscans_scanfiles0024/scanfiles0024,1.2893852,1,0.078715888,0,0.99,0.1,0.37729273,-1.0331099,KBM
/pscratch/sd/j/joeschm/MGKDB_projects/KBM_classifier_IFS_data/global_cfs_cdirs_m2116_hatch_pscans_scanfiles0024/scanfiles0024,1.2893852,1,0.078715888,0,0.93,0.2,0.21615666,0.077240379,KBM
/pscratch/sd/j/joeschm/MGKDB_projects/KBM_classifier_IFS_data/global_cfs_cdirs_m2116_hatch_pscans_scanfiles0024/scanfiles0024,1.2893852,1,0.078715888,0,0.94,0.2,0.19484439,-0.16924401,KBM
/pscratch/sd/j/joeschm/MGKDB_projects/KBM_classifier_IFS_data/global_cfs_cdirs_m2116_hatch_pscans_scanfiles0024/scanfiles0024,1.2893852,1,0.078715888,0,0.95,0.2,0.2547915,-0.49966928,KBM
/pscratch/sd/j/joeschm/MGKDB_projects/KBM_classifier_IFS_data/global_cfs_cdirs_m2116_hatch_pscans_scanfiles0024/scanfiles0024,1.2893852,1,0.078715888,0,0.96,0.2,-0.072475113,-0.43302203,
/pscratch/sd/j/joeschm/MGKDB_projects/KBM_classifier_IFS_data/global_cfs_cdirs_m2116_hatch_pscans_scanfiles0024/scanfiles0024,1.2893852,1,0.078715888,0,0.97,0.2,-1,-1,ETG
/pscratch/sd/j/joeschm/MGKDB_projects/KBM_classifier_IFS_data/global_cfs_cdirs_m2116_hatch_pscans_scanfiles0024/scanfiles0024,1.2893852,1,0.078715888,0,0.98,0.2,0.71225409,-1.1156175,
/pscratch/sd/j/joeschm/MGKDB_projects/KBM_classifier_IFS_data/global_cfs_cdirs_m2116_hatch_pscans_scanfiles0024/scanfiles0024,1.2893852,1,0.078715888,0,0.99,0.2,0.8564306,-2.6740655,ETG
/pscratch/sd/j/joeschm/MGKDB_projects/KBM_classifier_IFS_data/global_cfs_cdirs_m2116_hatch_pscans_scanfiles0024/scanfiles0024,1.2893852,1,0.078715888,0,0.93,0.30000001,0.35823829,0.10864049,KBM
/pscratch/sd/j/joeschm/MGKDB_projects/KBM_classifier_IFS_data/global_cfs_cdirs_m2116_hatch_pscans_scanfiles0024/scanfiles0024,1.2893852,1,0.078715888,0,0.94,0.30000001,0.36406465,-0.16328277,KBM
/pscratch/sd/j/joeschm/MGKDB_projects/KBM_classifier_IFS_data/global_cfs_cdirs_m2116_hatch_pscans_scanfiles0024/scanfiles0024,1.2893852,1,0.078715888,0,0.95,0.30000001,0.42085814,-0.52476281,KBM
/pscratch/sd/j/joeschm/MGKDB_projects/KBM_classifier_IFS_data/global_cfs_cdirs_m2116_hatch_pscans_scanfiles0024/scanfiles0024,1.2893852,1,0.078715888,0,0.96,0.30000001,-1,-1,
/pscratch/sd/j/joeschm/MGKDB_projects/KBM_classifier_IFS_data/global_cfs_cdirs_m2116_hatch_pscans_scanfiles0024/scanfiles0024,1.2893852,1,0.078715888,0,0.97,0.30000001,0.38899373,-1.6393126,ITG_TEM
/pscratch/sd/j/joeschm/MGKDB_projects/KBM_classifier_IFS_data/global_cfs_cdirs_m2116_hatch_pscans_scanfiles0024/scanfiles0024,1.2893852,1,0.078715888,0,0.98,0.30000001,0.93021665,-4.0017965,ITG_TEM
/pscratch/sd/j/joeschm/MGKDB_projects/KBM_classifier_IFS_data/global_cfs_cdirs_m2116_hatch_pscans_scanfiles0024/scanfiles0024,1.2893852,1,0.078715888,0,0.99,0.30000001,1.7570511,-7.1393762,ETG
/pscratch/sd/j/joeschm/MGKDB_projects/KBM_classifier_IFS_data/global_cfs_cdirs_m2116_hatch_pscans_scanfiles0024/scanfiles0024,1.2893852,1,0.078715888,0,0.93,0.40000001,0.47672494,0.15712095,KBM
/pscratch/sd/j/joeschm/MGKDB_projects/KBM_classifier_IFS_data/global_cfs_cdirs_m2116_hatch_pscans_scanfiles0024/scanfiles0024,1.2893852,1,0.078715888,0,0.94,0.40000001,0.48731157,-0.13184011,KBM
/pscratch/sd/j/joeschm/MGKDB_projects/KBM_classifier_IFS_data/global_cfs_cdirs_m2116_hatch_pscans_scanfiles0024/scanfiles0024,1.2893852,1,0.078715888,0,0.95,0.40000001,0.52868458,-0.50365677,KBM
/pscratch/sd/j/joeschm/MGKDB_projects/KBM_classifier_IFS_data/global_cfs_cdirs_m2116_hatch_pscans_scanfiles0024/scanfiles0024,1.2893852,1,0.078715888,0,0.96,0.40000001,-0.010598876,-1.261112,ITG_TEM
/pscratch/sd/j/joeschm/MGKDB_projects/KBM_classifier_IFS_data/global_cfs_cdirs_m2116_hatch_pscans_scanfiles0024/scanfiles0024,1.2893852,1,0.078715888,0,0.97,0.40000001,0.788,-1.433,ITG_TEM
/pscratch/sd/j/joeschm/MGKDB_projects/KBM_classifier_IFS_data/global_cfs_cdirs_m2116_hatch_pscans_scanfiles0024/scanfiles0024,1.2893852,1,0.078715888,0,0.98,0.40000001,1.1692845,-4.0506584,ITG_TEM
/pscratch/sd/j/joeschm/MGKDB_projects/KBM_classifier_IFS_data/global_cfs_cdirs_m2116_hatch_pscans_scanfiles0024/scanfiles0024,1.2893852,1,0.078715888,0,0.99,0.40000001,2.5079273,-8.9544754,ETG
/pscratch/sd/j/joeschm/MGKDB_projects/KBM_classifier_IFS_data/global_cfs_cdirs_m2116_hatch_pscans_scanfiles0024/scanfiles0024,1.2893852,1,0.078715888,0,0.93,0.60000002,0.62708441,0.28264789,KBM
/pscratch/sd/j/joeschm/MGKDB_projects/KBM_classifier_IFS_data/global_cfs_cdirs_m2116_hatch_pscans_scanfiles0024/scanfiles0024,1.2893852,1,0.078715888,0,0.94,0.60000002,0.6187249,-0.04506365,KBM
/pscratch/sd/j/joeschm/MGKDB_projects/KBM_classifier_IFS_data/global_cfs_cdirs_m2116_hatch_pscans_scanfiles0024/scanfiles0024,1.2893852,1,0.078715888,0,0.95,0.60000002,0.64193613,-0.43692952,KBM
/pscratch/sd/j/joeschm/MGKDB_projects/KBM_classifier_IFS_data/global_cfs_cdirs_m2116_hatch_pscans_scanfiles0024/scanfiles0024,1.2893852,1,0.078715888,0,0.96,0.60000002,0.23400503,-0.82106677,ITG_TEM
/pscratch/sd/j/joeschm/MGKDB_projects/KBM_classifier_IFS_data/global_cfs_cdirs_m2116_hatch_pscans_scanfiles0024/scanfiles0024,1.2893852,1,0.078715888,0,0.97,0.60000002,1.088,-0.879,
/pscratch/sd/j/joeschm/MGKDB_projects/KBM_classifier_IFS_data/global_cfs_cdirs_m2116_hatch_pscans_scanfiles0024/scanfiles0024,1.2893852,1,0.078715888,0,0.98,0.60000002,2.167,-3.895,ETG
/pscratch/sd/j/joeschm/MGKDB_projects/KBM_classifier_IFS_data/global_cfs_cdirs_m2116_hatch_pscans_scanfiles0024/scanfiles0024,1.2893852,1,0.078715888,0,0.99,0.60000002,4.315,-3.83,ETG
/pscratch/sd/j/joeschm/MGKDB_projects/KBM_classifier_IFS_data/global_cfs_cdirs_m2116_hatch_pscans_scanfiles0024/scanfiles0024,1.2893852,1,0.078715888,0,0.93,0.80000001,0.68853443,0.41895752,ITG_TEM
/pscratch/sd/j/joeschm/MGKDB_projects/KBM_classifier_IFS_data/global_cfs_cdirs_m2116_hatch_pscans_scanfiles0024/scanfiles0024,1.2893852,1,0.078715888,0,0.94,0.80000001,0.65794859,0.042897662,ITG_TEM
/pscratch/sd/j/joeschm/MGKDB_projects/KBM_classifier_IFS_data/global_cfs_cdirs_m2116_hatch_pscans_scanfiles0024/scanfiles0024,1.2893852,1,0.078715888,0,0.95,0.80000001,0.69916962,-0.37207248,KBM
/pscratch/sd/j/joeschm/MGKDB_projects/KBM_classifier_IFS_data/global_cfs_cdirs_m2116_hatch_pscans_scanfiles0024/scanfiles0024,1.2893852,1,0.078715888,0,0.96,0.80000001,0.31278188,-0.60286925,ITG_TEM
/pscratch/sd/j/joeschm/MGKDB_projects/KBM_classifier_IFS_data/global_cfs_cdirs_m2116_hatch_pscans_scanfiles0024/scanfiles0024,1.2893852,1,0.078715888,0,0.97,0.80000001,1.0324776,-3.8141884,ITG_TEM
/pscratch/sd/j/joeschm/MGKDB_projects/KBM_classifier_IFS_data/global_cfs_cdirs_m2116_hatch_pscans_scanfiles0024/scanfiles0024,1.2893852,1,0.078715888,0,0.98,0.80000001,3.17,-4.793,ETG
/pscratch/sd/j/joeschm/MGKDB_projects/KBM_classifier_IFS_data/global_cfs_cdirs_m2116_hatch_pscans_scanfiles0024/scanfiles0024,1.2893852,1,0.078715888,0,0.99,0.80000001,6.256,-5.045,ETG
/pscratch/sd/j/joeschm/MGKDB_projects/KBM_classifier_IFS_data/global_cfs_cdirs_m2116_hatch_pscans_scanfiles0024/scanfiles0024,1.2893852,1,0.078715888,0,0.93,1,0.695,0.554,ITG_TEM
/pscratch/sd/j/joeschm/MGKDB_projects/KBM_classifier_IFS_data/global_cfs_cdirs_m2116_hatch_pscans_scanfiles0024/scanfiles0024,1.2893852,1,0.078715888,0,0.94,1,0.64981667,0.11909941,ITG_TEM
/pscratch/sd/j/joeschm/MGKDB_projects/KBM_classifier_IFS_data/global_cfs_cdirs_m2116_hatch_pscans_scanfiles0024/scanfiles0024,1.2893852,1,0.078715888,0,0.95,1,0.73250532,-0.31287348,KBM
/pscratch/sd/j/joeschm/MGKDB_projects/KBM_classifier_IFS_data/global_cfs_cdirs_m2116_hatch_pscans_scanfiles0024/scanfiles0024,1.2893852,1,0.078715888,0,0.96,1,0.30651547,-0.47847646,ITG_TEM
/pscratch/sd/j/joeschm/MGKDB_projects/KBM_classifier_IFS_data/global_cfs_cdirs_m2116_hatch_pscans_scanfiles0024/scanfiles0024,1.2893852,1,0.078715888,0,0.97,1,1.46,-3.865,ETG
/pscratch/sd/j/joeschm/MGKDB_projects/KBM_classifier_IFS_data/global_cfs_cdirs_m2116_hatch_pscans_scanfiles0024/scanfiles0024,1.2893852,1,0.078715888,0,0.98,1,4.154,-6.007,ETG
/pscratch/sd/j/joeschm/MGKDB_projects/KBM_classifier_IFS_data/global_cfs_cdirs_m2116_hatch_pscans_scanfiles0024/scanfiles0024,1.2893852,1,0.078715888,0,0.99,1,7.984,-6.984,ETG
/pscratch/sd/j/joeschm/MGKDB_projects/KBM_classifier_IFS_data/global_cfs_cdirs_m2116_hatch_pscans_scanfiles0024/scanfiles0024,1.2893852,1,0.078715888,0,0.93,1.1,0.684,0.62,ITG_TEM
/pscratch/sd/j/joeschm/MGKDB_projects/KBM_classifier_IFS_data/global_cfs_cdirs_m2116_hatch_pscans_scanfiles0024/scanfiles0024,1.2893852,1,0.078715888,0,0.94,1.1,0.636,0.151,ITG_TEM
/pscratch/sd/j/joeschm/MGKDB_projects/KBM_classifier_IFS_data/global_cfs_cdirs_m2116_hatch_pscans_scanfiles0024/scanfiles0024,1.2893852,1,0.078715888,0,0.95,1.1,0.74936427,-0.2884508,KBM
/pscratch/sd/j/joeschm/MGKDB_projects/KBM_classifier_IFS_data/global_cfs_cdirs_m2116_hatch_pscans_scanfiles0024/scanfiles0024,1.2893852,1,0.078715888,0,0.96,1.1,0.291,-0.444,ITG_TEM
/pscratch/sd/j/joeschm/MGKDB_projects/KBM_classifier_IFS_data/global_cfs_cdirs_m2116_hatch_pscans_scanfiles0024/scanfiles0024,1.2893852,1,0.078715888,0,0.97,1.1,1.689,-4.108,ETG
/pscratch/sd/j/joeschm/MGKDB_projects/KBM_classifier_IFS_data/global_cfs_cdirs_m2116_hatch_pscans_scanfiles0024/scanfiles0024,1.2893852,1,0.078715888,0,0.98,1.1,4.61,-6.73,ETG
/pscratch/sd/j/joeschm/MGKDB_projects/KBM_classifier_IFS_data/global_cfs_cdirs_m2116_hatch_pscans_scanfiles0024/scanfiles0024,1.2893852,1,0.078715888,0,0.99,1.1,8.68,-8.185,ETG
/pscratch/sd/j/joeschm/MGKDB_projects/KBM_classifier_IFS_data/global_cfs_cdirs_m2116_hatch_pscans_scanfiles0025/scanfiles0025,1.0964795,1,0.026179561,0,0.93,0.050000001,-1,-1,MTM
/pscratch/sd/j/joeschm/MGKDB_projects/KBM_classifier_IFS_data/global_cfs_cdirs_m2116_hatch_pscans_scanfiles0025/scanfiles0025,1.0964795,1,0.026179561,0,0.94,0.050000001,-1,-1,MTM
/pscratch/sd/j/joeschm/MGKDB_projects/KBM_classifier_IFS_data/global_cfs_cdirs_m2116_hatch_pscans_scanfiles0025/scanfiles0025,1.0964795,1,0.026179561,0,0.95,0.050000001,-1,-1,MTM
/pscratch/sd/j/joeschm/MGKDB_projects/KBM_classifier_IFS_data/global_cfs_cdirs_m2116_hatch_pscans_scanfiles0025/scanfiles0025,1.0964795,1,0.026179561,0,0.96,0.050000001,-1,-1,KBM
/pscratch/sd/j/joeschm/MGKDB_projects/KBM_classifier_IFS_data/global_cfs_cdirs_m2116_hatch_pscans_scanfiles0025/scanfiles0025,1.0964795,1,0.026179561,0,0.97,0.050000001,0.078989622,-3.0263419,MTM
/pscratch/sd/j/joeschm/MGKDB_projects/KBM_classifier_IFS_data/global_cfs_cdirs_m2116_hatch_pscans_scanfiles0025/scanfiles0025,1.0964795,1,0.026179561,0,0.98,0.050000001,0.27181018,-4.3314149,KBM
/pscratch/sd/j/joeschm/MGKDB_projects/KBM_classifier_IFS_data/global_cfs_cdirs_m2116_hatch_pscans_scanfiles0025/scanfiles0025,1.0964795,1,0.026179561,0,0.99,0.050000001,0.085264298,-3.7786499,ITG_TEM
/pscratch/sd/j/joeschm/MGKDB_projects/KBM_classifier_IFS_data/global_cfs_cdirs_m2116_hatch_pscans_scanfiles0025/scanfiles0025,1.0964795,1,0.026179561,0,0.93,0.1,0.053209359,0.029353835,ITG_TEM
/pscratch/sd/j/joeschm/MGKDB_projects/KBM_classifier_IFS_data/global_cfs_cdirs_m2116_hatch_pscans_scanfiles0025/scanfiles0025,1.0964795,1,0.026179561,0,0.94,0.1,-1,-1,MTM
/pscratch/sd/j/joeschm/MGKDB_projects/KBM_classifier_IFS_data/global_cfs_cdirs_m2116_hatch_pscans_scanfiles0025/scanfiles0025,1.0964795,1,0.026179561,0,0.95,0.1,-1,-1,MTM
/pscratch/sd/j/joeschm/MGKDB_projects/KBM_classifier_IFS_data/global_cfs_cdirs_m2116_hatch_pscans_scanfiles0025/scanfiles0025,1.0964795,1,0.026179561,0,0.96,0.1,0.10743247,-2.8453381,MTM
/pscratch/sd/j/joeschm/MGKDB_projects/KBM_classifier_IFS_data/global_cfs_cdirs_m2116_hatch_pscans_scanfiles0025/scanfiles0025,1.0964795,1,0.026179561,0,0.97,0.1,-1,-1,
/pscratch/sd/j/joeschm/MGKDB_projects/KBM_classifier_IFS_data/global_cfs_cdirs_m2116_hatch_pscans_scanfiles0025/scanfiles0025,1.0964795,1,0.026179561,0,0.98,0.1,0.084944085,-8.6360595,MTM
/pscratch/sd/j/joeschm/MGKDB_projects/KBM_classifier_IFS_data/global_cfs_cdirs_m2116_hatch_pscans_scanfiles0025/scanfiles0025,1.0964795,1,0.026179561,0,0.99,0.1,0.31735163,-0.84634794,KBM
/pscratch/sd/j/joeschm/MGKDB_projects/KBM_classifier_IFS_data/global_cfs_cdirs_m2116_hatch_pscans_scanfiles0025/scanfiles0025,1.0964795,1,0.026179561,0,0.93,0.2,0.14642461,0.076772439,ITG_TEM
/pscratch/sd/j/joeschm/MGKDB_projects/KBM_classifier_IFS_data/global_cfs_cdirs_m2116_hatch_pscans_scanfiles0025/scanfiles0025,1.0964795,1,0.026179561,0,0.94,0.2,0.08,-1.5,MTM
/pscratch/sd/j/joeschm/MGKDB_projects/KBM_classifier_IFS_data/global_cfs_cdirs_m2116_hatch_pscans_scanfiles0025/scanfiles0025,1.0964795,1,0.026179561,0,0.95,0.2,0.16386216,-0.78881031,KBM
/pscratch/sd/j/joeschm/MGKDB_projects/KBM_classifier_IFS_data/global_cfs_cdirs_m2116_hatch_pscans_scanfiles0025/scanfiles0025,1.0964795,1,0.026179561,0,0.96,0.2,0.055445245,-1.1049563,KBM
/pscratch/sd/j/joeschm/MGKDB_projects/KBM_classifier_IFS_data/global_cfs_cdirs_m2116_hatch_pscans_scanfiles0025/scanfiles0025,1.0964795,1,0.026179561,0,0.97,0.2,0.10994828,-1.3153523,KBM
/pscratch/sd/j/joeschm/MGKDB_projects/KBM_classifier_IFS_data/global_cfs_cdirs_m2116_hatch_pscans_scanfiles0025/scanfiles0025,1.0964795,1,0.026179561,0,0.98,0.2,0.28149497,-0.44243098,ITG_TEM
/pscratch/sd/j/joeschm/MGKDB_projects/KBM_classifier_IFS_data/global_cfs_cdirs_m2116_hatch_pscans_scanfiles0025/scanfiles0025,1.0964795,1,0.026179561,0,0.99,0.2,0.20250323,-5.6270326,
/pscratch/sd/j/joeschm/MGKDB_projects/KBM_classifier_IFS_data/global_cfs_cdirs_m2116_hatch_pscans_scanfiles0025/scanfiles0025,1.0964795,1,0.026179561,0,0.93,0.30000001,0.23878424,0.10466312,ITG_TEM
/pscratch/sd/j/joeschm/MGKDB_projects/KBM_classifier_IFS_data/global_cfs_cdirs_m2116_hatch_pscans_scanfiles0025/scanfiles0025,1.0964795,1,0.026179561,0,0.94,0.30000001,0.19620645,-0.43337393,KBM
/pscratch/sd/j/joeschm/MGKDB_projects/KBM_classifier_IFS_data/global_cfs_cdirs_m2116_hatch_pscans_scanfiles0025/scanfiles0025,1.0964795,1,0.026179561,0,0.95,0.30000001,0.39152158,-0.88663254,KBM
/pscratch/sd/j/joeschm/MGKDB_projects/KBM_classifier_IFS_data/global_cfs_cdirs_m2116_hatch_pscans_scanfiles0025/scanfiles0025,1.0964795,1,0.026179561,0,0.96,0.30000001,0.29054904,-0.9654441,KBM
/pscratch/sd/j/joeschm/MGKDB_projects/KBM_classifier_IFS_data/global_cfs_cdirs_m2116_hatch_pscans_scanfiles0025/scanfiles0025,1.0964795,1,0.026179561,0,0.97,0.30000001,0.25914209,-0.99243575,ITG_TEM
/pscratch/sd/j/joeschm/MGKDB_projects/KBM_classifier_IFS_data/global_cfs_cdirs_m2116_hatch_pscans_scanfiles0025/scanfiles0025,1.0964795,1,0.026179561,0,0.98,0.30000001,0.11438873,0.038806314,
/pscratch/sd/j/joeschm/MGKDB_projects/KBM_classifier_IFS_data/global_cfs_cdirs_m2116_hatch_pscans_scanfiles0025/scanfiles0025,1.0964795,1,0.026179561,0,0.99,0.30000001,0.22,-6.564,ETG
/pscratch/sd/j/joeschm/MGKDB_projects/KBM_classifier_IFS_data/global_cfs_cdirs_m2116_hatch_pscans_scanfiles0025/scanfiles0025,1.0964795,1,0.026179561,0,0.93,0.40000001,0.32504111,0.14611875,ITG_TEM
/pscratch/sd/j/joeschm/MGKDB_projects/KBM_classifier_IFS_data/global_cfs_cdirs_m2116_hatch_pscans_scanfiles0025/scanfiles0025,1.0964795,1,0.026179561,0,0.94,0.40000001,0.32089311,-0.45097055,KBM
/pscratch/sd/j/joeschm/MGKDB_projects/KBM_classifier_IFS_data/global_cfs_cdirs_m2116_hatch_pscans_scanfiles0025/scanfiles0025,1.0964795,1,0.026179561,0,0.95,0.40000001,0.55440413,-0.87209758,KBM
/pscratch/sd/j/joeschm/MGKDB_projects/KBM_classifier_IFS_data/global_cfs_cdirs_m2116_hatch_pscans_scanfiles0025/scanfiles0025,1.0964795,1,0.026179561,0,0.96,0.40000001,0.41096041,-0.81837324,KBM
/pscratch/sd/j/joeschm/MGKDB_projects/KBM_classifier_IFS_data/global_cfs_cdirs_m2116_hatch_pscans_scanfiles0025/scanfiles0025,1.0964795,1,0.026179561,0,0.97,0.40000001,0.31563741,-0.69768091,ITG_TEM
/pscratch/sd/j/joeschm/MGKDB_projects/KBM_classifier_IFS_data/global_cfs_cdirs_m2116_hatch_pscans_scanfiles0025/scanfiles0025,1.0964795,1,0.026179561,0,0.98,0.40000001,-1,-1,ETG
/pscratch/sd/j/joeschm/MGKDB_projects/KBM_classifier_IFS_data/global_cfs_cdirs_m2116_hatch_pscans_scanfiles0025/scanfiles0025,1.0964795,1,0.026179561,0,0.99,0.40000001,0.587,-8.062,ETG
/pscratch/sd/j/joeschm/MGKDB_projects/KBM_classifier_IFS_data/global_cfs_cdirs_m2116_hatch_pscans_scanfiles0025/scanfiles0025,1.0964795,1,0.026179561,0,0.93,0.60000002,0.44382392,0.26670111,ITG_TEM
/pscratch/sd/j/joeschm/MGKDB_projects/KBM_classifier_IFS_data/global_cfs_cdirs_m2116_hatch_pscans_scanfiles0025/scanfiles0025,1.0964795,1,0.026179561,0,0.94,0.60000002,0.46839301,-0.40212896,ITG_TEM
/pscratch/sd/j/joeschm/MGKDB_projects/KBM_classifier_IFS_data/global_cfs_cdirs_m2116_hatch_pscans_scanfiles0025/scanfiles0025,1.0964795,1,0.026179561,0,0.95,0.60000002,0.74159533,-0.77310627,KBM
/pscratch/sd/j/joeschm/MGKDB_projects/KBM_classifier_IFS_data/global_cfs_cdirs_m2116_hatch_pscans_scanfiles0025/scanfiles0025,1.0964795,1,0.026179561,0,0.96,0.60000002,0.49703887,-0.58550593,ITG_TEM
/pscratch/sd/j/joeschm/MGKDB_projects/KBM_classifier_IFS_data/global_cfs_cdirs_m2116_hatch_pscans_scanfiles0025/scanfiles0025,1.0964795,1,0.026179561,0,0.97,0.60000002,0.13870838,-0.32318935,
/pscratch/sd/j/joeschm/MGKDB_projects/KBM_classifier_IFS_data/global_cfs_cdirs_m2116_hatch_pscans_scanfiles0025/scanfiles0025,1.0964795,1,0.026179561,0,0.98,0.60000002,0.59,-4.363,ETG
/pscratch/sd/j/joeschm/MGKDB_projects/KBM_classifier_IFS_data/global_cfs_cdirs_m2116_hatch_pscans_scanfiles0025/scanfiles0025,1.0964795,1,0.026179561,0,0.99,0.60000002,0.92610129,-3.6328761,ETG
/pscratch/sd/j/joeschm/MGKDB_projects/KBM_classifier_IFS_data/global_cfs_cdirs_m2116_hatch_pscans_scanfiles0025/scanfiles0025,1.0964795,1,0.026179561,0,0.93,0.80000001,0.486,0.409,ITG_TEM
/pscratch/sd/j/joeschm/MGKDB_projects/KBM_classifier_IFS_data/global_cfs_cdirs_m2116_hatch_pscans_scanfiles0025/scanfiles0025,1.0964795,1,0.026179561,0,0.94,0.80000001,0.51406163,-0.32988648,ITG_TEM
/pscratch/sd/j/joeschm/MGKDB_projects/KBM_classifier_IFS_data/global_cfs_cdirs_m2116_hatch_pscans_scanfiles0025/scanfiles0025,1.0964795,1,0.026179561,0,0.95,0.80000001,0.83673708,-0.66819186,KBM
/pscratch/sd/j/joeschm/MGKDB_projects/KBM_classifier_IFS_data/global_cfs_cdirs_m2116_hatch_pscans_scanfiles0025/scanfiles0025,1.0964795,1,0.026179561,0,0.96,0.80000001,0.48370579,-0.42168927,ITG_TEM
/pscratch/sd/j/joeschm/MGKDB_projects/KBM_classifier_IFS_data/global_cfs_cdirs_m2116_hatch_pscans_scanfiles0025/scanfiles0025,1.0964795,1,0.026179561,0,0.97,0.80000001,-0.017238162,-0.49628565,ITG_TEM
/pscratch/sd/j/joeschm/MGKDB_projects/KBM_classifier_IFS_data/global_cfs_cdirs_m2116_hatch_pscans_scanfiles0025/scanfiles0025,1.0964795,1,0.026179561,0,0.98,0.80000001,1.185,-5.398,ETG
/pscratch/sd/j/joeschm/MGKDB_projects/KBM_classifier_IFS_data/global_cfs_cdirs_m2116_hatch_pscans_scanfiles0025/scanfiles0025,1.0964795,1,0.026179561,0,0.99,0.80000001,2.048,-4.221,ETG
/pscratch/sd/j/joeschm/MGKDB_projects/KBM_classifier_IFS_data/global_cfs_cdirs_m2116_hatch_pscans_scanfiles0025/scanfiles0025,1.0964795,1,0.026179561,0,0.93,1,0.469,0.547,ITG_TEM
/pscratch/sd/j/joeschm/MGKDB_projects/KBM_classifier_IFS_data/global_cfs_cdirs_m2116_hatch_pscans_scanfiles0025/scanfiles0025,1.0964795,1,0.026179561,0,0.94,1,0.514,-0.271,ITG_TEM
/pscratch/sd/j/joeschm/MGKDB_projects/KBM_classifier_IFS_data/global_cfs_cdirs_m2116_hatch_pscans_scanfiles0025/scanfiles0025,1.0964795,1,0.026179561,0,0.95,1,0.89,-0.576,ITG_TEM
/pscratch/sd/j/joeschm/MGKDB_projects/KBM_classifier_IFS_data/global_cfs_cdirs_m2116_hatch_pscans_scanfiles0025/scanfiles0025,1.0964795,1,0.026179561,0,0.96,1,0.42808318,-0.32439044,ITG_TEM
/pscratch/sd/j/joeschm/MGKDB_projects/KBM_classifier_IFS_data/global_cfs_cdirs_m2116_hatch_pscans_scanfiles0025/scanfiles0025,1.0964795,1,0.026179561,0,0.97,1,0.12,-2.505,ETG
/pscratch/sd/j/joeschm/MGKDB_projects/KBM_classifier_IFS_data/global_cfs_cdirs_m2116_hatch_pscans_scanfiles0025/scanfiles0025,1.0964795,1,0.026179561,0,0.98,1,1.766,-6.696,ETG
/pscratch/sd/j/joeschm/MGKDB_projects/KBM_classifier_IFS_data/global_cfs_cdirs_m2116_hatch_pscans_scanfiles0025/scanfiles0025,1.0964795,1,0.026179561,0,0.99,1,3.298,-5.47,ETG
/pscratch/sd/j/joeschm/MGKDB_projects/KBM_classifier_IFS_data/global_cfs_cdirs_m2116_hatch_pscans_scanfiles0025/scanfiles0025,1.0964795,1,0.026179561,0,0.93,1.1,0.444,0.611,ITG_TEM
/pscratch/sd/j/joeschm/MGKDB_projects/KBM_classifier_IFS_data/global_cfs_cdirs_m2116_hatch_pscans_scanfiles0025/scanfiles0025,1.0964795,1,0.026179561,0,0.94,1.1,0.506,-0.249,ITG_TEM
/pscratch/sd/j/joeschm/MGKDB_projects/KBM_classifier_IFS_data/global_cfs_cdirs_m2116_hatch_pscans_scanfiles0025/scanfiles0025,1.0964795,1,0.026179561,0,0.95,1.1,0.909,-0.536,ITG_TEM
/pscratch/sd/j/joeschm/MGKDB_projects/KBM_classifier_IFS_data/global_cfs_cdirs_m2116_hatch_pscans_scanfiles0025/scanfiles0025,1.0964795,1,0.026179561,0,0.96,1.1,0.39812163,-0.29648314,ITG_TEM
/pscratch/sd/j/joeschm/MGKDB_projects/KBM_classifier_IFS_data/global_cfs_cdirs_m2116_hatch_pscans_scanfiles0025/scanfiles0025,1.0964795,1,0.026179561,0,0.97,1.1,0.343,-2.63,ETG
/pscratch/sd/j/joeschm/MGKDB_projects/KBM_classifier_IFS_data/global_cfs_cdirs_m2116_hatch_pscans_scanfiles0025/scanfiles0025,1.0964795,1,0.026179561,0,0.98,1.1,1.995,-7.437,ETG
/pscratch/sd/j/joeschm/MGKDB_projects/KBM_classifier_IFS_data/global_cfs_cdirs_m2116_hatch_pscans_scanfiles0025/scanfiles0025,1.0964795,1,0.026179561,0,0.99,1.1,3.879,-6.282,ETG
/pscratch/sd/j/joeschm/MGKDB_projects/KBM_classifier_IFS_data/global_cfs_cdirs_m2116_hatch_pscans_scanfiles0026/scanfiles0026,0.85923642,0.84061128,0.032114146,0.060006285,0.935,0.050000001,-1,-1,MTM
/pscratch/sd/j/joeschm/MGKDB_projects/KBM_classifier_IFS_data/global_cfs_cdirs_m2116_hatch_pscans_scanfiles0026/scanfiles0026,0.85923642,0.84061128,0.032114146,0.060006285,0.945,0.050000001,-1,-1,MTM
/pscratch/sd/j/joeschm/MGKDB_projects/KBM_classifier_IFS_data/global_cfs_cdirs_m2116_hatch_pscans_scanfiles0026/scanfiles0026,0.85923642,0.84061128,0.032114146,0.060006285,0.955,0.050000001,-1,-1,KBM
/pscratch/sd/j/joeschm/MGKDB_projects/KBM_classifier_IFS_data/global_cfs_cdirs_m2116_hatch_pscans_scanfiles0026/scanfiles0026,0.85923642,0.84061128,0.032114146,0.060006285,0.965,0.050000001,-1,-1,MTM
/pscratch/sd/j/joeschm/MGKDB_projects/KBM_classifier_IFS_data/global_cfs_cdirs_m2116_hatch_pscans_scanfiles0026/scanfiles0026,0.85923642,0.84061128,0.032114146,0.060006285,0.975,0.050000001,0.92687161,-0.49745244,KBM
/pscratch/sd/j/joeschm/MGKDB_projects/KBM_classifier_IFS_data/global_cfs_cdirs_m2116_hatch_pscans_scanfiles0026/scanfiles0026,0.85923642,0.84061128,0.032114146,0.060006285,0.985,0.050000001,0.77153962,-0.38933073,KBM
/pscratch/sd/j/joeschm/MGKDB_projects/KBM_classifier_IFS_data/global_cfs_cdirs_m2116_hatch_pscans_scanfiles0026/scanfiles0026,0.85923642,0.84061128,0.032114146,0.060006285,0.995,0.050000001,1.1524328,-1.464809,KBM
/pscratch/sd/j/joeschm/MGKDB_projects/KBM_classifier_IFS_data/global_cfs_cdirs_m2116_hatch_pscans_scanfiles0026/scanfiles0026,0.85923642,0.84061128,0.032114146,0.060006285,0.935,0.1,0.024371989,0.07287277,ITG_TEM
/pscratch/sd/j/joeschm/MGKDB_projects/KBM_classifier_IFS_data/global_cfs_cdirs_m2116_hatch_pscans_scanfiles0026/scanfiles0026,0.85923642,0.84061128,0.032114146,0.060006285,0.945,0.1,-1,-1,MTM
/pscratch/sd/j/joeschm/MGKDB_projects/KBM_classifier_IFS_data/global_cfs_cdirs_m2116_hatch_pscans_scanfiles0026/scanfiles0026,0.85923642,0.84061128,0.032114146,0.060006285,0.955,0.1,0.040086482,-1.8138073,MTM
/pscratch/sd/j/joeschm/MGKDB_projects/KBM_classifier_IFS_data/global_cfs_cdirs_m2116_hatch_pscans_scanfiles0026/scanfiles0026,0.85923642,0.84061128,0.032114146,0.060006285,0.965,0.1,0.16751,-3.3106898,MTM
/pscratch/sd/j/joeschm/MGKDB_projects/KBM_classifier_IFS_data/global_cfs_cdirs_m2116_hatch_pscans_scanfiles0026/scanfiles0026,0.85923642,0.84061128,0.032114146,0.060006285,0.975,0.1,1.9352083,0.44678981,KBM
/pscratch/sd/j/joeschm/MGKDB_projects/KBM_classifier_IFS_data/global_cfs_cdirs_m2116_hatch_pscans_scanfiles0026/scanfiles0026,0.85923642,0.84061128,0.032114146,0.060006285,0.985,0.1,1.5988263,0.92527741,KBM
/pscratch/sd/j/joeschm/MGKDB_projects/KBM_classifier_IFS_data/global_cfs_cdirs_m2116_hatch_pscans_scanfiles0026/scanfiles0026,0.85923642,0.84061128,0.032114146,0.060006285,0.995,0.1,2.1449567,0.71257096,KBM
/pscratch/sd/j/joeschm/MGKDB_projects/KBM_classifier_IFS_data/global_cfs_cdirs_m2116_hatch_pscans_scanfiles0026/scanfiles0026,0.85923642,0.84061128,0.032114146,0.060006285,0.935,0.2,0.061932157,0.084622397,ITG_TEM
/pscratch/sd/j/joeschm/MGKDB_projects/KBM_classifier_IFS_data/global_cfs_cdirs_m2116_hatch_pscans_scanfiles0026/scanfiles0026,0.85923642,0.84061128,0.032114146,0.060006285,0.945,0.2,0.045083123,-0.66690557,ETG
/pscratch/sd/j/joeschm/MGKDB_projects/KBM_classifier_IFS_data/global_cfs_cdirs_m2116_hatch_pscans_scanfiles0026/scanfiles0026,0.85923642,0.84061128,0.032114146,0.060006285,0.955,0.2,0.10901038,-1.4701248,ITG_TEM
/pscratch/sd/j/joeschm/MGKDB_projects/KBM_classifier_IFS_data/global_cfs_cdirs_m2116_hatch_pscans_scanfiles0026/scanfiles0026,0.85923642,0.84061128,0.032114146,0.060006285,0.965,0.2,0.30306945,-1.53116,KBM
/pscratch/sd/j/joeschm/MGKDB_projects/KBM_classifier_IFS_data/global_cfs_cdirs_m2116_hatch_pscans_scanfiles0026/scanfiles0026,0.85923642,0.84061128,0.032114146,0.060006285,0.975,0.2,0.50539175,1.5039205,KBM
/pscratch/sd/j/joeschm/MGKDB_projects/KBM_classifier_IFS_data/global_cfs_cdirs_m2116_hatch_pscans_scanfiles0026/scanfiles0026,0.85923642,0.84061128,0.032114146,0.060006285,0.985,0.2,0.30636498,1.3276902,KBM
/pscratch/sd/j/joeschm/MGKDB_projects/KBM_classifier_IFS_data/global_cfs_cdirs_m2116_hatch_pscans_scanfiles0026/scanfiles0026,0.85923642,0.84061128,0.032114146,0.060006285,0.995,0.2,0.8220277,1.8711385,KBM
/pscratch/sd/j/joeschm/MGKDB_projects/KBM_classifier_IFS_data/global_cfs_cdirs_m2116_hatch_pscans_scanfiles0026/scanfiles0026,0.85923642,0.84061128,0.032114146,0.060006285,0.935,0.30000001,0.091622016,0.097408522,ITG_TEM
/pscratch/sd/j/joeschm/MGKDB_projects/KBM_classifier_IFS_data/global_cfs_cdirs_m2116_hatch_pscans_scanfiles0026/scanfiles0026,0.85923642,0.84061128,0.032114146,0.060006285,0.945,0.30000001,0.2286894,-0.8768228,ITG_TEM
/pscratch/sd/j/joeschm/MGKDB_projects/KBM_classifier_IFS_data/global_cfs_cdirs_m2116_hatch_pscans_scanfiles0026/scanfiles0026,0.85923642,0.84061128,0.032114146,0.060006285,0.955,0.30000001,0.43573152,-1.6179981,KBM
/pscratch/sd/j/joeschm/MGKDB_projects/KBM_classifier_IFS_data/global_cfs_cdirs_m2116_hatch_pscans_scanfiles0026/scanfiles0026,0.85923642,0.84061128,0.032114146,0.060006285,0.965,0.30000001,0.60064163,-1.1813061,KBM
/pscratch/sd/j/joeschm/MGKDB_projects/KBM_classifier_IFS_data/global_cfs_cdirs_m2116_hatch_pscans_scanfiles0026/scanfiles0026,0.85923642,0.84061128,0.032114146,0.060006285,0.975,0.30000001,0.084657967,-0.26951461,ITG_TEM
/pscratch/sd/j/joeschm/MGKDB_projects/KBM_classifier_IFS_data/global_cfs_cdirs_m2116_hatch_pscans_scanfiles0026/scanfiles0026,0.85923642,0.84061128,0.032114146,0.060006285,0.985,0.30000001,-1,-1,ITG_TEM
/pscratch/sd/j/joeschm/MGKDB_projects/KBM_classifier_IFS_data/global_cfs_cdirs_m2116_hatch_pscans_scanfiles0026/scanfiles0026,0.85923642,0.84061128,0.032114146,0.060006285,0.995,0.30000001,0.46470787,-6.5860273,ETG
/pscratch/sd/j/joeschm/MGKDB_projects/KBM_classifier_IFS_data/global_cfs_cdirs_m2116_hatch_pscans_scanfiles0026/scanfiles0026,0.85923642,0.84061128,0.032114146,0.060006285,0.935,0.40000001,0.12578993,0.11466519,ITG_TEM
/pscratch/sd/j/joeschm/MGKDB_projects/KBM_classifier_IFS_data/global_cfs_cdirs_m2116_hatch_pscans_scanfiles0026/scanfiles0026,0.85923642,0.84061128,0.032114146,0.060006285,0.945,0.40000001,0.4190305,-0.97030735,ITG_TEM
/pscratch/sd/j/joeschm/MGKDB_projects/KBM_classifier_IFS_data/global_cfs_cdirs_m2116_hatch_pscans_scanfiles0026/scanfiles0026,0.85923642,0.84061128,0.032114146,0.060006285,0.955,0.40000001,0.6848553,-1.5865741,ITG_TEM
/pscratch/sd/j/joeschm/MGKDB_projects/KBM_classifier_IFS_data/global_cfs_cdirs_m2116_hatch_pscans_scanfiles0026/scanfiles0026,0.85923642,0.84061128,0.032114146,0.060006285,0.965,0.40000001,0.66608865,-0.90084865,KBM
/pscratch/sd/j/joeschm/MGKDB_projects/KBM_classifier_IFS_data/global_cfs_cdirs_m2116_hatch_pscans_scanfiles0026/scanfiles0026,0.85923642,0.84061128,0.032114146,0.060006285,0.975,0.40000001,0.079820787,-0.21055948,ITG_TEM
/pscratch/sd/j/joeschm/MGKDB_projects/KBM_classifier_IFS_data/global_cfs_cdirs_m2116_hatch_pscans_scanfiles0026/scanfiles0026,0.85923642,0.84061128,0.032114146,0.060006285,0.985,0.40000001,0.050671532,-0.28679525,
/pscratch/sd/j/joeschm/MGKDB_projects/KBM_classifier_IFS_data/global_cfs_cdirs_m2116_hatch_pscans_scanfiles0026/scanfiles0026,0.85923642,0.84061128,0.032114146,0.060006285,0.995,0.40000001,1.031,-7.657,ETG
/pscratch/sd/j/joeschm/MGKDB_projects/KBM_classifier_IFS_data/global_cfs_cdirs_m2116_hatch_pscans_scanfiles0026/scanfiles0026,0.85923642,0.84061128,0.032114146,0.060006285,0.935,0.60000002,0.18692749,0.18101234,ITG_TEM
/pscratch/sd/j/joeschm/MGKDB_projects/KBM_classifier_IFS_data/global_cfs_cdirs_m2116_hatch_pscans_scanfiles0026/scanfiles0026,0.85923642,0.84061128,0.032114146,0.060006285,0.945,0.60000002,0.691,-0.973,ITG_TEM
/pscratch/sd/j/joeschm/MGKDB_projects/KBM_classifier_IFS_data/global_cfs_cdirs_m2116_hatch_pscans_scanfiles0026/scanfiles0026,0.85923642,0.84061128,0.032114146,0.060006285,0.955,0.60000002,0.998,-1.397,ITG_TEM
/pscratch/sd/j/joeschm/MGKDB_projects/KBM_classifier_IFS_data/global_cfs_cdirs_m2116_hatch_pscans_scanfiles0026/scanfiles0026,0.85923642,0.84061128,0.032114146,0.060006285,0.965,0.60000002,0.57582711,-0.58084791,ITG_TEM
/pscratch/sd/j/joeschm/MGKDB_projects/KBM_classifier_IFS_data/global_cfs_cdirs_m2116_hatch_pscans_scanfiles0026/scanfiles0026,0.85923642,0.84061128,0.032114146,0.060006285,0.975,0.60000002,0.15501309,-2.6534056,ITG_TEM
/pscratch/sd/j/joeschm/MGKDB_projects/KBM_classifier_IFS_data/global_cfs_cdirs_m2116_hatch_pscans_scanfiles0026/scanfiles0026,0.85923642,0.84061128,0.032114146,0.060006285,0.985,0.60000002,0.083410962,-1.3247319,
/pscratch/sd/j/joeschm/MGKDB_projects/KBM_classifier_IFS_data/global_cfs_cdirs_m2116_hatch_pscans_scanfiles0026/scanfiles0026,0.85923642,0.84061128,0.032114146,0.060006285,0.995,0.60000002,1.75,-10.12,ETG
/pscratch/sd/j/joeschm/MGKDB_projects/KBM_classifier_IFS_data/global_cfs_cdirs_m2116_hatch_pscans_scanfiles0026/scanfiles0026,0.85923642,0.84061128,0.032114146,0.060006285,0.935,0.80000001,0.19923141,0.27706811,ITG_TEM
/pscratch/sd/j/joeschm/MGKDB_projects/KBM_classifier_IFS_data/global_cfs_cdirs_m2116_hatch_pscans_scanfiles0026/scanfiles0026,0.85923642,0.84061128,0.032114146,0.060006285,0.945,0.80000001,0.848,-0.906,ITG_TEM
/pscratch/sd/j/joeschm/MGKDB_projects/KBM_classifier_IFS_data/global_cfs_cdirs_m2116_hatch_pscans_scanfiles0026/scanfiles0026,0.85923642,0.84061128,0.032114146,0.060006285,0.955,0.80000001,1.163,-1.181,ITG_TEM
/pscratch/sd/j/joeschm/MGKDB_projects/KBM_classifier_IFS_data/global_cfs_cdirs_m2116_hatch_pscans_scanfiles0026/scanfiles0026,0.85923642,0.84061128,0.032114146,0.060006285,0.965,0.80000001,0.42525255,-0.49739844,ITG_TEM
/pscratch/sd/j/joeschm/MGKDB_projects/KBM_classifier_IFS_data/global_cfs_cdirs_m2116_hatch_pscans_scanfiles0026/scanfiles0026,0.85923642,0.84061128,0.032114146,0.060006285,0.975,0.80000001,0.15084846,-2.020139,
/pscratch/sd/j/joeschm/MGKDB_projects/KBM_classifier_IFS_data/global_cfs_cdirs_m2116_hatch_pscans_scanfiles0026/scanfiles0026,0.85923642,0.84061128,0.032114146,0.060006285,0.985,0.80000001,0.26,-3.7,ETG
/pscratch/sd/j/joeschm/MGKDB_projects/KBM_classifier_IFS_data/global_cfs_cdirs_m2116_hatch_pscans_scanfiles0026/scanfiles0026,0.85923642,0.84061128,0.032114146,0.060006285,0.995,0.80000001,1.724,-12.841,ETG
/pscratch/sd/j/joeschm/MGKDB_projects/KBM_classifier_IFS_data/global_cfs_cdirs_m2116_hatch_pscans_scanfiles0026/scanfiles0026,0.85923642,0.84061128,0.032114146,0.060006285,0.935,1,0.15330017,0.35605107,ITG_TEM
/pscratch/sd/j/joeschm/MGKDB_projects/KBM_classifier_IFS_data/global_cfs_cdirs_m2116_hatch_pscans_scanfiles0026/scanfiles0026,0.85923642,0.84061128,0.032114146,0.060006285,0.945,1,0.945,-0.837,ITG_TEM
/pscratch/sd/j/joeschm/MGKDB_projects/KBM_classifier_IFS_data/global_cfs_cdirs_m2116_hatch_pscans_scanfiles0026/scanfiles0026,0.85923642,0.84061128,0.032114146,0.060006285,0.955,1,1.247,-0.981,ITG_TEM
/pscratch/sd/j/joeschm/MGKDB_projects/KBM_classifier_IFS_data/global_cfs_cdirs_m2116_hatch_pscans_scanfiles0026/scanfiles0026,0.85923642,0.84061128,0.032114146,0.060006285,0.965,1,0.38702909,-0.54174234,ITG_TEM
/pscratch/sd/j/joeschm/MGKDB_projects/KBM_classifier_IFS_data/global_cfs_cdirs_m2116_hatch_pscans_scanfiles0026/scanfiles0026,0.85923642,0.84061128,0.032114146,0.060006285,0.975,1,0.21927614,-3.4292639,ETG
/pscratch/sd/j/joeschm/MGKDB_projects/KBM_classifier_IFS_data/global_cfs_cdirs_m2116_hatch_pscans_scanfiles0026/scanfiles0026,0.85923642,0.84061128,0.032114146,0.060006285,0.985,1,0.684,-4.084,ETG
/pscratch/sd/j/joeschm/MGKDB_projects/KBM_classifier_IFS_data/global_cfs_cdirs_m2116_hatch_pscans_scanfiles0026/scanfiles0026,0.85923642,0.84061128,0.032114146,0.060006285,0.995,1,0.90314243,-15.576929,ETG
/pscratch/sd/j/joeschm/MGKDB_projects/KBM_classifier_IFS_data/global_cfs_cdirs_m2116_hatch_pscans_scanfiles0026/scanfiles0026,0.85923642,0.84061128,0.032114146,0.060006285,0.935,1.1,0.13883305,-0.71569834,
/pscratch/sd/j/joeschm/MGKDB_projects/KBM_classifier_IFS_data/global_cfs_cdirs_m2116_hatch_pscans_scanfiles0026/scanfiles0026,0.85923642,0.84061128,0.032114146,0.060006285,0.945,1.1,0.981,-0.807,ITG_TEM
/pscratch/sd/j/joeschm/MGKDB_projects/KBM_classifier_IFS_data/global_cfs_cdirs_m2116_hatch_pscans_scanfiles0026/scanfiles0026,0.85923642,0.84061128,0.032114146,0.060006285,0.955,1.1,1.272,-0.892,ITG_TEM
/pscratch/sd/j/joeschm/MGKDB_projects/KBM_classifier_IFS_data/global_cfs_cdirs_m2116_hatch_pscans_scanfiles0026/scanfiles0026,0.85923642,0.84061128,0.032114146,0.060006285,0.965,1.1,0.40560518,-0.54017712,ITG_TEM
/pscratch/sd/j/joeschm/MGKDB_projects/KBM_classifier_IFS_data/global_cfs_cdirs_m2116_hatch_pscans_scanfiles0026/scanfiles0026,0.85923642,0.84061128,0.032114146,0.060006285,0.975,1.1,0.42,-3.562,ETG
/pscratch/sd/j/joeschm/MGKDB_projects/KBM_classifier_IFS_data/global_cfs_cdirs_m2116_hatch_pscans_scanfiles0026/scanfiles0026,0.85923642,0.84061128,0.032114146,0.060006285,0.985,1.1,1.049,-4.314,ETG
/pscratch/sd/j/joeschm/MGKDB_projects/KBM_classifier_IFS_data/global_cfs_cdirs_m2116_hatch_pscans_scanfiles0027/scanfiles0027,0.85923642,0.76097216,0.032114146,0.090169606,0.935,0.050000001,-1,-1,MTM
/pscratch/sd/j/joeschm/MGKDB_projects/KBM_classifier_IFS_data/global_cfs_cdirs_m2116_hatch_pscans_scanfiles0027/scanfiles0027,0.85923642,0.76097216,0.032114146,0.090169606,0.945,0.050000001,-1,-1,MTM
/pscratch/sd/j/joeschm/MGKDB_projects/KBM_classifier_IFS_data/global_cfs_cdirs_m2116_hatch_pscans_scanfiles0027/scanfiles0027,0.85923642,0.76097216,0.032114146,0.090169606,0.955,0.050000001,-1,-1,ITG_TEM
/pscratch/sd/j/joeschm/MGKDB_projects/KBM_classifier_IFS_data/global_cfs_cdirs_m2116_hatch_pscans_scanfiles0027/scanfiles0027,0.85923642,0.76097216,0.032114146,0.090169606,0.965,0.050000001,-1,-1,MTM
/pscratch/sd/j/joeschm/MGKDB_projects/KBM_classifier_IFS_data/global_cfs_cdirs_m2116_hatch_pscans_scanfiles0027/scanfiles0027,0.85923642,0.76097216,0.032114146,0.090169606,0.975,0.050000001,0.39747564,0.019523052,KBM
/pscratch/sd/j/joeschm/MGKDB_projects/KBM_classifier_IFS_data/global_cfs_cdirs_m2116_hatch_pscans_scanfiles0027/scanfiles0027,0.85923642,0.76097216,0.032114146,0.090169606,0.985,0.050000001,0.38656821,0.11017492,KBM
/pscratch/sd/j/joeschm/MGKDB_projects/KBM_classifier_IFS_data/global_cfs_cdirs_m2116_hatch_pscans_scanfiles0027/scanfiles0027,0.85923642,0.76097216,0.032114146,0.090169606,0.995,0.050000001,0.78537921,-1.7079581,KBM
/pscratch/sd/j/joeschm/MGKDB_projects/KBM_classifier_IFS_data/global_cfs_cdirs_m2116_hatch_pscans_scanfiles0027/scanfiles0027,0.85923642,0.76097216,0.032114146,0.090169606,0.935,0.1,0.031576705,0.062473464,ITG_TEM
/pscratch/sd/j/joeschm/MGKDB_projects/KBM_classifier_IFS_data/global_cfs_cdirs_m2116_hatch_pscans_scanfiles0027/scanfiles0027,0.85923642,0.76097216,0.032114146,0.090169606,0.945,0.1,-1,-1,MTM
/pscratch/sd/j/joeschm/MGKDB_projects/KBM_classifier_IFS_data/global_cfs_cdirs_m2116_hatch_pscans_scanfiles0027/scanfiles0027,0.85923642,0.76097216,0.032114146,0.090169606,0.955,0.1,-1,-1,MTM
/pscratch/sd/j/joeschm/MGKDB_projects/KBM_classifier_IFS_data/global_cfs_cdirs_m2116_hatch_pscans_scanfiles0027/scanfiles0027,0.85923642,0.76097216,0.032114146,0.090169606,0.965,0.1,0.21621201,-3.1805075,MTM
/pscratch/sd/j/joeschm/MGKDB_projects/KBM_classifier_IFS_data/global_cfs_cdirs_m2116_hatch_pscans_scanfiles0027/scanfiles0027,0.85923642,0.76097216,0.032114146,0.090169606,0.975,0.1,0.67152907,0.43259897,KBM
/pscratch/sd/j/joeschm/MGKDB_projects/KBM_classifier_IFS_data/global_cfs_cdirs_m2116_hatch_pscans_scanfiles0027/scanfiles0027,0.85923642,0.76097216,0.032114146,0.090169606,0.985,0.1,0.67903243,0.52878509,KBM
/pscratch/sd/j/joeschm/MGKDB_projects/KBM_classifier_IFS_data/global_cfs_cdirs_m2116_hatch_pscans_scanfiles0027/scanfiles0027,0.85923642,0.76097216,0.032114146,0.090169606,0.995,0.1,1.50627,-0.584917,KBM
/pscratch/sd/j/joeschm/MGKDB_projects/KBM_classifier_IFS_data/global_cfs_cdirs_m2116_hatch_pscans_scanfiles0027/scanfiles0027,0.85923642,0.76097216,0.032114146,0.090169606,0.935,0.2,0.070961142,0.081088913,ITG_TEM
/pscratch/sd/j/joeschm/MGKDB_projects/KBM_classifier_IFS_data/global_cfs_cdirs_m2116_hatch_pscans_scanfiles0027/scanfiles0027,0.85923642,0.76097216,0.032114146,0.090169606,0.945,0.2,0.034295657,-0.62416111,ITG_TEM
/pscratch/sd/j/joeschm/MGKDB_projects/KBM_classifier_IFS_data/global_cfs_cdirs_m2116_hatch_pscans_scanfiles0027/scanfiles0027,0.85923642,0.76097216,0.032114146,0.090169606,0.955,0.2,0.10058007,-2.4095527,MTM
/pscratch/sd/j/joeschm/MGKDB_projects/KBM_classifier_IFS_data/global_cfs_cdirs_m2116_hatch_pscans_scanfiles0027/scanfiles0027,0.85923642,0.76097216,0.032114146,0.090169606,0.965,0.2,0.2868298,-1.9072461,KBM
/pscratch/sd/j/joeschm/MGKDB_projects/KBM_classifier_IFS_data/global_cfs_cdirs_m2116_hatch_pscans_scanfiles0027/scanfiles0027,0.85923642,0.76097216,0.032114146,0.090169606,0.975,0.2,0.29216192,0.91132911,KBM
/pscratch/sd/j/joeschm/MGKDB_projects/KBM_classifier_IFS_data/global_cfs_cdirs_m2116_hatch_pscans_scanfiles0027/scanfiles0027,0.85923642,0.76097216,0.032114146,0.090169606,0.985,0.2,0.27777181,1.10426,KBM
/pscratch/sd/j/joeschm/MGKDB_projects/KBM_classifier_IFS_data/global_cfs_cdirs_m2116_hatch_pscans_scanfiles0027/scanfiles0027,0.85923642,0.76097216,0.032114146,0.090169606,0.995,0.2,0.55114569,1.1727588,KBM
/pscratch/sd/j/joeschm/MGKDB_projects/KBM_classifier_IFS_data/global_cfs_cdirs_m2116_hatch_pscans_scanfiles0027/scanfiles0027,0.85923642,0.76097216,0.032114146,0.090169606,0.935,0.30000001,0.11164639,0.096479831,ITG_TEM
/pscratch/sd/j/joeschm/MGKDB_projects/KBM_classifier_IFS_data/global_cfs_cdirs_m2116_hatch_pscans_scanfiles0027/scanfiles0027,0.85923642,0.76097216,0.032114146,0.090169606,0.945,0.30000001,0.21337886,-0.84541325,ITG_TEM
/pscratch/sd/j/joeschm/MGKDB_projects/KBM_classifier_IFS_data/global_cfs_cdirs_m2116_hatch_pscans_scanfiles0027/scanfiles0027,0.85923642,0.76097216,0.032114146,0.090169606,0.955,0.30000001,0.41961084,-1.6642167,ITG_TEM
/pscratch/sd/j/joeschm/MGKDB_projects/KBM_classifier_IFS_data/global_cfs_cdirs_m2116_hatch_pscans_scanfiles0027/scanfiles0027,0.85923642,0.76097216,0.032114146,0.090169606,0.965,0.30000001,0.65772579,-1.5209837,KBM
/pscratch/sd/j/joeschm/MGKDB_projects/KBM_classifier_IFS_data/global_cfs_cdirs_m2116_hatch_pscans_scanfiles0027/scanfiles0027,0.85923642,0.76097216,0.032114146,0.090169606,0.975,0.30000001,0.29413997,-0.37308932,ITG_TEM
/pscratch/sd/j/joeschm/MGKDB_projects/KBM_classifier_IFS_data/global_cfs_cdirs_m2116_hatch_pscans_scanfiles0027/scanfiles0027,0.85923642,0.76097216,0.032114146,0.090169606,0.985,0.30000001,0.077577952,-3.1001103,ETG
/pscratch/sd/j/joeschm/MGKDB_projects/KBM_classifier_IFS_data/global_cfs_cdirs_m2116_hatch_pscans_scanfiles0027/scanfiles0027,0.85923642,0.76097216,0.032114146,0.090169606,0.995,0.30000001,1.1874278,-7.5696997,ETG
/pscratch/sd/j/joeschm/MGKDB_projects/KBM_classifier_IFS_data/global_cfs_cdirs_m2116_hatch_pscans_scanfiles0027/scanfiles0027,0.85923642,0.76097216,0.032114146,0.090169606,0.935,0.40000001,0.15522423,0.11826379,ITG_TEM
/pscratch/sd/j/joeschm/MGKDB_projects/KBM_classifier_IFS_data/global_cfs_cdirs_m2116_hatch_pscans_scanfiles0027/scanfiles0027,0.85923642,0.76097216,0.032114146,0.090169606,0.945,0.40000001,0.403351,-0.95466707,ITG_TEM
/pscratch/sd/j/joeschm/MGKDB_projects/KBM_classifier_IFS_data/global_cfs_cdirs_m2116_hatch_pscans_scanfiles0027/scanfiles0027,0.85923642,0.76097216,0.032114146,0.090169606,0.955,0.40000001,0.68865682,-1.6899822,ITG_TEM
/pscratch/sd/j/joeschm/MGKDB_projects/KBM_classifier_IFS_data/global_cfs_cdirs_m2116_hatch_pscans_scanfiles0027/scanfiles0027,0.85923642,0.76097216,0.032114146,0.090169606,0.965,0.40000001,0.81781184,-1.1958844,ITG_TEM
/pscratch/sd/j/joeschm/MGKDB_projects/KBM_classifier_IFS_data/global_cfs_cdirs_m2116_hatch_pscans_scanfiles0027/scanfiles0027,0.85923642,0.76097216,0.032114146,0.090169606,0.975,0.40000001,0.23861391,-0.27336217,ITG_TEM
/pscratch/sd/j/joeschm/MGKDB_projects/KBM_classifier_IFS_data/global_cfs_cdirs_m2116_hatch_pscans_scanfiles0027/scanfiles0027,0.85923642,0.76097216,0.032114146,0.090169606,0.985,0.40000001,0.489,-3.56,ETG
/pscratch/sd/j/joeschm/MGKDB_projects/KBM_classifier_IFS_data/global_cfs_cdirs_m2116_hatch_pscans_scanfiles0027/scanfiles0027,0.85923642,0.76097216,0.032114146,0.090169606,0.995,0.40000001,1.916,-8.915,ETG
/pscratch/sd/j/joeschm/MGKDB_projects/KBM_classifier_IFS_data/global_cfs_cdirs_m2116_hatch_pscans_scanfiles0027/scanfiles0027,0.85923642,0.76097216,0.032114146,0.090169606,0.935,0.60000002,0.225,0.199,ITG_TEM
/pscratch/sd/j/joeschm/MGKDB_projects/KBM_classifier_IFS_data/global_cfs_cdirs_m2116_hatch_pscans_scanfiles0027/scanfiles0027,0.85923642,0.76097216,0.032114146,0.090169606,0.945,0.60000002,0.695,-0.99,ITG_TEM
/pscratch/sd/j/joeschm/MGKDB_projects/KBM_classifier_IFS_data/global_cfs_cdirs_m2116_hatch_pscans_scanfiles0027/scanfiles0027,0.85923642,0.76097216,0.032114146,0.090169606,0.955,0.60000002,1.061,-1.564,ITG_TEM
/pscratch/sd/j/joeschm/MGKDB_projects/KBM_classifier_IFS_data/global_cfs_cdirs_m2116_hatch_pscans_scanfiles0027/scanfiles0027,0.85923642,0.76097216,0.032114146,0.090169606,0.965,0.60000002,0.85594001,-0.72731054,ITG_TEM
/pscratch/sd/j/joeschm/MGKDB_projects/KBM_classifier_IFS_data/global_cfs_cdirs_m2116_hatch_pscans_scanfiles0027/scanfiles0027,0.85923642,0.76097216,0.032114146,0.090169606,0.975,0.60000002,0.22455844,-3.4151102,ETG
/pscratch/sd/j/joeschm/MGKDB_projects/KBM_classifier_IFS_data/global_cfs_cdirs_m2116_hatch_pscans_scanfiles0027/scanfiles0027,0.85923642,0.76097216,0.032114146,0.090169606,0.985,0.60000002,1.369,-4.057,ETG
/pscratch/sd/j/joeschm/MGKDB_projects/KBM_classifier_IFS_data/global_cfs_cdirs_m2116_hatch_pscans_scanfiles0027/scanfiles0027,0.85923642,0.76097216,0.032114146,0.090169606,0.995,0.60000002,2.786,-11.84,ETG
/pscratch/sd/j/joeschm/MGKDB_projects/KBM_classifier_IFS_data/global_cfs_cdirs_m2116_hatch_pscans_scanfiles0027/scanfiles0027,0.85923642,0.76097216,0.032114146,0.090169606,0.935,0.80000001,0.236,0.311,ITG_TEM
/pscratch/sd/j/joeschm/MGKDB_projects/KBM_classifier_IFS_data/global_cfs_cdirs_m2116_hatch_pscans_scanfiles0027/scanfiles0027,0.85923642,0.76097216,0.032114146,0.090169606,0.945,0.80000001,0.874,-0.945,ITG_TEM
/pscratch/sd/j/joeschm/MGKDB_projects/KBM_classifier_IFS_data/global_cfs_cdirs_m2116_hatch_pscans_scanfiles0027/scanfiles0027,0.85923642,0.76097216,0.032114146,0.090169606,0.955,0.80000001,1.288,-1.383,ITG_TEM
/pscratch/sd/j/joeschm/MGKDB_projects/KBM_classifier_IFS_data/global_cfs_cdirs_m2116_hatch_pscans_scanfiles0027/scanfiles0027,0.85923642,0.76097216,0.032114146,0.090169606,0.965,0.80000001,0.73222194,-0.43649192,ITG_TEM
/pscratch/sd/j/joeschm/MGKDB_projects/KBM_classifier_IFS_data/global_cfs_cdirs_m2116_hatch_pscans_scanfiles0027/scanfiles0027,0.85923642,0.76097216,0.032114146,0.090169606,0.975,0.80000001,0.862,-4.047,ETG
/pscratch/sd/j/joeschm/MGKDB_projects/KBM_classifier_IFS_data/global_cfs_cdirs_m2116_hatch_pscans_scanfiles0027/scanfiles0027,0.85923642,0.76097216,0.032114146,0.090169606,0.985,0.80000001,2.297,-4.683,ETG
/pscratch/sd/j/joeschm/MGKDB_projects/KBM_classifier_IFS_data/global_cfs_cdirs_m2116_hatch_pscans_scanfiles0027/scanfiles0027,0.85923642,0.76097216,0.032114146,0.090169606,0.995,0.80000001,2.706,-14.853,ETG
/pscratch/sd/j/joeschm/MGKDB_projects/KBM_classifier_IFS_data/global_cfs_cdirs_m2116_hatch_pscans_scanfiles0027/scanfiles0027,0.85923642,0.76097216,0.032114146,0.090169606,0.935,1,0.18413676,0.42111121,ITG_TEM
/pscratch/sd/j/joeschm/MGKDB_projects/KBM_classifier_IFS_data/global_cfs_cdirs_m2116_hatch_pscans_scanfiles0027/scanfiles0027,0.85923642,0.76097216,0.032114146,0.090169606,0.945,1,0.989,-0.891,ITG_TEM
/pscratch/sd/j/joeschm/MGKDB_projects/KBM_classifier_IFS_data/global_cfs_cdirs_m2116_hatch_pscans_scanfiles0027/scanfiles0027,0.85923642,0.76097216,0.032114146,0.090169606,0.955,1,1.43,-1.206,ITG_TEM
/pscratch/sd/j/joeschm/MGKDB_projects/KBM_classifier_IFS_data/global_cfs_cdirs_m2116_hatch_pscans_scanfiles0027/scanfiles0027,0.85923642,0.76097216,0.032114146,0.090169606,0.965,1,0.57866798,-0.28527832,ITG_TEM
/pscratch/sd/j/joeschm/MGKDB_projects/KBM_classifier_IFS_data/global_cfs_cdirs_m2116_hatch_pscans_scanfiles0027/scanfiles0027,0.85923642,0.76097216,0.032114146,0.090169606,0.975,1,1.462,-4.519,ETG
/pscratch/sd/j/joeschm/MGKDB_projects/KBM_classifier_IFS_data/global_cfs_cdirs_m2116_hatch_pscans_scanfiles0027/scanfiles0027,0.85923642,0.76097216,0.032114146,0.090169606,0.985,1,3.17,-5.509,ETG
/pscratch/sd/j/joeschm/MGKDB_projects/KBM_classifier_IFS_data/global_cfs_cdirs_m2116_hatch_pscans_scanfiles0027/scanfiles0027,0.85923642,0.76097216,0.032114146,0.090169606,0.995,1,1.7314337,-17.706911,ETG
/pscratch/sd/j/joeschm/MGKDB_projects/KBM_classifier_IFS_data/global_cfs_cdirs_m2116_hatch_pscans_scanfiles0027/scanfiles0027,0.85923642,0.76097216,0.032114146,0.090169606,0.935,1.1,0.13822082,-0.69963365,ETG
/pscratch/sd/j/joeschm/MGKDB_projects/KBM_classifier_IFS_data/global_cfs_cdirs_m2116_hatch_pscans_scanfiles0027/scanfiles0027,0.85923642,0.76097216,0.032114146,0.090169606,0.945,1.1,1.035,-0.867,ITG_TEM
/pscratch/sd/j/joeschm/MGKDB_projects/KBM_classifier_IFS_data/global_cfs_cdirs_m2116_hatch_pscans_scanfiles0027/scanfiles0027,0.85923642,0.76097216,0.032114146,0.090169606,0.955,1.1,1.482,-1.124,ITG_TEM
/pscratch/sd/j/joeschm/MGKDB_projects/KBM_classifier_IFS_data/global_cfs_cdirs_m2116_hatch_pscans_scanfiles0027/scanfiles0027,0.85923642,0.76097216,0.032114146,0.090169606,0.965,1.1,0.51219889,-0.23907546,ITG_TEM
/pscratch/sd/j/joeschm/MGKDB_projects/KBM_classifier_IFS_data/global_cfs_cdirs_m2116_hatch_pscans_scanfiles0027/scanfiles0027,0.85923642,0.76097216,0.032114146,0.090169606,0.975,1.1,1.751,-4.77,ETG
/pscratch/sd/j/joeschm/MGKDB_projects/KBM_classifier_IFS_data/global_cfs_cdirs_m2116_hatch_pscans_scanfiles0027/scanfiles0027,0.85923642,0.76097216,0.032114146,0.090169606,0.985,1.1,3.629,-6.014,ETG
/pscratch/sd/j/joeschm/MGKDB_projects/KBM_classifier_IFS_data/global_cfs_cdirs_m2116_hatch_pscans_scanfiles0027/scanfiles0027,0.85923642,0.76097216,0.032114146,0.090169606,0.995,1.1,1.0542268,-4.0718941,ETG
/pscratch/sd/j/joeschm/MGKDB_projects/KBM_classifier_IFS_data/global_cfs_cdirs_m2116_hatch_pscans_scanfiles0029/scanfiles0029,0.85923642,0.9202679,0.032114146,0.0296443,0.935,0.050000001,-1,-1,MTM
/pscratch/sd/j/joeschm/MGKDB_projects/KBM_classifier_IFS_data/global_cfs_cdirs_m2116_hatch_pscans_scanfiles0029/scanfiles0029,0.85923642,0.9202679,0.032114146,0.0296443,0.945,0.050000001,-1,-1,MTM
/pscratch/sd/j/joeschm/MGKDB_projects/KBM_classifier_IFS_data/global_cfs_cdirs_m2116_hatch_pscans_scanfiles0029/scanfiles0029,0.85923642,0.9202679,0.032114146,0.0296443,0.955,0.050000001,-1,-1,ITG_TEM
/pscratch/sd/j/joeschm/MGKDB_projects/KBM_classifier_IFS_data/global_cfs_cdirs_m2116_hatch_pscans_scanfiles0029/scanfiles0029,0.85923642,0.9202679,0.032114146,0.0296443,0.965,0.050000001,0.013958525,-6.4890869,ITG_TEM
/pscratch/sd/j/joeschm/MGKDB_projects/KBM_classifier_IFS_data/global_cfs_cdirs_m2116_hatch_pscans_scanfiles0029/scanfiles0029,0.85923642,0.9202679,0.032114146,0.0296443,0.975,0.050000001,1.2626001,-0.8209005,KBM
/pscratch/sd/j/joeschm/MGKDB_projects/KBM_classifier_IFS_data/global_cfs_cdirs_m2116_hatch_pscans_scanfiles0029/scanfiles0029,0.85923642,0.9202679,0.032114146,0.0296443,0.985,0.050000001,1.0980964,-0.7383924,KBM
/pscratch/sd/j/joeschm/MGKDB_projects/KBM_classifier_IFS_data/global_cfs_cdirs_m2116_hatch_pscans_scanfiles0029/scanfiles0029,0.85923642,0.9202679,0.032114146,0.0296443,0.995,0.050000001,2.0099777,-1.3630599,KBM
/pscratch/sd/j/joeschm/MGKDB_projects/KBM_classifier_IFS_data/global_cfs_cdirs_m2116_hatch_pscans_scanfiles0029/scanfiles0029,0.85923642,0.9202679,0.032114146,0.0296443,0.935,0.1,-1,-1,MTM
/pscratch/sd/j/joeschm/MGKDB_projects/KBM_classifier_IFS_data/global_cfs_cdirs_m2116_hatch_pscans_scanfiles0029/scanfiles0029,0.85923642,0.9202679,0.032114146,0.0296443,0.945,0.1,-1,-1,MTM
/pscratch/sd/j/joeschm/MGKDB_projects/KBM_classifier_IFS_data/global_cfs_cdirs_m2116_hatch_pscans_scanfiles0029/scanfiles0029,0.85923642,0.9202679,0.032114146,0.0296443,0.955,0.1,0.053935888,-1.8965243,MTM
/pscratch/sd/j/joeschm/MGKDB_projects/KBM_classifier_IFS_data/global_cfs_cdirs_m2116_hatch_pscans_scanfiles0029/scanfiles0029,0.85923642,0.9202679,0.032114146,0.0296443,0.965,0.1,0.1032179,-3.4762528,MTM
/pscratch/sd/j/joeschm/MGKDB_projects/KBM_classifier_IFS_data/global_cfs_cdirs_m2116_hatch_pscans_scanfiles0029/scanfiles0029,0.85923642,0.9202679,0.032114146,0.0296443,0.975,0.1,2.5653052,0.62401731,KBM
/pscratch/sd/j/joeschm/MGKDB_projects/KBM_classifier_IFS_data/global_cfs_cdirs_m2116_hatch_pscans_scanfiles0029/scanfiles0029,0.85923642,0.9202679,0.032114146,0.0296443,0.985,0.1,2.0543459,1.4093537,KBM
/pscratch/sd/j/joeschm/MGKDB_projects/KBM_classifier_IFS_data/global_cfs_cdirs_m2116_hatch_pscans_scanfiles0029/scanfiles0029,0.85923642,0.9202679,0.032114146,0.0296443,0.995,0.1,3.2264622,1.8617476,KBM
/pscratch/sd/j/joeschm/MGKDB_projects/KBM_classifier_IFS_data/global_cfs_cdirs_m2116_hatch_pscans_scanfiles0029/scanfiles0029,0.85923642,0.9202679,0.032114146,0.0296443,0.935,0.2,0.054039731,0.10368853,ITG_TEM
/pscratch/sd/j/joeschm/MGKDB_projects/KBM_classifier_IFS_data/global_cfs_cdirs_m2116_hatch_pscans_scanfiles0029/scanfiles0029,0.85923642,0.9202679,0.032114146,0.0296443,0.945,0.2,0.052577756,-0.70241813,ETG
/pscratch/sd/j/joeschm/MGKDB_projects/KBM_classifier_IFS_data/global_cfs_cdirs_m2116_hatch_pscans_scanfiles0029/scanfiles0029,0.85923642,0.9202679,0.032114146,0.0296443,0.955,0.2,0.12710233,-1.444438,KBM
/pscratch/sd/j/joeschm/MGKDB_projects/KBM_classifier_IFS_data/global_cfs_cdirs_m2116_hatch_pscans_scanfiles0029/scanfiles0029,0.85923642,0.9202679,0.032114146,0.0296443,0.965,0.2,0.29883753,-1.1681295,KBM
/pscratch/sd/j/joeschm/MGKDB_projects/KBM_classifier_IFS_data/global_cfs_cdirs_m2116_hatch_pscans_scanfiles0029/scanfiles0029,0.85923642,0.9202679,0.032114146,0.0296443,0.975,0.2,0.43928292,1.8176186,KBM
/pscratch/sd/j/joeschm/MGKDB_projects/KBM_classifier_IFS_data/global_cfs_cdirs_m2116_hatch_pscans_scanfiles0029/scanfiles0029,0.85923642,0.9202679,0.032114146,0.0296443,0.985,0.2,0.24658164,1.4050148,KBM
/pscratch/sd/j/joeschm/MGKDB_projects/KBM_classifier_IFS_data/global_cfs_cdirs_m2116_hatch_pscans_scanfiles0029/scanfiles0029,0.85923642,0.9202679,0.032114146,0.0296443,0.995,0.2,0.90221767,2.2833986,KBM
/pscratch/sd/j/joeschm/MGKDB_projects/KBM_classifier_IFS_data/global_cfs_cdirs_m2116_hatch_pscans_scanfiles0029/scanfiles0029,0.85923642,0.9202679,0.032114146,0.0296443,0.935,0.30000001,0.075234164,0.10279057,ITG_TEM
/pscratch/sd/j/joeschm/MGKDB_projects/KBM_classifier_IFS_data/global_cfs_cdirs_m2116_hatch_pscans_scanfiles0029/scanfiles0029,0.85923642,0.9202679,0.032114146,0.0296443,0.945,0.30000001,0.24264703,-0.89728055,ITG_TEM
/pscratch/sd/j/joeschm/MGKDB_projects/KBM_classifier_IFS_data/global_cfs_cdirs_m2116_hatch_pscans_scanfiles0029/scanfiles0029,0.85923642,0.9202679,0.032114146,0.0296443,0.955,0.30000001,0.44349623,-1.5187056,KBM
/pscratch/sd/j/joeschm/MGKDB_projects/KBM_classifier_IFS_data/global_cfs_cdirs_m2116_hatch_pscans_scanfiles0029/scanfiles0029,0.85923642,0.9202679,0.032114146,0.0296443,0.965,0.30000001,0.4745199,-0.88150158,KBM
/pscratch/sd/j/joeschm/MGKDB_projects/KBM_classifier_IFS_data/global_cfs_cdirs_m2116_hatch_pscans_scanfiles0029/scanfiles0029,0.85923642,0.9202679,0.032114146,0.0296443,0.975,0.30000001,0.029175728,-0.13954551,
/pscratch/sd/j/joeschm/MGKDB_projects/KBM_classifier_IFS_data/global_cfs_cdirs_m2116_hatch_pscans_scanfiles0029/scanfiles0029,0.85923642,0.9202679,0.032114146,0.0296443,0.985,0.30000001,-1,-1,ITG_TEM
/pscratch/sd/j/joeschm/MGKDB_projects/KBM_classifier_IFS_data/global_cfs_cdirs_m2116_hatch_pscans_scanfiles0029/scanfiles0029,0.85923642,0.9202679,0.032114146,0.0296443,0.995,0.30000001,0.2351554,2.2899071,KBM
/pscratch/sd/j/joeschm/MGKDB_projects/KBM_classifier_IFS_data/global_cfs_cdirs_m2116_hatch_pscans_scanfiles0029/scanfiles0029,0.85923642,0.9202679,0.032114146,0.0296443,0.935,0.40000001,0.099435944,0.11982998,ITG_TEM
/pscratch/sd/j/joeschm/MGKDB_projects/KBM_classifier_IFS_data/global_cfs_cdirs_m2116_hatch_pscans_scanfiles0029/scanfiles0029,0.85923642,0.9202679,0.032114146,0.0296443,0.945,0.40000001,0.42771514,-0.96884348,ITG_TEM
/pscratch/sd/j/joeschm/MGKDB_projects/KBM_classifier_IFS_data/global_cfs_cdirs_m2116_hatch_pscans_scanfiles0029/scanfiles0029,0.85923642,0.9202679,0.032114146,0.0296443,0.955,0.40000001,0.66360391,-1.4408429,KBM
/pscratch/sd/j/joeschm/MGKDB_projects/KBM_classifier_IFS_data/global_cfs_cdirs_m2116_hatch_pscans_scanfiles0029/scanfiles0029,0.85923642,0.9202679,0.032114146,0.0296443,0.965,0.40000001,0.47355242,-0.67268876,KBM
/pscratch/sd/j/joeschm/MGKDB_projects/KBM_classifier_IFS_data/global_cfs_cdirs_m2116_hatch_pscans_scanfiles0029/scanfiles0029,0.85923642,0.9202679,0.032114146,0.0296443,0.975,0.40000001,0.014388204,-0.17216976,ITG_TEM
/pscratch/sd/j/joeschm/MGKDB_projects/KBM_classifier_IFS_data/global_cfs_cdirs_m2116_hatch_pscans_scanfiles0029/scanfiles0029,0.85923642,0.9202679,0.032114146,0.0296443,0.985,0.40000001,0.034071428,-0.22608508,
/pscratch/sd/j/joeschm/MGKDB_projects/KBM_classifier_IFS_data/global_cfs_cdirs_m2116_hatch_pscans_scanfiles0029/scanfiles0029,0.85923642,0.9202679,0.032114146,0.0296443,0.995,0.40000001,0.14122209,-0.080927203,
/pscratch/sd/j/joeschm/MGKDB_projects/KBM_classifier_IFS_data/global_cfs_cdirs_m2116_hatch_pscans_scanfiles0029/scanfiles0029,0.85923642,0.9202679,0.032114146,0.0296443,0.935,0.60000002,0.14644637,0.17496894,ITG_TEM
/pscratch/sd/j/joeschm/MGKDB_projects/KBM_classifier_IFS_data/global_cfs_cdirs_m2116_hatch_pscans_scanfiles0029/scanfiles0029,0.85923642,0.9202679,0.032114146,0.0296443,0.945,0.60000002,0.673,-0.939,ITG_TEM
/pscratch/sd/j/joeschm/MGKDB_projects/KBM_classifier_IFS_data/global_cfs_cdirs_m2116_hatch_pscans_scanfiles0029/scanfiles0029,0.85923642,0.9202679,0.032114146,0.0296443,0.955,0.60000002,0.90363491,-1.2105713,ITG_TEM
/pscratch/sd/j/joeschm/MGKDB_projects/KBM_classifier_IFS_data/global_cfs_cdirs_m2116_hatch_pscans_scanfiles0029/scanfiles0029,0.85923642,0.9202679,0.032114146,0.0296443,0.965,0.60000002,0.35345989,-0.50179624,ITG_TEM
/pscratch/sd/j/joeschm/MGKDB_projects/KBM_classifier_IFS_data/global_cfs_cdirs_m2116_hatch_pscans_scanfiles0029/scanfiles0029,0.85923642,0.9202679,0.032114146,0.0296443,0.975,0.60000002,0.091110716,-2.3872854,ITG_TEM
/pscratch/sd/j/joeschm/MGKDB_projects/KBM_classifier_IFS_data/global_cfs_cdirs_m2116_hatch_pscans_scanfiles0029/scanfiles0029,0.85923642,0.9202679,0.032114146,0.0296443,0.985,0.60000002,0.1047614,-1.1569282,
/pscratch/sd/j/joeschm/MGKDB_projects/KBM_classifier_IFS_data/global_cfs_cdirs_m2116_hatch_pscans_scanfiles0029/scanfiles0029,0.85923642,0.9202679,0.032114146,0.0296443,0.995,0.60000002,0.4239785,-8.5086749,ETG
/pscratch/sd/j/joeschm/MGKDB_projects/KBM_classifier_IFS_data/global_cfs_cdirs_m2116_hatch_pscans_scanfiles0029/scanfiles0029,0.85923642,0.9202679,0.032114146,0.0296443,0.935,0.80000001,0.15995833,0.25651132,ITG_TEM
/pscratch/sd/j/joeschm/MGKDB_projects/KBM_classifier_IFS_data/global_cfs_cdirs_m2116_hatch_pscans_scanfiles0029/scanfiles0029,0.85923642,0.9202679,0.032114146,0.0296443,0.945,0.80000001,0.805,-0.854,ITG_TEM
/pscratch/sd/j/joeschm/MGKDB_projects/KBM_classifier_IFS_data/global_cfs_cdirs_m2116_hatch_pscans_scanfiles0029/scanfiles0029,0.85923642,0.9202679,0.032114146,0.0296443,0.955,0.80000001,1.004,-0.983,ITG_TEM
/pscratch/sd/j/joeschm/MGKDB_projects/KBM_classifier_IFS_data/global_cfs_cdirs_m2116_hatch_pscans_scanfiles0029/scanfiles0029,0.85923642,0.9202679,0.032114146,0.0296443,0.965,0.80000001,0.28828919,-0.510788,ITG_TEM
/pscratch/sd/j/joeschm/MGKDB_projects/KBM_classifier_IFS_data/global_cfs_cdirs_m2116_hatch_pscans_scanfiles0029/scanfiles0029,0.85923642,0.9202679,0.032114146,0.0296443,0.975,0.80000001,0.09835979,-1.779217,
/pscratch/sd/j/joeschm/MGKDB_projects/KBM_classifier_IFS_data/global_cfs_cdirs_m2116_hatch_pscans_scanfiles0029/scanfiles0029,0.85923642,0.9202679,0.032114146,0.0296443,0.985,0.80000001,0.076851934,-0.21280297,
/pscratch/sd/j/joeschm/MGKDB_projects/KBM_classifier_IFS_data/global_cfs_cdirs_m2116_hatch_pscans_scanfiles0029/scanfiles0029,0.85923642,0.9202679,0.032114146,0.0296443,0.995,0.80000001,0.48188896,-10.779659,ETG
/pscratch/sd/j/joeschm/MGKDB_projects/KBM_classifier_IFS_data/global_cfs_cdirs_m2116_hatch_pscans_scanfiles0029/scanfiles0029,0.85923642,0.9202679,0.032114146,0.0296443,0.935,1,0.10320402,-0.0037324012,ITG_TEM
/pscratch/sd/j/joeschm/MGKDB_projects/KBM_classifier_IFS_data/global_cfs_cdirs_m2116_hatch_pscans_scanfiles0029/scanfiles0029,0.85923642,0.9202679,0.032114146,0.0296443,0.945,1,0.882,-0.773,ITG_TEM
/pscratch/sd/j/joeschm/MGKDB_projects/KBM_classifier_IFS_data/global_cfs_cdirs_m2116_hatch_pscans_scanfiles0029/scanfiles0029,0.85923642,0.9202679,0.032114146,0.0296443,0.955,1,1.029,-0.783,ITG_TEM
/pscratch/sd/j/joeschm/MGKDB_projects/KBM_classifier_IFS_data/global_cfs_cdirs_m2116_hatch_pscans_scanfiles0029/scanfiles0029,0.85923642,0.9202679,0.032114146,0.0296443,0.965,1,0.31502512,-0.52073411,ITG_TEM
/pscratch/sd/j/joeschm/MGKDB_projects/KBM_classifier_IFS_data/global_cfs_cdirs_m2116_hatch_pscans_scanfiles0029/scanfiles0029,0.85923642,0.9202679,0.032114146,0.0296443,0.975,1,0.089199882,-0.23821855,
/pscratch/sd/j/joeschm/MGKDB_projects/KBM_classifier_IFS_data/global_cfs_cdirs_m2116_hatch_pscans_scanfiles0029/scanfiles0029,0.85923642,0.9202679,0.032114146,0.0296443,0.985,1,0.057,-0.14,
/pscratch/sd/j/joeschm/MGKDB_projects/KBM_classifier_IFS_data/global_cfs_cdirs_m2116_hatch_pscans_scanfiles0029/scanfiles0029,0.85923642,0.9202679,0.032114146,0.0296443,0.995,1,-1,-1,
/pscratch/sd/j/joeschm/MGKDB_projects/KBM_classifier_IFS_data/global_cfs_cdirs_m2116_hatch_pscans_scanfiles0029/scanfiles0029,0.85923642,0.9202679,0.032114146,0.0296443,0.935,1.1,0.1,-0.7,ITG_TEM
/pscratch/sd/j/joeschm/MGKDB_projects/KBM_classifier_IFS_data/global_cfs_cdirs_m2116_hatch_pscans_scanfiles0029/scanfiles0029,0.85923642,0.9202679,0.032114146,0.0296443,0.945,1.1,0.909,-0.738,ITG_TEM
/pscratch/sd/j/joeschm/MGKDB_projects/KBM_classifier_IFS_data/global_cfs_cdirs_m2116_hatch_pscans_scanfiles0029/scanfiles0029,0.85923642,0.9202679,0.032114146,0.0296443,0.955,1.1,1.027,-0.696,ITG_TEM
/pscratch/sd/j/joeschm/MGKDB_projects/KBM_classifier_IFS_data/global_cfs_cdirs_m2116_hatch_pscans_scanfiles0029/scanfiles0029,0.85923642,0.9202679,0.032114146,0.0296443,0.965,1.1,0.33114855,-0.50589759,ITG_TEM
/pscratch/sd/j/joeschm/MGKDB_projects/KBM_classifier_IFS_data/global_cfs_cdirs_m2116_hatch_pscans_scanfiles0029/scanfiles0029,0.85923642,0.9202679,0.032114146,0.0296443,0.975,1.1,0.092790441,-0.23427179,
/pscratch/sd/j/joeschm/MGKDB_projects/KBM_classifier_IFS_data/global_cfs_cdirs_m2116_hatch_pscans_scanfiles0029/scanfiles0029,0.85923642,0.9202679,0.032114146,0.0296443,0.985,1.1,-1,-1,
/pscratch/sd/j/joeschm/MGKDB_projects/KBM_classifier_IFS_data/global_cfs_cdirs_m2116_hatch_pscans_scanfiles0029/scanfiles0029,0.85923642,0.9202679,0.032114146,0.0296443,0.995,1.1,-1,-1,
/pscratch/sd/j/joeschm/MGKDB_projects/KBM_classifier_IFS_data/global_cfs_cdirs_m2116_hatch_pscans_scanfiles0030/scanfiles0030,0.95307525,0.84061128,0.010709853,0.060006285,0.935,0.050000001,-1,-1,MTM
/pscratch/sd/j/joeschm/MGKDB_projects/KBM_classifier_IFS_data/global_cfs_cdirs_m2116_hatch_pscans_scanfiles0030/scanfiles0030,0.95307525,0.84061128,0.010709853,0.060006285,0.945,0.050000001,-1,-1,MTM
/pscratch/sd/j/joeschm/MGKDB_projects/KBM_classifier_IFS_data/global_cfs_cdirs_m2116_hatch_pscans_scanfiles0030/scanfiles0030,0.95307525,0.84061128,0.010709853,0.060006285,0.955,0.050000001,-1,-1,MTM
/pscratch/sd/j/joeschm/MGKDB_projects/KBM_classifier_IFS_data/global_cfs_cdirs_m2116_hatch_pscans_scanfiles0030/scanfiles0030,0.95307525,0.84061128,0.010709853,0.060006285,0.965,0.050000001,-1,-1,MTM
/pscratch/sd/j/joeschm/MGKDB_projects/KBM_classifier_IFS_data/global_cfs_cdirs_m2116_hatch_pscans_scanfiles0030/scanfiles0030,0.95307525,0.84061128,0.010709853,0.060006285,0.975,0.050000001,0.76746345,-0.55594823,KBM
/pscratch/sd/j/joeschm/MGKDB_projects/KBM_classifier_IFS_data/global_cfs_cdirs_m2116_hatch_pscans_scanfiles0030/scanfiles0030,0.95307525,0.84061128,0.010709853,0.060006285,0.985,0.050000001,0.66639848,-0.43496802,KBM
/pscratch/sd/j/joeschm/MGKDB_projects/KBM_classifier_IFS_data/global_cfs_cdirs_m2116_hatch_pscans_scanfiles0030/scanfiles0030,0.95307525,0.84061128,0.010709853,0.060006285,0.995,0.050000001,1.521839,-1.5385773,KBM
/pscratch/sd/j/joeschm/MGKDB_projects/KBM_classifier_IFS_data/global_cfs_cdirs_m2116_hatch_pscans_scanfiles0030/scanfiles0030,0.95307525,0.84061128,0.010709853,0.060006285,0.935,0.1,0.03,0.09,ITG_TEM
/pscratch/sd/j/joeschm/MGKDB_projects/KBM_classifier_IFS_data/global_cfs_cdirs_m2116_hatch_pscans_scanfiles0030/scanfiles0030,0.95307525,0.84061128,0.010709853,0.060006285,0.945,0.1,-1,-1,MTM
/pscratch/sd/j/joeschm/MGKDB_projects/KBM_classifier_IFS_data/global_cfs_cdirs_m2116_hatch_pscans_scanfiles0030/scanfiles0030,0.95307525,0.84061128,0.010709853,0.060006285,0.955,0.1,0.053730506,-1.8605634,MTM
/pscratch/sd/j/joeschm/MGKDB_projects/KBM_classifier_IFS_data/global_cfs_cdirs_m2116_hatch_pscans_scanfiles0030/scanfiles0030,0.95307525,0.84061128,0.010709853,0.060006285,0.965,0.1,0.13689304,-3.4056737,MTM
/pscratch/sd/j/joeschm/MGKDB_projects/KBM_classifier_IFS_data/global_cfs_cdirs_m2116_hatch_pscans_scanfiles0030/scanfiles0030,0.95307525,0.84061128,0.010709853,0.060006285,0.975,0.1,1.8584069,0.16323308,KBM
/pscratch/sd/j/joeschm/MGKDB_projects/KBM_classifier_IFS_data/global_cfs_cdirs_m2116_hatch_pscans_scanfiles0030/scanfiles0030,0.95307525,0.84061128,0.010709853,0.060006285,0.985,0.1,1.7265643,0.64734882,KBM
/pscratch/sd/j/joeschm/MGKDB_projects/KBM_classifier_IFS_data/global_cfs_cdirs_m2116_hatch_pscans_scanfiles0030/scanfiles0030,0.95307525,0.84061128,0.010709853,0.060006285,0.995,0.1,3.2749966,0.99786807,KBM
/pscratch/sd/j/joeschm/MGKDB_projects/KBM_classifier_IFS_data/global_cfs_cdirs_m2116_hatch_pscans_scanfiles0030/scanfiles0030,0.95307525,0.84061128,0.010709853,0.060006285,0.935,0.2,0.079578352,0.056665909,ITG_TEM
/pscratch/sd/j/joeschm/MGKDB_projects/KBM_classifier_IFS_data/global_cfs_cdirs_m2116_hatch_pscans_scanfiles0030/scanfiles0030,0.95307525,0.84061128,0.010709853,0.060006285,0.945,0.2,0.083945217,-0.60761097,
/pscratch/sd/j/joeschm/MGKDB_projects/KBM_classifier_IFS_data/global_cfs_cdirs_m2116_hatch_pscans_scanfiles0030/scanfiles0030,0.95307525,0.84061128,0.010709853,0.060006285,0.955,0.2,0.10678382,-1.2870869,ITG_TEM
/pscratch/sd/j/joeschm/MGKDB_projects/KBM_classifier_IFS_data/global_cfs_cdirs_m2116_hatch_pscans_scanfiles0030/scanfiles0030,0.95307525,0.84061128,0.010709853,0.060006285,0.965,0.2,0.2088512,-1.316122,KBM
/pscratch/sd/j/joeschm/MGKDB_projects/KBM_classifier_IFS_data/global_cfs_cdirs_m2116_hatch_pscans_scanfiles0030/scanfiles0030,0.95307525,0.84061128,0.010709853,0.060006285,0.975,0.2,0.51716381,1.4312644,KBM
/pscratch/sd/j/joeschm/MGKDB_projects/KBM_classifier_IFS_data/global_cfs_cdirs_m2116_hatch_pscans_scanfiles0030/scanfiles0030,0.95307525,0.84061128,0.010709853,0.060006285,0.985,0.2,0.32256369,1.268927,KBM
/pscratch/sd/j/joeschm/MGKDB_projects/KBM_classifier_IFS_data/global_cfs_cdirs_m2116_hatch_pscans_scanfiles0030/scanfiles0030,0.95307525,0.84061128,0.010709853,0.060006285,0.995,0.2,1.066921,2.2621793,KBM
/pscratch/sd/j/joeschm/MGKDB_projects/KBM_classifier_IFS_data/global_cfs_cdirs_m2116_hatch_pscans_scanfiles0030/scanfiles0030,0.95307525,0.84061128,0.010709853,0.060006285,0.935,0.30000001,0.13376895,0.052687473,ITG_TEM
/pscratch/sd/j/joeschm/MGKDB_projects/KBM_classifier_IFS_data/global_cfs_cdirs_m2116_hatch_pscans_scanfiles0030/scanfiles0030,0.95307525,0.84061128,0.010709853,0.060006285,0.945,0.30000001,0.27091896,-0.79512543,KBM
/pscratch/sd/j/joeschm/MGKDB_projects/KBM_classifier_IFS_data/global_cfs_cdirs_m2116_hatch_pscans_scanfiles0030/scanfiles0030,0.95307525,0.84061128,0.010709853,0.060006285,0.955,0.30000001,0.45548058,-1.4432061,KBM
/pscratch/sd/j/joeschm/MGKDB_projects/KBM_classifier_IFS_data/global_cfs_cdirs_m2116_hatch_pscans_scanfiles0030/scanfiles0030,0.95307525,0.84061128,0.010709853,0.060006285,0.965,0.30000001,0.52487606,-1.0252578,KBM
/pscratch/sd/j/joeschm/MGKDB_projects/KBM_classifier_IFS_data/global_cfs_cdirs_m2116_hatch_pscans_scanfiles0030/scanfiles0030,0.95307525,0.84061128,0.010709853,0.060006285,0.975,0.30000001,0.061790409,1.1792196,
/pscratch/sd/j/joeschm/MGKDB_projects/KBM_classifier_IFS_data/global_cfs_cdirs_m2116_hatch_pscans_scanfiles0030/scanfiles0030,0.95307525,0.84061128,0.010709853,0.060006285,0.985,0.30000001,0.09674548,-2.6350778,ETG
/pscratch/sd/j/joeschm/MGKDB_projects/KBM_classifier_IFS_data/global_cfs_cdirs_m2116_hatch_pscans_scanfiles0030/scanfiles0030,0.95307525,0.84061128,0.010709853,0.060006285,0.995,0.30000001,1.652235,-7.1582006,ETG
/pscratch/sd/j/joeschm/MGKDB_projects/KBM_classifier_IFS_data/global_cfs_cdirs_m2116_hatch_pscans_scanfiles0030/scanfiles0030,0.95307525,0.84061128,0.010709853,0.060006285,0.935,0.40000001,0.19361852,0.060438537,ITG_TEM
/pscratch/sd/j/joeschm/MGKDB_projects/KBM_classifier_IFS_data/global_cfs_cdirs_m2116_hatch_pscans_scanfiles0030/scanfiles0030,0.95307525,0.84061128,0.010709853,0.060006285,0.945,0.40000001,0.45661153,-0.87211033,ITG_TEM
/pscratch/sd/j/joeschm/MGKDB_projects/KBM_classifier_IFS_data/global_cfs_cdirs_m2116_hatch_pscans_scanfiles0030/scanfiles0030,0.95307525,0.84061128,0.010709853,0.060006285,0.955,0.40000001,0.71216462,-1.4086018,KBM
/pscratch/sd/j/joeschm/MGKDB_projects/KBM_classifier_IFS_data/global_cfs_cdirs_m2116_hatch_pscans_scanfiles0030/scanfiles0030,0.95307525,0.84061128,0.010709853,0.060006285,0.965,0.40000001,0.63745662,-0.777613,KBM
/pscratch/sd/j/joeschm/MGKDB_projects/KBM_classifier_IFS_data/global_cfs_cdirs_m2116_hatch_pscans_scanfiles0030/scanfiles0030,0.95307525,0.84061128,0.010709853,0.060006285,0.975,0.40000001,0.10172154,-0.22675041,ITG_TEM
/pscratch/sd/j/joeschm/MGKDB_projects/KBM_classifier_IFS_data/global_cfs_cdirs_m2116_hatch_pscans_scanfiles0030/scanfiles0030,0.95307525,0.84061128,0.010709853,0.060006285,0.985,0.40000001,0.57719913,-6.6119041,ETG
/pscratch/sd/j/joeschm/MGKDB_projects/KBM_classifier_IFS_data/global_cfs_cdirs_m2116_hatch_pscans_scanfiles0030/scanfiles0030,0.95307525,0.84061128,0.010709853,0.060006285,0.995,0.40000001,2.522,-8.461,ETG
/pscratch/sd/j/joeschm/MGKDB_projects/KBM_classifier_IFS_data/global_cfs_cdirs_m2116_hatch_pscans_scanfiles0030/scanfiles0030,0.95307525,0.84061128,0.010709853,0.060006285,0.935,0.60000002,0.30395225,0.13149056,ITG_TEM
/pscratch/sd/j/joeschm/MGKDB_projects/KBM_classifier_IFS_data/global_cfs_cdirs_m2116_hatch_pscans_scanfiles0030/scanfiles0030,0.95307525,0.84061128,0.010709853,0.060006285,0.945,0.60000002,0.72,-0.863,ITG_TEM
/pscratch/sd/j/joeschm/MGKDB_projects/KBM_classifier_IFS_data/global_cfs_cdirs_m2116_hatch_pscans_scanfiles0030/scanfiles0030,0.95307525,0.84061128,0.010709853,0.060006285,0.955,0.60000002,1.0249002,-1.2295255,KBM
/pscratch/sd/j/joeschm/MGKDB_projects/KBM_classifier_IFS_data/global_cfs_cdirs_m2116_hatch_pscans_scanfiles0030/scanfiles0030,0.95307525,0.84061128,0.010709853,0.060006285,0.965,0.60000002,0.63320131,-0.44182755,ITG_TEM
/pscratch/sd/j/joeschm/MGKDB_projects/KBM_classifier_IFS_data/global_cfs_cdirs_m2116_hatch_pscans_scanfiles0030/scanfiles0030,0.95307525,0.84061128,0.010709853,0.060006285,0.975,0.60000002,0.237,-2.623,ETG
/pscratch/sd/j/joeschm/MGKDB_projects/KBM_classifier_IFS_data/global_cfs_cdirs_m2116_hatch_pscans_scanfiles0030/scanfiles0030,0.95307525,0.84061128,0.010709853,0.060006285,0.985,0.60000002,1.3258328,-3.3102959,ETG
/pscratch/sd/j/joeschm/MGKDB_projects/KBM_classifier_IFS_data/global_cfs_cdirs_m2116_hatch_pscans_scanfiles0030/scanfiles0030,0.95307525,0.84061128,0.010709853,0.060006285,0.995,0.60000002,3.64,-11.385,ETG
/pscratch/sd/j/joeschm/MGKDB_projects/KBM_classifier_IFS_data/global_cfs_cdirs_m2116_hatch_pscans_scanfiles0030/scanfiles0030,0.95307525,0.84061128,0.010709853,0.060006285,0.935,0.80000001,0.351,0.255,ITG_TEM
/pscratch/sd/j/joeschm/MGKDB_projects/KBM_classifier_IFS_data/global_cfs_cdirs_m2116_hatch_pscans_scanfiles0030/scanfiles0030,0.95307525,0.84061128,0.010709853,0.060006285,0.945,0.80000001,0.868,-0.794,ITG_TEM
/pscratch/sd/j/joeschm/MGKDB_projects/KBM_classifier_IFS_data/global_cfs_cdirs_m2116_hatch_pscans_scanfiles0030/scanfiles0030,0.95307525,0.84061128,0.010709853,0.060006285,0.955,0.80000001,1.202,-1.042,ITG_TEM
/pscratch/sd/j/joeschm/MGKDB_projects/KBM_classifier_IFS_data/global_cfs_cdirs_m2116_hatch_pscans_scanfiles0030/scanfiles0030,0.95307525,0.84061128,0.010709853,0.060006285,0.965,0.80000001,0.51715255,-0.25629749,ITG_TEM
/pscratch/sd/j/joeschm/MGKDB_projects/KBM_classifier_IFS_data/global_cfs_cdirs_m2116_hatch_pscans_scanfiles0030/scanfiles0030,0.95307525,0.84061128,0.010709853,0.060006285,0.975,0.80000001,0.875,-3.135,ETG
/pscratch/sd/j/joeschm/MGKDB_projects/KBM_classifier_IFS_data/global_cfs_cdirs_m2116_hatch_pscans_scanfiles0030/scanfiles0030,0.95307525,0.84061128,0.010709853,0.060006285,0.985,0.80000001,2.26,-3.662,ETG
/pscratch/sd/j/joeschm/MGKDB_projects/KBM_classifier_IFS_data/global_cfs_cdirs_m2116_hatch_pscans_scanfiles0030/scanfiles0030,0.95307525,0.84061128,0.010709853,0.060006285,0.995,0.80000001,3.747,-14.575,ETG
/pscratch/sd/j/joeschm/MGKDB_projects/KBM_classifier_IFS_data/global_cfs_cdirs_m2116_hatch_pscans_scanfiles0030/scanfiles0030,0.95307525,0.84061128,0.010709853,0.060006285,0.935,1,0.331,0.379,ITG_TEM
/pscratch/sd/j/joeschm/MGKDB_projects/KBM_classifier_IFS_data/global_cfs_cdirs_m2116_hatch_pscans_scanfiles0030/scanfiles0030,0.95307525,0.84061128,0.010709853,0.060006285,0.945,1,0.956,-0.724,ITG_TEM
/pscratch/sd/j/joeschm/MGKDB_projects/KBM_classifier_IFS_data/global_cfs_cdirs_m2116_hatch_pscans_scanfiles0030/scanfiles0030,0.95307525,0.84061128,0.010709853,0.060006285,0.955,1,1.305,-0.873,ITG_TEM
/pscratch/sd/j/joeschm/MGKDB_projects/KBM_classifier_IFS_data/global_cfs_cdirs_m2116_hatch_pscans_scanfiles0030/scanfiles0030,0.95307525,0.84061128,0.010709853,0.060006285,0.965,1,0.38685738,-0.18012631,ITG_TEM
/pscratch/sd/j/joeschm/MGKDB_projects/KBM_classifier_IFS_data/global_cfs_cdirs_m2116_hatch_pscans_scanfiles0030/scanfiles0030,0.95307525,0.84061128,0.010709853,0.060006285,0.975,1,1.484,-3.429,ETG
/pscratch/sd/j/joeschm/MGKDB_projects/KBM_classifier_IFS_data/global_cfs_cdirs_m2116_hatch_pscans_scanfiles0030/scanfiles0030,0.95307525,0.84061128,0.010709853,0.060006285,0.985,1,3.212,-4.239,ETG
/pscratch/sd/j/joeschm/MGKDB_projects/KBM_classifier_IFS_data/global_cfs_cdirs_m2116_hatch_pscans_scanfiles0030/scanfiles0030,0.95307525,0.84061128,0.010709853,0.060006285,0.995,1,2.832142,-17.614464,ETG
/pscratch/sd/j/joeschm/MGKDB_projects/KBM_classifier_IFS_data/global_cfs_cdirs_m2116_hatch_pscans_scanfiles0030/scanfiles0030,0.95307525,0.84061128,0.010709853,0.060006285,0.935,1.1,0.303,0.432,ITG_TEM
/pscratch/sd/j/joeschm/MGKDB_projects/KBM_classifier_IFS_data/global_cfs_cdirs_m2116_hatch_pscans_scanfiles0030/scanfiles0030,0.95307525,0.84061128,0.010709853,0.060006285,0.945,1.1,0.988,-0.694,ITG_TEM
/pscratch/sd/j/joeschm/MGKDB_projects/KBM_classifier_IFS_data/global_cfs_cdirs_m2116_hatch_pscans_scanfiles0030/scanfiles0030,0.95307525,0.84061128,0.010709853,0.060006285,0.955,1.1,1.341,-0.798,ITG_TEM
/pscratch/sd/j/joeschm/MGKDB_projects/KBM_classifier_IFS_data/global_cfs_cdirs_m2116_hatch_pscans_scanfiles0030/scanfiles0030,0.95307525,0.84061128,0.010709853,0.060006285,0.965,1.1,0.33274777,-0.16392927,ITG_TEM
/pscratch/sd/j/joeschm/MGKDB_projects/KBM_classifier_IFS_data/global_cfs_cdirs_m2116_hatch_pscans_scanfiles0030/scanfiles0030,0.95307525,0.84061128,0.010709853,0.060006285,0.975,1.1,1.77,-3.56,ETG
/pscratch/sd/j/joeschm/MGKDB_projects/KBM_classifier_IFS_data/global_cfs_cdirs_m2116_hatch_pscans_scanfiles0030/scanfiles0030,0.95307525,0.84061128,0.010709853,0.060006285,0.985,1.1,3.746,-4.627,ETG
/pscratch/sd/j/joeschm/MGKDB_projects/KBM_classifier_IFS_data/global_cfs_cdirs_m2116_hatch_pscans_scanfiles0031/scanfiles0031,0.95307525,0.9202679,0.010709853,0.0296443,0.935,0.050000001,-1,-1,MTM
/pscratch/sd/j/joeschm/MGKDB_projects/KBM_classifier_IFS_data/global_cfs_cdirs_m2116_hatch_pscans_scanfiles0031/scanfiles0031,0.95307525,0.9202679,0.010709853,0.0296443,0.945,0.050000001,-1,-1,MTM
/pscratch/sd/j/joeschm/MGKDB_projects/KBM_classifier_IFS_data/global_cfs_cdirs_m2116_hatch_pscans_scanfiles0031/scanfiles0031,0.95307525,0.9202679,0.010709853,0.0296443,0.955,0.050000001,-1,-1,ITG_TEM
/pscratch/sd/j/joeschm/MGKDB_projects/KBM_classifier_IFS_data/global_cfs_cdirs_m2116_hatch_pscans_scanfiles0031/scanfiles0031,0.95307525,0.9202679,0.010709853,0.0296443,0.965,0.050000001,-1,-1,MTM
/pscratch/sd/j/joeschm/MGKDB_projects/KBM_classifier_IFS_data/global_cfs_cdirs_m2116_hatch_pscans_scanfiles0031/scanfiles0031,0.95307525,0.9202679,0.010709853,0.0296443,0.975,0.050000001,0.84749521,-0.65081962,KBM
/pscratch/sd/j/joeschm/MGKDB_projects/KBM_classifier_IFS_data/global_cfs_cdirs_m2116_hatch_pscans_scanfiles0031/scanfiles0031,0.95307525,0.9202679,0.010709853,0.0296443,0.985,0.050000001,0.63016096,-0.44126979,KBM
/pscratch/sd/j/joeschm/MGKDB_projects/KBM_classifier_IFS_data/global_cfs_cdirs_m2116_hatch_pscans_scanfiles0031/scanfiles0031,0.95307525,0.9202679,0.010709853,0.0296443,0.995,0.050000001,1.5950037,-1.4956985,KBM
/pscratch/sd/j/joeschm/MGKDB_projects/KBM_classifier_IFS_data/global_cfs_cdirs_m2116_hatch_pscans_scanfiles0031/scanfiles0031,0.95307525,0.9202679,0.010709853,0.0296443,0.935,0.1,0.028,0.05,ITG_TEM
/pscratch/sd/j/joeschm/MGKDB_projects/KBM_classifier_IFS_data/global_cfs_cdirs_m2116_hatch_pscans_scanfiles0031/scanfiles0031,0.95307525,0.9202679,0.010709853,0.0296443,0.945,0.1,-1,-1,MTM
/pscratch/sd/j/joeschm/MGKDB_projects/KBM_classifier_IFS_data/global_cfs_cdirs_m2116_hatch_pscans_scanfiles0031/scanfiles0031,0.95307525,0.9202679,0.010709853,0.0296443,0.955,0.1,0.068953404,-1.946707,MTM
/pscratch/sd/j/joeschm/MGKDB_projects/KBM_classifier_IFS_data/global_cfs_cdirs_m2116_hatch_pscans_scanfiles0031/scanfiles0031,0.95307525,0.9202679,0.010709853,0.0296443,0.965,0.1,0.068391697,-3.5969565,MTM
/pscratch/sd/j/joeschm/MGKDB_projects/KBM_classifier_IFS_data/global_cfs_cdirs_m2116_hatch_pscans_scanfiles0031/scanfiles0031,0.95307525,0.9202679,0.010709853,0.0296443,0.975,0.1,2.000801,0.38218929,KBM
/pscratch/sd/j/joeschm/MGKDB_projects/KBM_classifier_IFS_data/global_cfs_cdirs_m2116_hatch_pscans_scanfiles0031/scanfiles0031,0.95307525,0.9202679,0.010709853,0.0296443,0.985,0.1,1.4586293,0.91204137,KBM
/pscratch/sd/j/joeschm/MGKDB_projects/KBM_classifier_IFS_data/global_cfs_cdirs_m2116_hatch_pscans_scanfiles0031/scanfiles0031,0.95307525,0.9202679,0.010709853,0.0296443,0.995,0.1,3.3527121,1.3708397,KBM
/pscratch/sd/j/joeschm/MGKDB_projects/KBM_classifier_IFS_data/global_cfs_cdirs_m2116_hatch_pscans_scanfiles0031/scanfiles0031,0.95307525,0.9202679,0.010709853,0.0296443,0.935,0.2,0.063932921,0.067699231,ITG_TEM
/pscratch/sd/j/joeschm/MGKDB_projects/KBM_classifier_IFS_data/global_cfs_cdirs_m2116_hatch_pscans_scanfiles0031/scanfiles0031,0.95307525,0.9202679,0.010709853,0.0296443,0.945,0.2,0.080828089,-0.63361841,
/pscratch/sd/j/joeschm/MGKDB_projects/KBM_classifier_IFS_data/global_cfs_cdirs_m2116_hatch_pscans_scanfiles0031/scanfiles0031,0.95307525,0.9202679,0.010709853,0.0296443,0.955,0.2,0.12249296,-1.2557668,KBM
/pscratch/sd/j/joeschm/MGKDB_projects/KBM_classifier_IFS_data/global_cfs_cdirs_m2116_hatch_pscans_scanfiles0031/scanfiles0031,0.95307525,0.9202679,0.010709853,0.0296443,0.965,0.2,0.16568709,-1.0566354,KBM
/pscratch/sd/j/joeschm/MGKDB_projects/KBM_classifier_IFS_data/global_cfs_cdirs_m2116_hatch_pscans_scanfiles0031/scanfiles0031,0.95307525,0.9202679,0.010709853,0.0296443,0.975,0.2,0.27929226,1.4051708,KBM
/pscratch/sd/j/joeschm/MGKDB_projects/KBM_classifier_IFS_data/global_cfs_cdirs_m2116_hatch_pscans_scanfiles0031/scanfiles0031,0.95307525,0.9202679,0.010709853,0.0296443,0.985,0.2,0.16036531,1.1256866,KBM
/pscratch/sd/j/joeschm/MGKDB_projects/KBM_classifier_IFS_data/global_cfs_cdirs_m2116_hatch_pscans_scanfiles0031/scanfiles0031,0.95307525,0.9202679,0.010709853,0.0296443,0.995,0.2,0.90472214,2.1810564,KBM
/pscratch/sd/j/joeschm/MGKDB_projects/KBM_classifier_IFS_data/global_cfs_cdirs_m2116_hatch_pscans_scanfiles0031/scanfiles0031,0.95307525,0.9202679,0.010709853,0.0296443,0.935,0.30000001,0.11050047,0.055234171,ITG_TEM
/pscratch/sd/j/joeschm/MGKDB_projects/KBM_classifier_IFS_data/global_cfs_cdirs_m2116_hatch_pscans_scanfiles0031/scanfiles0031,0.95307525,0.9202679,0.010709853,0.0296443,0.945,0.30000001,0.27751907,-0.80869253,KBM
/pscratch/sd/j/joeschm/MGKDB_projects/KBM_classifier_IFS_data/global_cfs_cdirs_m2116_hatch_pscans_scanfiles0031/scanfiles0031,0.95307525,0.9202679,0.010709853,0.0296443,0.955,0.30000001,0.45253841,-1.3234928,KBM
/pscratch/sd/j/joeschm/MGKDB_projects/KBM_classifier_IFS_data/global_cfs_cdirs_m2116_hatch_pscans_scanfiles0031/scanfiles0031,0.95307525,0.9202679,0.010709853,0.0296443,0.965,0.30000001,0.37283348,-0.81904512,KBM
/pscratch/sd/j/joeschm/MGKDB_projects/KBM_classifier_IFS_data/global_cfs_cdirs_m2116_hatch_pscans_scanfiles0031/scanfiles0031,0.95307525,0.9202679,0.010709853,0.0296443,0.975,0.30000001,0.095235751,-0.47871891,
/pscratch/sd/j/joeschm/MGKDB_projects/KBM_classifier_IFS_data/global_cfs_cdirs_m2116_hatch_pscans_scanfiles0031/scanfiles0031,0.95307525,0.9202679,0.010709853,0.0296443,0.985,0.30000001,-1,-1,
/pscratch/sd/j/joeschm/MGKDB_projects/KBM_classifier_IFS_data/global_cfs_cdirs_m2116_hatch_pscans_scanfiles0031/scanfiles0031,0.95307525,0.9202679,0.010709853,0.0296443,0.995,0.30000001,0.85758919,-6.1596285,ETG
/pscratch/sd/j/joeschm/MGKDB_projects/KBM_classifier_IFS_data/global_cfs_cdirs_m2116_hatch_pscans_scanfiles0031/scanfiles0031,0.95307525,0.9202679,0.010709853,0.0296443,0.935,0.40000001,0.16081873,0.058353115,ITG_TEM
/pscratch/sd/j/joeschm/MGKDB_projects/KBM_classifier_IFS_data/global_cfs_cdirs_m2116_hatch_pscans_scanfiles0031/scanfiles0031,0.95307525,0.9202679,0.010709853,0.0296443,0.945,0.40000001,0.45592577,-0.86526415,KBM
/pscratch/sd/j/joeschm/MGKDB_projects/KBM_classifier_IFS_data/global_cfs_cdirs_m2116_hatch_pscans_scanfiles0031/scanfiles0031,0.95307525,0.9202679,0.010709853,0.0296443,0.955,0.40000001,0.67073251,-1.251843,KBM
/pscratch/sd/j/joeschm/MGKDB_projects/KBM_classifier_IFS_data/global_cfs_cdirs_m2116_hatch_pscans_scanfiles0031/scanfiles0031,0.95307525,0.9202679,0.010709853,0.0296443,0.965,0.40000001,0.43156388,-0.62867567,KBM
/pscratch/sd/j/joeschm/MGKDB_projects/KBM_classifier_IFS_data/global_cfs_cdirs_m2116_hatch_pscans_scanfiles0031/scanfiles0031,0.95307525,0.9202679,0.010709853,0.0296443,0.975,0.40000001,0.096253528,-0.17322164,
/pscratch/sd/j/joeschm/MGKDB_projects/KBM_classifier_IFS_data/global_cfs_cdirs_m2116_hatch_pscans_scanfiles0031/scanfiles0031,0.95307525,0.9202679,0.010709853,0.0296443,0.985,0.40000001,0.048801194,-5.6231479,ETG
/pscratch/sd/j/joeschm/MGKDB_projects/KBM_classifier_IFS_data/global_cfs_cdirs_m2116_hatch_pscans_scanfiles0031/scanfiles0031,0.95307525,0.9202679,0.010709853,0.0296443,0.995,0.40000001,1.543,-7.123,ETG
/pscratch/sd/j/joeschm/MGKDB_projects/KBM_classifier_IFS_data/global_cfs_cdirs_m2116_hatch_pscans_scanfiles0031/scanfiles0031,0.95307525,0.9202679,0.010709853,0.0296443,0.935,0.60000002,0.26099664,0.11814416,ITG_TEM
/pscratch/sd/j/joeschm/MGKDB_projects/KBM_classifier_IFS_data/global_cfs_cdirs_m2116_hatch_pscans_scanfiles0031/scanfiles0031,0.95307525,0.9202679,0.010709853,0.0296443,0.945,0.60000002,0.69073988,-0.82958518,ITG_TEM
/pscratch/sd/j/joeschm/MGKDB_projects/KBM_classifier_IFS_data/global_cfs_cdirs_m2116_hatch_pscans_scanfiles0031/scanfiles0031,0.95307525,0.9202679,0.010709853,0.0296443,0.955,0.60000002,0.91057568,-1.0463977,KBM
/pscratch/sd/j/joeschm/MGKDB_projects/KBM_classifier_IFS_data/global_cfs_cdirs_m2116_hatch_pscans_scanfiles0031/scanfiles0031,0.95307525,0.9202679,0.010709853,0.0296443,0.965,0.60000002,0.37684021,-0.40610679,ITG_TEM
/pscratch/sd/j/joeschm/MGKDB_projects/KBM_classifier_IFS_data/global_cfs_cdirs_m2116_hatch_pscans_scanfiles0031/scanfiles0031,0.95307525,0.9202679,0.010709853,0.0296443,0.975,0.60000002,0.031513185,-0.2320121,ITG_TEM
/pscratch/sd/j/joeschm/MGKDB_projects/KBM_classifier_IFS_data/global_cfs_cdirs_m2116_hatch_pscans_scanfiles0031/scanfiles0031,0.95307525,0.9202679,0.010709853,0.0296443,0.985,0.60000002,0.608,-7.562,ETG
/pscratch/sd/j/joeschm/MGKDB_projects/KBM_classifier_IFS_data/global_cfs_cdirs_m2116_hatch_pscans_scanfiles0031/scanfiles0031,0.95307525,0.9202679,0.010709853,0.0296443,0.995,0.60000002,2.524,-9.532,ETG
/pscratch/sd/j/joeschm/MGKDB_projects/KBM_classifier_IFS_data/global_cfs_cdirs_m2116_hatch_pscans_scanfiles0031/scanfiles0031,0.95307525,0.9202679,0.010709853,0.0296443,0.935,0.80000001,0.305,0.229,ITG_TEM
/pscratch/sd/j/joeschm/MGKDB_projects/KBM_classifier_IFS_data/global_cfs_cdirs_m2116_hatch_pscans_scanfiles0031/scanfiles0031,0.95307525,0.9202679,0.010709853,0.0296443,0.945,0.80000001,0.815,-0.748,ITG_TEM
/pscratch/sd/j/joeschm/MGKDB_projects/KBM_classifier_IFS_data/global_cfs_cdirs_m2116_hatch_pscans_scanfiles0031/scanfiles0031,0.95307525,0.9202679,0.010709853,0.0296443,0.955,0.80000001,1.028,-0.852,ITG_TEM
/pscratch/sd/j/joeschm/MGKDB_projects/KBM_classifier_IFS_data/global_cfs_cdirs_m2116_hatch_pscans_scanfiles0031/scanfiles0031,0.95307525,0.9202679,0.010709853,0.0296443,0.965,0.80000001,0.26113529,-0.35193591,ITG_TEM
/pscratch/sd/j/joeschm/MGKDB_projects/KBM_classifier_IFS_data/global_cfs_cdirs_m2116_hatch_pscans_scanfiles0031/scanfiles0031,0.95307525,0.9202679,0.010709853,0.0296443,0.975,0.80000001,0.096238496,-6.0295891,ETG
/pscratch/sd/j/joeschm/MGKDB_projects/KBM_classifier_IFS_data/global_cfs_cdirs_m2116_hatch_pscans_scanfiles0031/scanfiles0031,0.95307525,0.9202679,0.010709853,0.0296443,0.985,0.80000001,0.777,-9.75,ETG
/pscratch/sd/j/joeschm/MGKDB_projects/KBM_classifier_IFS_data/global_cfs_cdirs_m2116_hatch_pscans_scanfiles0031/scanfiles0031,0.95307525,0.9202679,0.010709853,0.0296443,0.995,0.80000001,2.757,-12.391,ETG
/pscratch/sd/j/joeschm/MGKDB_projects/KBM_classifier_IFS_data/global_cfs_cdirs_m2116_hatch_pscans_scanfiles0031/scanfiles0031,0.95307525,0.9202679,0.010709853,0.0296443,0.935,1,0.287,0.34,ITG_TEM
/pscratch/sd/j/joeschm/MGKDB_projects/KBM_classifier_IFS_data/global_cfs_cdirs_m2116_hatch_pscans_scanfiles0031/scanfiles0031,0.95307525,0.9202679,0.010709853,0.0296443,0.945,1,0.884,-0.671,ITG_TEM
/pscratch/sd/j/joeschm/MGKDB_projects/KBM_classifier_IFS_data/global_cfs_cdirs_m2116_hatch_pscans_scanfiles0031/scanfiles0031,0.95307525,0.9202679,0.010709853,0.0296443,0.955,1,1.084,-0.684,ITG_TEM
/pscratch/sd/j/joeschm/MGKDB_projects/KBM_classifier_IFS_data/global_cfs_cdirs_m2116_hatch_pscans_scanfiles0031/scanfiles0031,0.95307525,0.9202679,0.010709853,0.0296443,0.965,1,0.21145328,-0.40948273,ITG_TEM
/pscratch/sd/j/joeschm/MGKDB_projects/KBM_classifier_IFS_data/global_cfs_cdirs_m2116_hatch_pscans_scanfiles0031/scanfiles0031,0.95307525,0.9202679,0.010709853,0.0296443,0.975,1,0.28434246,-7.2763668,ETG
/pscratch/sd/j/joeschm/MGKDB_projects/KBM_classifier_IFS_data/global_cfs_cdirs_m2116_hatch_pscans_scanfiles0031/scanfiles0031,0.95307525,0.9202679,0.010709853,0.0296443,0.985,1,0.6086978,-3.1585943,ETG
/pscratch/sd/j/joeschm/MGKDB_projects/KBM_classifier_IFS_data/global_cfs_cdirs_m2116_hatch_pscans_scanfiles0031/scanfiles0031,0.95307525,0.9202679,0.010709853,0.0296443,0.995,1,2.0853027,-15.319066,ETG
/pscratch/sd/j/joeschm/MGKDB_projects/KBM_classifier_IFS_data/global_cfs_cdirs_m2116_hatch_pscans_scanfiles0031/scanfiles0031,0.95307525,0.9202679,0.010709853,0.0296443,0.935,1.1,0.261,0.385,ITG_TEM
/pscratch/sd/j/joeschm/MGKDB_projects/KBM_classifier_IFS_data/global_cfs_cdirs_m2116_hatch_pscans_scanfiles0031/scanfiles0031,0.95307525,0.9202679,0.010709853,0.0296443,0.945,1.1,0.909,-0.638,ITG_TEM
/pscratch/sd/j/joeschm/MGKDB_projects/KBM_classifier_IFS_data/global_cfs_cdirs_m2116_hatch_pscans_scanfiles0031/scanfiles0031,0.95307525,0.9202679,0.010709853,0.0296443,0.955,1.1,1.099,-0.61,ITG_TEM
/pscratch/sd/j/joeschm/MGKDB_projects/KBM_classifier_IFS_data/global_cfs_cdirs_m2116_hatch_pscans_scanfiles0031/scanfiles0031,0.95307525,0.9202679,0.010709853,0.0296443,0.965,1.1,0.22413697,-0.43234803,ITG_TEM
/pscratch/sd/j/joeschm/MGKDB_projects/KBM_classifier_IFS_data/global_cfs_cdirs_m2116_hatch_pscans_scanfiles0031/scanfiles0031,0.95307525,0.9202679,0.010709853,0.0296443,0.975,1.1,0.35081115,-7.9240055,ETG
/pscratch/sd/j/joeschm/MGKDB_projects/KBM_classifier_IFS_data/global_cfs_cdirs_m2116_hatch_pscans_scanfiles0031/scanfiles0031,0.95307525,0.9202679,0.010709853,0.0296443,0.985,1.1,0.995,-3.276,ETG
/pscratch/sd/j/joeschm/MGKDB_projects/KBM_classifier_IFS_data/global_cfs_cdirs_m2116_hatch_pscans_scanfiles0034/scanfiles0034,1.0469247,0.9202679,0.010709853,0.0296443,0.935,0.050000001,-1,-1,MTM
/pscratch/sd/j/joeschm/MGKDB_projects/KBM_classifier_IFS_data/global_cfs_cdirs_m2116_hatch_pscans_scanfiles0034/scanfiles0034,1.0469247,0.9202679,0.010709853,0.0296443,0.945,0.050000001,-1,-1,MTM
/pscratch/sd/j/joeschm/MGKDB_projects/KBM_classifier_IFS_data/global_cfs_cdirs_m2116_hatch_pscans_scanfiles0034/scanfiles0034,1.0469247,0.9202679,0.010709853,0.0296443,0.955,0.050000001,-1,-1,KBM
/pscratch/sd/j/joeschm/MGKDB_projects/KBM_classifier_IFS_data/global_cfs_cdirs_m2116_hatch_pscans_scanfiles0034/scanfiles0034,1.0469247,0.9202679,0.010709853,0.0296443,0.965,0.050000001,-1,-1,MTM
/pscratch/sd/j/joeschm/MGKDB_projects/KBM_classifier_IFS_data/global_cfs_cdirs_m2116_hatch_pscans_scanfiles0034/scanfiles0034,1.0469247,0.9202679,0.010709853,0.0296443,0.975,0.050000001,0.17206937,-3.7251136,ITG_TEM
/pscratch/sd/j/joeschm/MGKDB_projects/KBM_classifier_IFS_data/global_cfs_cdirs_m2116_hatch_pscans_scanfiles0034/scanfiles0034,1.0469247,0.9202679,0.010709853,0.0296443,0.985,0.050000001,0.25142801,0.043917842,KBM
/pscratch/sd/j/joeschm/MGKDB_projects/KBM_classifier_IFS_data/global_cfs_cdirs_m2116_hatch_pscans_scanfiles0034/scanfiles0034,1.0469247,0.9202679,0.010709853,0.0296443,0.995,0.050000001,2.3951196,-2.1006717,KBM
/pscratch/sd/j/joeschm/MGKDB_projects/KBM_classifier_IFS_data/global_cfs_cdirs_m2116_hatch_pscans_scanfiles0034/scanfiles0034,1.0469247,0.9202679,0.010709853,0.0296443,0.935,0.1,0.03,-0.5,MTM
/pscratch/sd/j/joeschm/MGKDB_projects/KBM_classifier_IFS_data/global_cfs_cdirs_m2116_hatch_pscans_scanfiles0034/scanfiles0034,1.0469247,0.9202679,0.010709853,0.0296443,0.945,0.1,-1,-1,MTM
/pscratch/sd/j/joeschm/MGKDB_projects/KBM_classifier_IFS_data/global_cfs_cdirs_m2116_hatch_pscans_scanfiles0034/scanfiles0034,1.0469247,0.9202679,0.010709853,0.0296443,0.955,0.1,0.077488169,-1.9879017,MTM
/pscratch/sd/j/joeschm/MGKDB_projects/KBM_classifier_IFS_data/global_cfs_cdirs_m2116_hatch_pscans_scanfiles0034/scanfiles0034,1.0469247,0.9202679,0.010709853,0.0296443,0.965,0.1,-1,-1,ITG_TEM
/pscratch/sd/j/joeschm/MGKDB_projects/KBM_classifier_IFS_data/global_cfs_cdirs_m2116_hatch_pscans_scanfiles0034/scanfiles0034,1.0469247,0.9202679,0.010709853,0.0296443,0.975,0.1,0.37885744,0.45298352,KBM
/pscratch/sd/j/joeschm/MGKDB_projects/KBM_classifier_IFS_data/global_cfs_cdirs_m2116_hatch_pscans_scanfiles0034/scanfiles0034,1.0469247,0.9202679,0.010709853,0.0296443,0.985,0.1,0.41432587,-9.535142,MTM
/pscratch/sd/j/joeschm/MGKDB_projects/KBM_classifier_IFS_data/global_cfs_cdirs_m2116_hatch_pscans_scanfiles0034/scanfiles0034,1.0469247,0.9202679,0.010709853,0.0296443,0.995,0.1,6.3331746,1.2066262,KBM
/pscratch/sd/j/joeschm/MGKDB_projects/KBM_classifier_IFS_data/global_cfs_cdirs_m2116_hatch_pscans_scanfiles0034/scanfiles0034,1.0469247,0.9202679,0.010709853,0.0296443,0.935,0.2,0.08,0.02,ITG_TEM
/pscratch/sd/j/joeschm/MGKDB_projects/KBM_classifier_IFS_data/global_cfs_cdirs_m2116_hatch_pscans_scanfiles0034/scanfiles0034,1.0469247,0.9202679,0.010709853,0.0296443,0.945,0.2,0.13255436,-0.56614671,KBM
/pscratch/sd/j/joeschm/MGKDB_projects/KBM_classifier_IFS_data/global_cfs_cdirs_m2116_hatch_pscans_scanfiles0034/scanfiles0034,1.0469247,0.9202679,0.010709853,0.0296443,0.955,0.2,0.14689819,-1.0582316,KBM
/pscratch/sd/j/joeschm/MGKDB_projects/KBM_classifier_IFS_data/global_cfs_cdirs_m2116_hatch_pscans_scanfiles0034/scanfiles0034,1.0469247,0.9202679,0.010709853,0.0296443,0.965,0.2,0.031910663,-1.2300945,KBM
/pscratch/sd/j/joeschm/MGKDB_projects/KBM_classifier_IFS_data/global_cfs_cdirs_m2116_hatch_pscans_scanfiles0034/scanfiles0034,1.0469247,0.9202679,0.010709853,0.0296443,0.975,0.2,0.19887731,-1.3663053,ITG_TEM
/pscratch/sd/j/joeschm/MGKDB_projects/KBM_classifier_IFS_data/global_cfs_cdirs_m2116_hatch_pscans_scanfiles0034/scanfiles0034,1.0469247,0.9202679,0.010709853,0.0296443,0.985,0.2,0.20663355,-0.31437181,ITG_TEM
/pscratch/sd/j/joeschm/MGKDB_projects/KBM_classifier_IFS_data/global_cfs_cdirs_m2116_hatch_pscans_scanfiles0034/scanfiles0034,1.0469247,0.9202679,0.010709853,0.0296443,0.995,0.2,1.3060811,3.2836079,KBM
/pscratch/sd/j/joeschm/MGKDB_projects/KBM_classifier_IFS_data/global_cfs_cdirs_m2116_hatch_pscans_scanfiles0034/scanfiles0034,1.0469247,0.9202679,0.010709853,0.0296443,0.935,0.30000001,0.16038773,0.010250888,ITG_TEM
/pscratch/sd/j/joeschm/MGKDB_projects/KBM_classifier_IFS_data/global_cfs_cdirs_m2116_hatch_pscans_scanfiles0034/scanfiles0034,1.0469247,0.9202679,0.010709853,0.0296443,0.945,0.30000001,0.32643865,-0.70161829,KBM
/pscratch/sd/j/joeschm/MGKDB_projects/KBM_classifier_IFS_data/global_cfs_cdirs_m2116_hatch_pscans_scanfiles0034/scanfiles0034,1.0469247,0.9202679,0.010709853,0.0296443,0.955,0.30000001,0.44800659,-1.1190712,KBM
/pscratch/sd/j/joeschm/MGKDB_projects/KBM_classifier_IFS_data/global_cfs_cdirs_m2116_hatch_pscans_scanfiles0034/scanfiles0034,1.0469247,0.9202679,0.010709853,0.0296443,0.965,0.30000001,0.25506331,-0.92432929,KBM
/pscratch/sd/j/joeschm/MGKDB_projects/KBM_classifier_IFS_data/global_cfs_cdirs_m2116_hatch_pscans_scanfiles0034/scanfiles0034,1.0469247,0.9202679,0.010709853,0.0296443,0.975,0.30000001,0.37329162,-0.8936053,ITG_TEM
/pscratch/sd/j/joeschm/MGKDB_projects/KBM_classifier_IFS_data/global_cfs_cdirs_m2116_hatch_pscans_scanfiles0034/scanfiles0034,1.0469247,0.9202679,0.010709853,0.0296443,0.985,0.30000001,0.34,-4.879,ETG
/pscratch/sd/j/joeschm/MGKDB_projects/KBM_classifier_IFS_data/global_cfs_cdirs_m2116_hatch_pscans_scanfiles0034/scanfiles0034,1.0469247,0.9202679,0.010709853,0.0296443,0.995,0.30000001,2.0334711,-6.6076798,ETG
/pscratch/sd/j/joeschm/MGKDB_projects/KBM_classifier_IFS_data/global_cfs_cdirs_m2116_hatch_pscans_scanfiles0034/scanfiles0034,1.0469247,0.9202679,0.010709853,0.0296443,0.935,0.40000001,0.24484461,0.0055072816,ITG_TEM
/pscratch/sd/j/joeschm/MGKDB_projects/KBM_classifier_IFS_data/global_cfs_cdirs_m2116_hatch_pscans_scanfiles0034/scanfiles0034,1.0469247,0.9202679,0.010709853,0.0296443,0.945,0.40000001,0.49602369,-0.73775487,KBM
/pscratch/sd/j/joeschm/MGKDB_projects/KBM_classifier_IFS_data/global_cfs_cdirs_m2116_hatch_pscans_scanfiles0034/scanfiles0034,1.0469247,0.9202679,0.010709853,0.0296443,0.955,0.40000001,0.64762349,-1.0585844,KBM
/pscratch/sd/j/joeschm/MGKDB_projects/KBM_classifier_IFS_data/global_cfs_cdirs_m2116_hatch_pscans_scanfiles0034/scanfiles0034,1.0469247,0.9202679,0.010709853,0.0296443,0.965,0.40000001,0.37046549,-0.71506715,KBM
/pscratch/sd/j/joeschm/MGKDB_projects/KBM_classifier_IFS_data/global_cfs_cdirs_m2116_hatch_pscans_scanfiles0034/scanfiles0034,1.0469247,0.9202679,0.010709853,0.0296443,0.975,0.40000001,0.29945683,-0.52861583,ITG_TEM
/pscratch/sd/j/joeschm/MGKDB_projects/KBM_classifier_IFS_data/global_cfs_cdirs_m2116_hatch_pscans_scanfiles0034/scanfiles0034,1.0469247,0.9202679,0.010709853,0.0296443,0.985,0.40000001,0.973,-5.849,ETG
/pscratch/sd/j/joeschm/MGKDB_projects/KBM_classifier_IFS_data/global_cfs_cdirs_m2116_hatch_pscans_scanfiles0034/scanfiles0034,1.0469247,0.9202679,0.010709853,0.0296443,0.995,0.40000001,3.018,-7.791,ETG
/pscratch/sd/j/joeschm/MGKDB_projects/KBM_classifier_IFS_data/global_cfs_cdirs_m2116_hatch_pscans_scanfiles0034/scanfiles0034,1.0469247,0.9202679,0.010709853,0.0296443,0.935,0.60000002,0.39129982,0.081046137,ITG_TEM
/pscratch/sd/j/joeschm/MGKDB_projects/KBM_classifier_IFS_data/global_cfs_cdirs_m2116_hatch_pscans_scanfiles0034/scanfiles0034,1.0469247,0.9202679,0.010709853,0.0296443,0.945,0.60000002,0.71228439,-0.69227377,KBM
/pscratch/sd/j/joeschm/MGKDB_projects/KBM_classifier_IFS_data/global_cfs_cdirs_m2116_hatch_pscans_scanfiles0034/scanfiles0034,1.0469247,0.9202679,0.010709853,0.0296443,0.955,0.60000002,0.87064664,-0.88968009,KBM
/pscratch/sd/j/joeschm/MGKDB_projects/KBM_classifier_IFS_data/global_cfs_cdirs_m2116_hatch_pscans_scanfiles0034/scanfiles0034,1.0469247,0.9202679,0.010709853,0.0296443,0.965,0.60000002,0.39869115,-0.43505766,ITG_TEM
/pscratch/sd/j/joeschm/MGKDB_projects/KBM_classifier_IFS_data/global_cfs_cdirs_m2116_hatch_pscans_scanfiles0034/scanfiles0034,1.0469247,0.9202679,0.010709853,0.0296443,0.975,0.60000002,0.466,-4.722,ETG
/pscratch/sd/j/joeschm/MGKDB_projects/KBM_classifier_IFS_data/global_cfs_cdirs_m2116_hatch_pscans_scanfiles0034/scanfiles0034,1.0469247,0.9202679,0.010709853,0.0296443,0.985,0.60000002,1.884,-7.959,ETG
/pscratch/sd/j/joeschm/MGKDB_projects/KBM_classifier_IFS_data/global_cfs_cdirs_m2116_hatch_pscans_scanfiles0034/scanfiles0034,1.0469247,0.9202679,0.010709853,0.0296443,0.995,0.60000002,4.4,-10.642,ETG
/pscratch/sd/j/joeschm/MGKDB_projects/KBM_classifier_IFS_data/global_cfs_cdirs_m2116_hatch_pscans_scanfiles0034/scanfiles0034,1.0469247,0.9202679,0.010709853,0.0296443,0.935,0.80000001,0.453,0.215,ITG_TEM
/pscratch/sd/j/joeschm/MGKDB_projects/KBM_classifier_IFS_data/global_cfs_cdirs_m2116_hatch_pscans_scanfiles0034/scanfiles0034,1.0469247,0.9202679,0.010709853,0.0296443,0.945,0.80000001,0.822,-0.612,ITG_TEM
/pscratch/sd/j/joeschm/MGKDB_projects/KBM_classifier_IFS_data/global_cfs_cdirs_m2116_hatch_pscans_scanfiles0034/scanfiles0034,1.0469247,0.9202679,0.010709853,0.0296443,0.955,0.80000001,0.9899284,-0.73432939,KBM
/pscratch/sd/j/joeschm/MGKDB_projects/KBM_classifier_IFS_data/global_cfs_cdirs_m2116_hatch_pscans_scanfiles0034/scanfiles0034,1.0469247,0.9202679,0.010709853,0.0296443,0.965,0.80000001,0.30543514,-0.28016956,ITG_TEM
/pscratch/sd/j/joeschm/MGKDB_projects/KBM_classifier_IFS_data/global_cfs_cdirs_m2116_hatch_pscans_scanfiles0034/scanfiles0034,1.0469247,0.9202679,0.010709853,0.0296443,0.975,0.80000001,1.066,-5.782,ETG
/pscratch/sd/j/joeschm/MGKDB_projects/KBM_classifier_IFS_data/global_cfs_cdirs_m2116_hatch_pscans_scanfiles0034/scanfiles0034,1.0469247,0.9202679,0.010709853,0.0296443,0.985,0.80000001,2.35,-10.402,ETG
/pscratch/sd/j/joeschm/MGKDB_projects/KBM_classifier_IFS_data/global_cfs_cdirs_m2116_hatch_pscans_scanfiles0034/scanfiles0034,1.0469247,0.9202679,0.010709853,0.0296443,0.995,0.80000001,4.759,-13.959,ETG
/pscratch/sd/j/joeschm/MGKDB_projects/KBM_classifier_IFS_data/global_cfs_cdirs_m2116_hatch_pscans_scanfiles0034/scanfiles0034,1.0469247,0.9202679,0.010709853,0.0296443,0.935,1,0.447,0.351,ITG_TEM
/pscratch/sd/j/joeschm/MGKDB_projects/KBM_classifier_IFS_data/global_cfs_cdirs_m2116_hatch_pscans_scanfiles0034/scanfiles0034,1.0469247,0.9202679,0.010709853,0.0296443,0.945,1,0.88,-0.537,ITG_TEM
/pscratch/sd/j/joeschm/MGKDB_projects/KBM_classifier_IFS_data/global_cfs_cdirs_m2116_hatch_pscans_scanfiles0034/scanfiles0034,1.0469247,0.9202679,0.010709853,0.0296443,0.955,1,1.056,-0.601,ITG_TEM
/pscratch/sd/j/joeschm/MGKDB_projects/KBM_classifier_IFS_data/global_cfs_cdirs_m2116_hatch_pscans_scanfiles0034/scanfiles0034,1.0469247,0.9202679,0.010709853,0.0296443,0.965,1,0.18169301,-0.22300928,ITG_TEM
/pscratch/sd/j/joeschm/MGKDB_projects/KBM_classifier_IFS_data/global_cfs_cdirs_m2116_hatch_pscans_scanfiles0034/scanfiles0034,1.0469247,0.9202679,0.010709853,0.0296443,0.975,1,1.467,-6.976,ETG
/pscratch/sd/j/joeschm/MGKDB_projects/KBM_classifier_IFS_data/global_cfs_cdirs_m2116_hatch_pscans_scanfiles0034/scanfiles0034,1.0469247,0.9202679,0.010709853,0.0296443,0.985,1,2.955,-2.99,ETG
/pscratch/sd/j/joeschm/MGKDB_projects/KBM_classifier_IFS_data/global_cfs_cdirs_m2116_hatch_pscans_scanfiles0034/scanfiles0034,1.0469247,0.9202679,0.010709853,0.0296443,0.995,1,4.01,-17.295,ETG
/pscratch/sd/j/joeschm/MGKDB_projects/KBM_classifier_IFS_data/global_cfs_cdirs_m2116_hatch_pscans_scanfiles0034/scanfiles0034,1.0469247,0.9202679,0.010709853,0.0296443,0.935,1.1,0.425,0.412,ITG_TEM
/pscratch/sd/j/joeschm/MGKDB_projects/KBM_classifier_IFS_data/global_cfs_cdirs_m2116_hatch_pscans_scanfiles0034/scanfiles0034,1.0469247,0.9202679,0.010709853,0.0296443,0.945,1.1,0.9,-0.505,ITG_TEM
/pscratch/sd/j/joeschm/MGKDB_projects/KBM_classifier_IFS_data/global_cfs_cdirs_m2116_hatch_pscans_scanfiles0034/scanfiles0034,1.0469247,0.9202679,0.010709853,0.0296443,0.955,1.1,1.078,-0.543,ITG_TEM
/pscratch/sd/j/joeschm/MGKDB_projects/KBM_classifier_IFS_data/global_cfs_cdirs_m2116_hatch_pscans_scanfiles0034/scanfiles0034,1.0469247,0.9202679,0.010709853,0.0296443,0.965,1.1,0.12576033,-0.21698316,ITG_TEM
/pscratch/sd/j/joeschm/MGKDB_projects/KBM_classifier_IFS_data/global_cfs_cdirs_m2116_hatch_pscans_scanfiles0034/scanfiles0034,1.0469247,0.9202679,0.010709853,0.0296443,0.975,1.1,1.638,-7.62,ETG
/pscratch/sd/j/joeschm/MGKDB_projects/KBM_classifier_IFS_data/global_cfs_cdirs_m2116_hatch_pscans_scanfiles0034/scanfiles0034,1.0469247,0.9202679,0.010709853,0.0296443,0.985,1.1,3.523,-3.235,ETG
/pscratch/sd/j/joeschm/MGKDB_projects/KBM_classifier_IFS_data/global_cfs_cdirs_m2116_hatch_pscans_scanfiles0036/scanfiles0036,0.95307525,1,0.010709853,0,0.935,0.050000001,-1,-1,MTM
/pscratch/sd/j/joeschm/MGKDB_projects/KBM_classifier_IFS_data/global_cfs_cdirs_m2116_hatch_pscans_scanfiles0036/scanfiles0036,0.95307525,1,0.010709853,0,0.945,0.050000001,-1,-1,MTM
/pscratch/sd/j/joeschm/MGKDB_projects/KBM_classifier_IFS_data/global_cfs_cdirs_m2116_hatch_pscans_scanfiles0036/scanfiles0036,0.95307525,1,0.010709853,0,0.955,0.050000001,-1,-1,ITG_TEM
/pscratch/sd/j/joeschm/MGKDB_projects/KBM_classifier_IFS_data/global_cfs_cdirs_m2116_hatch_pscans_scanfiles0036/scanfiles0036,0.95307525,1,0.010709853,0,0.965,0.050000001,-1,-1,MTM
/pscratch/sd/j/joeschm/MGKDB_projects/KBM_classifier_IFS_data/global_cfs_cdirs_m2116_hatch_pscans_scanfiles0036/scanfiles0036,0.95307525,1,0.010709853,0,0.975,0.050000001,0.63286217,-0.45277108,KBM
/pscratch/sd/j/joeschm/MGKDB_projects/KBM_classifier_IFS_data/global_cfs_cdirs_m2116_hatch_pscans_scanfiles0036/scanfiles0036,0.95307525,1,0.010709853,0,0.985,0.050000001,0.31414539,0.03446306,KBM
/pscratch/sd/j/joeschm/MGKDB_projects/KBM_classifier_IFS_data/global_cfs_cdirs_m2116_hatch_pscans_scanfiles0036/scanfiles0036,0.95307525,1,0.010709853,0,0.995,0.050000001,2.6605681,-2.0227973,KBM
/pscratch/sd/j/joeschm/MGKDB_projects/KBM_classifier_IFS_data/global_cfs_cdirs_m2116_hatch_pscans_scanfiles0036/scanfiles0036,0.95307525,1,0.010709853,0,0.935,0.1,0.029781209,-0.58302466,MTM
/pscratch/sd/j/joeschm/MGKDB_projects/KBM_classifier_IFS_data/global_cfs_cdirs_m2116_hatch_pscans_scanfiles0036/scanfiles0036,0.95307525,1,0.010709853,0,0.945,0.1,-1,-1,MTM
/pscratch/sd/j/joeschm/MGKDB_projects/KBM_classifier_IFS_data/global_cfs_cdirs_m2116_hatch_pscans_scanfiles0036/scanfiles0036,0.95307525,1,0.010709853,0,0.955,0.1,0.081361139,-2.0310514,MTM
/pscratch/sd/j/joeschm/MGKDB_projects/KBM_classifier_IFS_data/global_cfs_cdirs_m2116_hatch_pscans_scanfiles0036/scanfiles0036,0.95307525,1,0.010709853,0,0.965,0.1,0.010956557,-3.810399,MTM
/pscratch/sd/j/joeschm/MGKDB_projects/KBM_classifier_IFS_data/global_cfs_cdirs_m2116_hatch_pscans_scanfiles0036/scanfiles0036,0.95307525,1,0.010709853,0,0.975,0.1,1.3656124,0.72646748,KBM
/pscratch/sd/j/joeschm/MGKDB_projects/KBM_classifier_IFS_data/global_cfs_cdirs_m2116_hatch_pscans_scanfiles0036/scanfiles0036,0.95307525,1,0.010709853,0,0.985,0.1,0.35225138,-9.4921657,MTM
/pscratch/sd/j/joeschm/MGKDB_projects/KBM_classifier_IFS_data/global_cfs_cdirs_m2116_hatch_pscans_scanfiles0036/scanfiles0036,0.95307525,1,0.010709853,0,0.995,0.1,5.6904034,2.4373008,KBM
/pscratch/sd/j/joeschm/MGKDB_projects/KBM_classifier_IFS_data/global_cfs_cdirs_m2116_hatch_pscans_scanfiles0036/scanfiles0036,0.95307525,1,0.010709853,0,0.935,0.2,0.055,-1.17,MTM
/pscratch/sd/j/joeschm/MGKDB_projects/KBM_classifier_IFS_data/global_cfs_cdirs_m2116_hatch_pscans_scanfiles0036/scanfiles0036,0.95307525,1,0.010709853,0,0.945,0.2,0.082989389,-0.64603339,
/pscratch/sd/j/joeschm/MGKDB_projects/KBM_classifier_IFS_data/global_cfs_cdirs_m2116_hatch_pscans_scanfiles0036/scanfiles0036,0.95307525,1,0.010709853,0,0.955,0.2,0.13882301,-1.1541973,KBM
/pscratch/sd/j/joeschm/MGKDB_projects/KBM_classifier_IFS_data/global_cfs_cdirs_m2116_hatch_pscans_scanfiles0036/scanfiles0036,0.95307525,1,0.010709853,0,0.965,0.2,0.096979444,-0.98733002,KBM
/pscratch/sd/j/joeschm/MGKDB_projects/KBM_classifier_IFS_data/global_cfs_cdirs_m2116_hatch_pscans_scanfiles0036/scanfiles0036,0.95307525,1,0.010709853,0,0.975,0.2,-1,-1,ITG_TEM
/pscratch/sd/j/joeschm/MGKDB_projects/KBM_classifier_IFS_data/global_cfs_cdirs_m2116_hatch_pscans_scanfiles0036/scanfiles0036,0.95307525,1,0.010709853,0,0.985,0.2,-1,-1,
/pscratch/sd/j/joeschm/MGKDB_projects/KBM_classifier_IFS_data/global_cfs_cdirs_m2116_hatch_pscans_scanfiles0036/scanfiles0036,0.95307525,1,0.010709853,0,0.995,0.2,1.0329018,2.8869767,KBM
/pscratch/sd/j/joeschm/MGKDB_projects/KBM_classifier_IFS_data/global_cfs_cdirs_m2116_hatch_pscans_scanfiles0036/scanfiles0036,0.95307525,1,0.010709853,0,0.935,0.30000001,0.09,-1.7,MTM
/pscratch/sd/j/joeschm/MGKDB_projects/KBM_classifier_IFS_data/global_cfs_cdirs_m2116_hatch_pscans_scanfiles0036/scanfiles0036,0.95307525,1,0.010709853,0,0.945,0.30000001,0.27881122,-0.80035645,KBM
/pscratch/sd/j/joeschm/MGKDB_projects/KBM_classifier_IFS_data/global_cfs_cdirs_m2116_hatch_pscans_scanfiles0036/scanfiles0036,0.95307525,1,0.010709853,0,0.955,0.30000001,0.4224721,-1.1672855,KBM
/pscratch/sd/j/joeschm/MGKDB_projects/KBM_classifier_IFS_data/global_cfs_cdirs_m2116_hatch_pscans_scanfiles0036/scanfiles0036,0.95307525,1,0.010709853,0,0.965,0.30000001,0.24473567,-0.76112677,KBM
/pscratch/sd/j/joeschm/MGKDB_projects/KBM_classifier_IFS_data/global_cfs_cdirs_m2116_hatch_pscans_scanfiles0036/scanfiles0036,0.95307525,1,0.010709853,0,0.975,0.30000001,0.13616407,-0.17981496,
/pscratch/sd/j/joeschm/MGKDB_projects/KBM_classifier_IFS_data/global_cfs_cdirs_m2116_hatch_pscans_scanfiles0036/scanfiles0036,0.95307525,1,0.010709853,0,0.985,0.30000001,-1,-1,
/pscratch/sd/j/joeschm/MGKDB_projects/KBM_classifier_IFS_data/global_cfs_cdirs_m2116_hatch_pscans_scanfiles0036/scanfiles0036,0.95307525,1,0.010709853,0,0.995,0.30000001,0.35255211,2.5796969,KBM
/pscratch/sd/j/joeschm/MGKDB_projects/KBM_classifier_IFS_data/global_cfs_cdirs_m2116_hatch_pscans_scanfiles0036/scanfiles0036,0.95307525,1,0.010709853,0,0.935,0.40000001,0.12694831,0.067291883,ITG_TEM
/pscratch/sd/j/joeschm/MGKDB_projects/KBM_classifier_IFS_data/global_cfs_cdirs_m2116_hatch_pscans_scanfiles0036/scanfiles0036,0.95307525,1,0.010709853,0,0.945,0.40000001,0.44421061,-0.83559732,KBM
/pscratch/sd/j/joeschm/MGKDB_projects/KBM_classifier_IFS_data/global_cfs_cdirs_m2116_hatch_pscans_scanfiles0036/scanfiles0036,0.95307525,1,0.010709853,0,0.955,0.40000001,0.59450547,-1.0770103,KBM
/pscratch/sd/j/joeschm/MGKDB_projects/KBM_classifier_IFS_data/global_cfs_cdirs_m2116_hatch_pscans_scanfiles0036/scanfiles0036,0.95307525,1,0.010709853,0,0.965,0.40000001,0.27834434,-0.5908175,KBM
/pscratch/sd/j/joeschm/MGKDB_projects/KBM_classifier_IFS_data/global_cfs_cdirs_m2116_hatch_pscans_scanfiles0036/scanfiles0036,0.95307525,1,0.010709853,0,0.975,0.40000001,-1,-1,
/pscratch/sd/j/joeschm/MGKDB_projects/KBM_classifier_IFS_data/global_cfs_cdirs_m2116_hatch_pscans_scanfiles0036/scanfiles0036,0.95307525,1,0.010709853,0,0.985,0.40000001,0.011140924,-0.30294634,
/pscratch/sd/j/joeschm/MGKDB_projects/KBM_classifier_IFS_data/global_cfs_cdirs_m2116_hatch_pscans_scanfiles0036/scanfiles0036,0.95307525,1,0.010709853,0,0.995,0.40000001,0.35508243,-6.0540255,ETG
/pscratch/sd/j/joeschm/MGKDB_projects/KBM_classifier_IFS_data/global_cfs_cdirs_m2116_hatch_pscans_scanfiles0036/scanfiles0036,0.95307525,1,0.010709853,0,0.935,0.60000002,0.21350671,0.11502987,ITG_TEM
/pscratch/sd/j/joeschm/MGKDB_projects/KBM_classifier_IFS_data/global_cfs_cdirs_m2116_hatch_pscans_scanfiles0036/scanfiles0036,0.95307525,1,0.010709853,0,0.945,0.60000002,0.64505894,-0.77774821,ITG_TEM
/pscratch/sd/j/joeschm/MGKDB_projects/KBM_classifier_IFS_data/global_cfs_cdirs_m2116_hatch_pscans_scanfiles0036/scanfiles0036,0.95307525,1,0.010709853,0,0.955,0.60000002,0.76098393,-0.86953156,KBM
/pscratch/sd/j/joeschm/MGKDB_projects/KBM_classifier_IFS_data/global_cfs_cdirs_m2116_hatch_pscans_scanfiles0036/scanfiles0036,0.95307525,1,0.010709853,0,0.965,0.60000002,0.20843201,-0.4299177,ITG_TEM
/pscratch/sd/j/joeschm/MGKDB_projects/KBM_classifier_IFS_data/global_cfs_cdirs_m2116_hatch_pscans_scanfiles0036/scanfiles0036,0.95307525,1,0.010709853,0,0.975,0.60000002,0.017221498,-0.27369962,ITG_TEM
/pscratch/sd/j/joeschm/MGKDB_projects/KBM_classifier_IFS_data/global_cfs_cdirs_m2116_hatch_pscans_scanfiles0036/scanfiles0036,0.95307525,1,0.010709853,0,0.985,0.60000002,0.099834765,-1.3360253,
/pscratch/sd/j/joeschm/MGKDB_projects/KBM_classifier_IFS_data/global_cfs_cdirs_m2116_hatch_pscans_scanfiles0036/scanfiles0036,0.95307525,1,0.010709853,0,0.995,0.60000002,1.114,-7.994,ETG
/pscratch/sd/j/joeschm/MGKDB_projects/KBM_classifier_IFS_data/global_cfs_cdirs_m2116_hatch_pscans_scanfiles0036/scanfiles0036,0.95307525,1,0.010709853,0,0.935,0.80000001,0.25264078,0.2119767,ITG_TEM
/pscratch/sd/j/joeschm/MGKDB_projects/KBM_classifier_IFS_data/global_cfs_cdirs_m2116_hatch_pscans_scanfiles0036/scanfiles0036,0.95307525,1,0.010709853,0,0.945,0.80000001,0.743,-0.689,ITG_TEM
/pscratch/sd/j/joeschm/MGKDB_projects/KBM_classifier_IFS_data/global_cfs_cdirs_m2116_hatch_pscans_scanfiles0036/scanfiles0036,0.95307525,1,0.010709853,0,0.955,0.80000001,0.82513904,-0.68748869,ITG_TEM
/pscratch/sd/j/joeschm/MGKDB_projects/KBM_classifier_IFS_data/global_cfs_cdirs_m2116_hatch_pscans_scanfiles0036/scanfiles0036,0.95307525,1,0.010709853,0,0.965,0.80000001,0.13901327,-0.43484466,ITG_TEM
/pscratch/sd/j/joeschm/MGKDB_projects/KBM_classifier_IFS_data/global_cfs_cdirs_m2116_hatch_pscans_scanfiles0036/scanfiles0036,0.95307525,1,0.010709853,0,0.975,0.80000001,0.030585575,-0.28206237,
/pscratch/sd/j/joeschm/MGKDB_projects/KBM_classifier_IFS_data/global_cfs_cdirs_m2116_hatch_pscans_scanfiles0036/scanfiles0036,0.95307525,1,0.010709853,0,0.985,0.80000001,-1,-1,ITG_TEM
/pscratch/sd/j/joeschm/MGKDB_projects/KBM_classifier_IFS_data/global_cfs_cdirs_m2116_hatch_pscans_scanfiles0036/scanfiles0036,0.95307525,1,0.010709853,0,0.995,0.80000001,1.4500947,-10.48693,ETG
/pscratch/sd/j/joeschm/MGKDB_projects/KBM_classifier_IFS_data/global_cfs_cdirs_m2116_hatch_pscans_scanfiles0036/scanfiles0036,0.95307525,1,0.010709853,0,0.935,1,0.23572858,0.30747636,ITG_TEM
/pscratch/sd/j/joeschm/MGKDB_projects/KBM_classifier_IFS_data/global_cfs_cdirs_m2116_hatch_pscans_scanfiles0036/scanfiles0036,0.95307525,1,0.010709853,0,0.945,1,0.793,-0.61,ITG_TEM
/pscratch/sd/j/joeschm/MGKDB_projects/KBM_classifier_IFS_data/global_cfs_cdirs_m2116_hatch_pscans_scanfiles0036/scanfiles0036,0.95307525,1,0.010709853,0,0.955,1,0.838,-0.537,ITG_TEM
/pscratch/sd/j/joeschm/MGKDB_projects/KBM_classifier_IFS_data/global_cfs_cdirs_m2116_hatch_pscans_scanfiles0036/scanfiles0036,0.95307525,1,0.010709853,0,0.965,1,0.14496968,-0.47143537,ITG_TEM
/pscratch/sd/j/joeschm/MGKDB_projects/KBM_classifier_IFS_data/global_cfs_cdirs_m2116_hatch_pscans_scanfiles0036/scanfiles0036,0.95307525,1,0.010709853,0,0.975,1,-1,-1,
/pscratch/sd/j/joeschm/MGKDB_projects/KBM_classifier_IFS_data/global_cfs_cdirs_m2116_hatch_pscans_scanfiles0036/scanfiles0036,0.95307525,1,0.010709853,0,0.985,1,-1,-1,
/pscratch/sd/j/joeschm/MGKDB_projects/KBM_classifier_IFS_data/global_cfs_cdirs_m2116_hatch_pscans_scanfiles0036/scanfiles0036,0.95307525,1,0.010709853,0,0.995,1,1.0257505,-13.204654,ETG
/pscratch/sd/j/joeschm/MGKDB_projects/KBM_classifier_IFS_data/global_cfs_cdirs_m2116_hatch_pscans_scanfiles0036/scanfiles0036,0.95307525,1,0.010709853,0,0.935,1.1,0.2176963,0.34688467,ITG_TEM
/pscratch/sd/j/joeschm/MGKDB_projects/KBM_classifier_IFS_data/global_cfs_cdirs_m2116_hatch_pscans_scanfiles0036/scanfiles0036,0.95307525,1,0.010709853,0,0.945,1.1,0.811,-0.576,ITG_TEM
/pscratch/sd/j/joeschm/MGKDB_projects/KBM_classifier_IFS_data/global_cfs_cdirs_m2116_hatch_pscans_scanfiles0036/scanfiles0036,0.95307525,1,0.010709853,0,0.955,1.1,0.835,-0.474,ITG_TEM
/pscratch/sd/j/joeschm/MGKDB_projects/KBM_classifier_IFS_data/global_cfs_cdirs_m2116_hatch_pscans_scanfiles0036/scanfiles0036,0.95307525,1,0.010709853,0,0.965,1.1,0.16007204,-0.47665311,ITG_TEM
/pscratch/sd/j/joeschm/MGKDB_projects/KBM_classifier_IFS_data/global_cfs_cdirs_m2116_hatch_pscans_scanfiles0036/scanfiles0036,0.95307525,1,0.010709853,0,0.975,1.1,-1,-1,
/pscratch/sd/j/joeschm/MGKDB_projects/KBM_classifier_IFS_data/global_cfs_cdirs_m2116_hatch_pscans_scanfiles0036/scanfiles0036,0.95307525,1,0.010709853,0,0.985,1.1,-1,-1,
/pscratch/sd/j/joeschm/MGKDB_projects/KBM_classifier_IFS_data/global_cfs_cdirs_m2116_hatch_pscans_scanfiles0038/scanfiles0038,1.0469247,1,0.010709853,0,0.935,0.050000001,-1,-1,MTM
/pscratch/sd/j/joeschm/MGKDB_projects/KBM_classifier_IFS_data/global_cfs_cdirs_m2116_hatch_pscans_scanfiles0038/scanfiles0038,1.0469247,1,0.010709853,0,0.945,0.050000001,-1,-1,MTM
/pscratch/sd/j/joeschm/MGKDB_projects/KBM_classifier_IFS_data/global_cfs_cdirs_m2116_hatch_pscans_scanfiles0038/scanfiles0038,1.0469247,1,0.010709853,0,0.955,0.050000001,-1,-1,KBM
/pscratch/sd/j/joeschm/MGKDB_projects/KBM_classifier_IFS_data/global_cfs_cdirs_m2116_hatch_pscans_scanfiles0038/scanfiles0038,1.0469247,1,0.010709853,0,0.965,0.050000001,-1,-1,
/pscratch/sd/j/joeschm/MGKDB_projects/KBM_classifier_IFS_data/global_cfs_cdirs_m2116_hatch_pscans_scanfiles0038/scanfiles0038,1.0469247,1,0.010709853,0,0.975,0.050000001,0.16353693,-3.8908425,MTM
/pscratch/sd/j/joeschm/MGKDB_projects/KBM_classifier_IFS_data/global_cfs_cdirs_m2116_hatch_pscans_scanfiles0038/scanfiles0038,1.0469247,1,0.010709853,0,0.985,0.050000001,-1,-1,ITG_TEM
/pscratch/sd/j/joeschm/MGKDB_projects/KBM_classifier_IFS_data/global_cfs_cdirs_m2116_hatch_pscans_scanfiles0038/scanfiles0038,1.0469247,1,0.010709853,0,0.995,0.050000001,2.754351,-2.5241219,KBM
/pscratch/sd/j/joeschm/MGKDB_projects/KBM_classifier_IFS_data/global_cfs_cdirs_m2116_hatch_pscans_scanfiles0038/scanfiles0038,1.0469247,1,0.010709853,0,0.935,0.1,0.028,0.072,ITG_TEM
/pscratch/sd/j/joeschm/MGKDB_projects/KBM_classifier_IFS_data/global_cfs_cdirs_m2116_hatch_pscans_scanfiles0038/scanfiles0038,1.0469247,1,0.010709853,0,0.945,0.1,-1,-1,MTM
/pscratch/sd/j/joeschm/MGKDB_projects/KBM_classifier_IFS_data/global_cfs_cdirs_m2116_hatch_pscans_scanfiles0038/scanfiles0038,1.0469247,1,0.010709853,0,0.955,0.1,0.089380142,-2.0684134,MTM
/pscratch/sd/j/joeschm/MGKDB_projects/KBM_classifier_IFS_data/global_cfs_cdirs_m2116_hatch_pscans_scanfiles0038/scanfiles0038,1.0469247,1,0.010709853,0,0.965,0.1,-1,-1,ITG_TEM
/pscratch/sd/j/joeschm/MGKDB_projects/KBM_classifier_IFS_data/global_cfs_cdirs_m2116_hatch_pscans_scanfiles0038/scanfiles0038,1.0469247,1,0.010709853,0,0.975,0.1,-1,-1,
/pscratch/sd/j/joeschm/MGKDB_projects/KBM_classifier_IFS_data/global_cfs_cdirs_m2116_hatch_pscans_scanfiles0038/scanfiles0038,1.0469247,1,0.010709853,0,0.985,0.1,0.29572011,-9.7454958,MTM
/pscratch/sd/j/joeschm/MGKDB_projects/KBM_classifier_IFS_data/global_cfs_cdirs_m2116_hatch_pscans_scanfiles0038/scanfiles0038,1.0469247,1,0.010709853,0,0.995,0.1,7.5982835,1.5528927,KBM
/pscratch/sd/j/joeschm/MGKDB_projects/KBM_classifier_IFS_data/global_cfs_cdirs_m2116_hatch_pscans_scanfiles0038/scanfiles0038,1.0469247,1,0.010709853,0,0.935,0.2,0.08,0.05,ITG_TEM
/pscratch/sd/j/joeschm/MGKDB_projects/KBM_classifier_IFS_data/global_cfs_cdirs_m2116_hatch_pscans_scanfiles0038/scanfiles0038,1.0469247,1,0.010709853,0,0.945,0.2,0.13106543,-0.55954103,KBM
/pscratch/sd/j/joeschm/MGKDB_projects/KBM_classifier_IFS_data/global_cfs_cdirs_m2116_hatch_pscans_scanfiles0038/scanfiles0038,1.0469247,1,0.010709853,0,0.955,0.2,0.14556603,-0.96029023,KBM
/pscratch/sd/j/joeschm/MGKDB_projects/KBM_classifier_IFS_data/global_cfs_cdirs_m2116_hatch_pscans_scanfiles0038/scanfiles0038,1.0469247,1,0.010709853,0,0.965,0.2,0.019892402,-1.3446445,KBM
/pscratch/sd/j/joeschm/MGKDB_projects/KBM_classifier_IFS_data/global_cfs_cdirs_m2116_hatch_pscans_scanfiles0038/scanfiles0038,1.0469247,1,0.010709853,0,0.975,0.2,0.21795999,-0.98662834,KBM
/pscratch/sd/j/joeschm/MGKDB_projects/KBM_classifier_IFS_data/global_cfs_cdirs_m2116_hatch_pscans_scanfiles0038/scanfiles0038,1.0469247,1,0.010709853,0,0.985,0.2,0.020906625,-0.38552075,
/pscratch/sd/j/joeschm/MGKDB_projects/KBM_classifier_IFS_data/global_cfs_cdirs_m2116_hatch_pscans_scanfiles0038/scanfiles0038,1.0469247,1,0.010709853,0,0.995,0.2,1.2479476,3.6596868,KBM
/pscratch/sd/j/joeschm/MGKDB_projects/KBM_classifier_IFS_data/global_cfs_cdirs_m2116_hatch_pscans_scanfiles0038/scanfiles0038,1.0469247,1,0.010709853,0,0.935,0.30000001,0.13996403,0.020022409,ITG_TEM
/pscratch/sd/j/joeschm/MGKDB_projects/KBM_classifier_IFS_data/global_cfs_cdirs_m2116_hatch_pscans_scanfiles0038/scanfiles0038,1.0469247,1,0.010709853,0,0.945,0.30000001,0.31950166,-0.673673,KBM
/pscratch/sd/j/joeschm/MGKDB_projects/KBM_classifier_IFS_data/global_cfs_cdirs_m2116_hatch_pscans_scanfiles0038/scanfiles0038,1.0469247,1,0.010709853,0,0.955,0.30000001,0.39105405,-0.97312097,KBM
/pscratch/sd/j/joeschm/MGKDB_projects/KBM_classifier_IFS_data/global_cfs_cdirs_m2116_hatch_pscans_scanfiles0038/scanfiles0038,1.0469247,1,0.010709853,0,0.965,0.30000001,0.16036984,-1.0208661,KBM
/pscratch/sd/j/joeschm/MGKDB_projects/KBM_classifier_IFS_data/global_cfs_cdirs_m2116_hatch_pscans_scanfiles0038/scanfiles0038,1.0469247,1,0.010709853,0,0.975,0.30000001,0.3829306,-0.51361234,ITG_TEM
/pscratch/sd/j/joeschm/MGKDB_projects/KBM_classifier_IFS_data/global_cfs_cdirs_m2116_hatch_pscans_scanfiles0038/scanfiles0038,1.0469247,1,0.010709853,0,0.985,0.30000001,-1,-1,ITG_TEM
/pscratch/sd/j/joeschm/MGKDB_projects/KBM_classifier_IFS_data/global_cfs_cdirs_m2116_hatch_pscans_scanfiles0038/scanfiles0038,1.0469247,1,0.010709853,0,0.995,0.30000001,1.1649753,-5.675393,ETG
/pscratch/sd/j/joeschm/MGKDB_projects/KBM_classifier_IFS_data/global_cfs_cdirs_m2116_hatch_pscans_scanfiles0038/scanfiles0038,1.0469247,1,0.010709853,0,0.935,0.40000001,0.21746484,0.014631759,ITG_TEM
/pscratch/sd/j/joeschm/MGKDB_projects/KBM_classifier_IFS_data/global_cfs_cdirs_m2116_hatch_pscans_scanfiles0038/scanfiles0038,1.0469247,1,0.010709853,0,0.945,0.40000001,0.47129588,-0.69146493,KBM
/pscratch/sd/j/joeschm/MGKDB_projects/KBM_classifier_IFS_data/global_cfs_cdirs_m2116_hatch_pscans_scanfiles0038/scanfiles0038,1.0469247,1,0.010709853,0,0.955,0.40000001,0.54370303,-0.90297224,KBM
/pscratch/sd/j/joeschm/MGKDB_projects/KBM_classifier_IFS_data/global_cfs_cdirs_m2116_hatch_pscans_scanfiles0038/scanfiles0038,1.0469247,1,0.010709853,0,0.965,0.40000001,0.24221351,-0.77538905,KBM
/pscratch/sd/j/joeschm/MGKDB_projects/KBM_classifier_IFS_data/global_cfs_cdirs_m2116_hatch_pscans_scanfiles0038/scanfiles0038,1.0469247,1,0.010709853,0,0.975,0.40000001,0.31912822,-0.15254858,
/pscratch/sd/j/joeschm/MGKDB_projects/KBM_classifier_IFS_data/global_cfs_cdirs_m2116_hatch_pscans_scanfiles0038/scanfiles0038,1.0469247,1,0.010709853,0,0.985,0.40000001,0.361,-4.936,ETG
/pscratch/sd/j/joeschm/MGKDB_projects/KBM_classifier_IFS_data/global_cfs_cdirs_m2116_hatch_pscans_scanfiles0038/scanfiles0038,1.0469247,1,0.010709853,0,0.995,0.40000001,1.947,-6.561,ETG
/pscratch/sd/j/joeschm/MGKDB_projects/KBM_classifier_IFS_data/global_cfs_cdirs_m2116_hatch_pscans_scanfiles0038/scanfiles0038,1.0469247,1,0.010709853,0,0.935,0.60000002,0.34790146,0.087103141,ITG_TEM
/pscratch/sd/j/joeschm/MGKDB_projects/KBM_classifier_IFS_data/global_cfs_cdirs_m2116_hatch_pscans_scanfiles0038/scanfiles0038,1.0469247,1,0.010709853,0,0.945,0.60000002,0.6503474,-0.63310947,KBM
/pscratch/sd/j/joeschm/MGKDB_projects/KBM_classifier_IFS_data/global_cfs_cdirs_m2116_hatch_pscans_scanfiles0038/scanfiles0038,1.0469247,1,0.010709853,0,0.955,0.60000002,0.70273219,-0.7411544,KBM
/pscratch/sd/j/joeschm/MGKDB_projects/KBM_classifier_IFS_data/global_cfs_cdirs_m2116_hatch_pscans_scanfiles0038/scanfiles0038,1.0469247,1,0.010709853,0,0.965,0.60000002,0.22640748,-0.49042205,ITG_TEM
/pscratch/sd/j/joeschm/MGKDB_projects/KBM_classifier_IFS_data/global_cfs_cdirs_m2116_hatch_pscans_scanfiles0038/scanfiles0038,1.0469247,1,0.010709853,0,0.975,0.60000002,0.019081695,-3.7909766,ETG
/pscratch/sd/j/joeschm/MGKDB_projects/KBM_classifier_IFS_data/global_cfs_cdirs_m2116_hatch_pscans_scanfiles0038/scanfiles0038,1.0469247,1,0.010709853,0,0.985,0.60000002,1.126,-6.612,ETG
/pscratch/sd/j/joeschm/MGKDB_projects/KBM_classifier_IFS_data/global_cfs_cdirs_m2116_hatch_pscans_scanfiles0038/scanfiles0038,1.0469247,1,0.010709853,0,0.995,0.60000002,3.182,-8.915,ETG
/pscratch/sd/j/joeschm/MGKDB_projects/KBM_classifier_IFS_data/global_cfs_cdirs_m2116_hatch_pscans_scanfiles0038/scanfiles0038,1.0469247,1,0.010709853,0,0.935,0.80000001,0.39706286,0.2083641,ITG_TEM
/pscratch/sd/j/joeschm/MGKDB_projects/KBM_classifier_IFS_data/global_cfs_cdirs_m2116_hatch_pscans_scanfiles0038/scanfiles0038,1.0469247,1,0.010709853,0,0.945,0.80000001,0.73333157,-0.55233324,ITG_TEM
/pscratch/sd/j/joeschm/MGKDB_projects/KBM_classifier_IFS_data/global_cfs_cdirs_m2116_hatch_pscans_scanfiles0038/scanfiles0038,1.0469247,1,0.010709853,0,0.955,0.80000001,0.77985784,-0.59985131,KBM
/pscratch/sd/j/joeschm/MGKDB_projects/KBM_classifier_IFS_data/global_cfs_cdirs_m2116_hatch_pscans_scanfiles0038/scanfiles0038,1.0469247,1,0.010709853,0,0.965,0.80000001,0.093265702,-0.40167302,ITG_TEM
/pscratch/sd/j/joeschm/MGKDB_projects/KBM_classifier_IFS_data/global_cfs_cdirs_m2116_hatch_pscans_scanfiles0038/scanfiles0038,1.0469247,1,0.010709853,0,0.975,0.80000001,0.599,-4.586,ETG
/pscratch/sd/j/joeschm/MGKDB_projects/KBM_classifier_IFS_data/global_cfs_cdirs_m2116_hatch_pscans_scanfiles0038/scanfiles0038,1.0469247,1,0.010709853,0,0.985,0.80000001,1.63,-8.682,ETG
/pscratch/sd/j/joeschm/MGKDB_projects/KBM_classifier_IFS_data/global_cfs_cdirs_m2116_hatch_pscans_scanfiles0038/scanfiles0038,1.0469247,1,0.010709853,0,0.995,0.80000001,3.673,-11.908,ETG
/pscratch/sd/j/joeschm/MGKDB_projects/KBM_classifier_IFS_data/global_cfs_cdirs_m2116_hatch_pscans_scanfiles0038/scanfiles0038,1.0469247,1,0.010709853,0,0.935,1,0.386,0.327,ITG_TEM
/pscratch/sd/j/joeschm/MGKDB_projects/KBM_classifier_IFS_data/global_cfs_cdirs_m2116_hatch_pscans_scanfiles0038/scanfiles0038,1.0469247,1,0.010709853,0,0.945,1,0.775,-0.481,ITG_TEM
/pscratch/sd/j/joeschm/MGKDB_projects/KBM_classifier_IFS_data/global_cfs_cdirs_m2116_hatch_pscans_scanfiles0038/scanfiles0038,1.0469247,1,0.010709853,0,0.955,1,0.81516947,-0.48219444,ITG_TEM
/pscratch/sd/j/joeschm/MGKDB_projects/KBM_classifier_IFS_data/global_cfs_cdirs_m2116_hatch_pscans_scanfiles0038/scanfiles0038,1.0469247,1,0.010709853,0,0.965,1,0.023819845,-0.49716397,ITG_TEM
/pscratch/sd/j/joeschm/MGKDB_projects/KBM_classifier_IFS_data/global_cfs_cdirs_m2116_hatch_pscans_scanfiles0038/scanfiles0038,1.0469247,1,0.010709853,0,0.975,1,0.989,-5.469,ETG
/pscratch/sd/j/joeschm/MGKDB_projects/KBM_classifier_IFS_data/global_cfs_cdirs_m2116_hatch_pscans_scanfiles0038/scanfiles0038,1.0469247,1,0.010709853,0,0.985,1,1.653,-11.013,ETG
/pscratch/sd/j/joeschm/MGKDB_projects/KBM_classifier_IFS_data/global_cfs_cdirs_m2116_hatch_pscans_scanfiles0038/scanfiles0038,1.0469247,1,0.010709853,0,0.995,1,3.169,-15.111,ETG
/pscratch/sd/j/joeschm/MGKDB_projects/KBM_classifier_IFS_data/global_cfs_cdirs_m2116_hatch_pscans_scanfiles0038/scanfiles0038,1.0469247,1,0.010709853,0,0.935,1.1,0.364,0.378,ITG_TEM
/pscratch/sd/j/joeschm/MGKDB_projects/KBM_classifier_IFS_data/global_cfs_cdirs_m2116_hatch_pscans_scanfiles0038/scanfiles0038,1.0469247,1,0.010709853,0,0.945,1.1,0.789,-0.451,ITG_TEM
/pscratch/sd/j/joeschm/MGKDB_projects/KBM_classifier_IFS_data/global_cfs_cdirs_m2116_hatch_pscans_scanfiles0038/scanfiles0038,1.0469247,1,0.010709853,0,0.955,1.1,0.823,-0.432,ITG_TEM
/pscratch/sd/j/joeschm/MGKDB_projects/KBM_classifier_IFS_data/global_cfs_cdirs_m2116_hatch_pscans_scanfiles0038/scanfiles0038,1.0469247,1,0.010709853,0,0.965,1.1,0.046589943,-0.52039158,ITG_TEM
/pscratch/sd/j/joeschm/MGKDB_projects/KBM_classifier_IFS_data/global_cfs_cdirs_m2116_hatch_pscans_scanfiles0038/scanfiles0038,1.0469247,1,0.010709853,0,0.975,1.1,1.173,-5.959,ETG
/pscratch/sd/j/joeschm/MGKDB_projects/KBM_classifier_IFS_data/global_cfs_cdirs_m2116_hatch_pscans_scanfiles0038/scanfiles0038,1.0469247,1,0.010709853,0,0.985,1.1,1.469,-12.229,ETG
/pscratch/sd/j/joeschm/MGKDB_projects/KBM_classifier_IFS_data/global_cfs_cdirs_m2116_hatch_pscans_scanfiles0038/scanfiles0038,1.0469247,1,0.010709853,0,0.995,1.1,2.5709471,-16.648538,ETG
/pscratch/sd/j/joeschm/MGKDB_projects/KBM_classifier_IFS_data/global_cfs_cdirs_m2116_hatch_pscans_scanfiles0039/scanfiles0039,1.1407684,1,0.032135217,0,0.935,0.050000001,-1,-1,MTM
/pscratch/sd/j/joeschm/MGKDB_projects/KBM_classifier_IFS_data/global_cfs_cdirs_m2116_hatch_pscans_scanfiles0039/scanfiles0039,1.1407684,1,0.032135217,0,0.945,0.050000001,-1,-1,MTM
/pscratch/sd/j/joeschm/MGKDB_projects/KBM_classifier_IFS_data/global_cfs_cdirs_m2116_hatch_pscans_scanfiles0039/scanfiles0039,1.1407684,1,0.032135217,0,0.955,0.050000001,0.40529334,0.02942195,KBM
/pscratch/sd/j/joeschm/MGKDB_projects/KBM_classifier_IFS_data/global_cfs_cdirs_m2116_hatch_pscans_scanfiles0039/scanfiles0039,1.1407684,1,0.032135217,0,0.965,0.050000001,-1,-1,ITG_TEM
/pscratch/sd/j/joeschm/MGKDB_projects/KBM_classifier_IFS_data/global_cfs_cdirs_m2116_hatch_pscans_scanfiles0039/scanfiles0039,1.1407684,1,0.032135217,0,0.975,0.050000001,0.15339821,-3.9415714,MTM
/pscratch/sd/j/joeschm/MGKDB_projects/KBM_classifier_IFS_data/global_cfs_cdirs_m2116_hatch_pscans_scanfiles0039/scanfiles0039,1.1407684,1,0.032135217,0,0.985,0.050000001,-1,-1,ITG_TEM
/pscratch/sd/j/joeschm/MGKDB_projects/KBM_classifier_IFS_data/global_cfs_cdirs_m2116_hatch_pscans_scanfiles0039/scanfiles0039,1.1407684,1,0.032135217,0,0.995,0.050000001,2.9457507,-6.5853805,KBM
/pscratch/sd/j/joeschm/MGKDB_projects/KBM_classifier_IFS_data/global_cfs_cdirs_m2116_hatch_pscans_scanfiles0039/scanfiles0039,1.1407684,1,0.032135217,0,0.935,0.1,0.04,-0.6,MTM
/pscratch/sd/j/joeschm/MGKDB_projects/KBM_classifier_IFS_data/global_cfs_cdirs_m2116_hatch_pscans_scanfiles0039/scanfiles0039,1.1407684,1,0.032135217,0,0.945,0.1,0.041764149,-0.21888936,KBM
/pscratch/sd/j/joeschm/MGKDB_projects/KBM_classifier_IFS_data/global_cfs_cdirs_m2116_hatch_pscans_scanfiles0039/scanfiles0039,1.1407684,1,0.032135217,0,0.955,0.1,0.60953186,0.18153769,KBM
/pscratch/sd/j/joeschm/MGKDB_projects/KBM_classifier_IFS_data/global_cfs_cdirs_m2116_hatch_pscans_scanfiles0039/scanfiles0039,1.1407684,1,0.032135217,0,0.965,0.1,0.064392476,-4.0459743,MTM
/pscratch/sd/j/joeschm/MGKDB_projects/KBM_classifier_IFS_data/global_cfs_cdirs_m2116_hatch_pscans_scanfiles0039/scanfiles0039,1.1407684,1,0.032135217,0,0.975,0.1,-1,-1,ITG_TEM
/pscratch/sd/j/joeschm/MGKDB_projects/KBM_classifier_IFS_data/global_cfs_cdirs_m2116_hatch_pscans_scanfiles0039/scanfiles0039,1.1407684,1,0.032135217,0,0.985,0.1,0.22347276,-1.6372455,ITG_TEM
/pscratch/sd/j/joeschm/MGKDB_projects/KBM_classifier_IFS_data/global_cfs_cdirs_m2116_hatch_pscans_scanfiles0039/scanfiles0039,1.1407684,1,0.032135217,0,0.995,0.1,15.304831,-0.98037528,KBM
/pscratch/sd/j/joeschm/MGKDB_projects/KBM_classifier_IFS_data/global_cfs_cdirs_m2116_hatch_pscans_scanfiles0039/scanfiles0039,1.1407684,1,0.032135217,0,0.935,0.2,0.13522356,0.044696507,ITG_TEM
/pscratch/sd/j/joeschm/MGKDB_projects/KBM_classifier_IFS_data/global_cfs_cdirs_m2116_hatch_pscans_scanfiles0039/scanfiles0039,1.1407684,1,0.032135217,0,0.945,0.2,0.21936227,-0.33724792,KBM
/pscratch/sd/j/joeschm/MGKDB_projects/KBM_classifier_IFS_data/global_cfs_cdirs_m2116_hatch_pscans_scanfiles0039/scanfiles0039,1.1407684,1,0.032135217,0,0.955,0.2,0.59958147,0.37168186,KBM
/pscratch/sd/j/joeschm/MGKDB_projects/KBM_classifier_IFS_data/global_cfs_cdirs_m2116_hatch_pscans_scanfiles0039/scanfiles0039,1.1407684,1,0.032135217,0,0.965,0.2,-1,-1,
/pscratch/sd/j/joeschm/MGKDB_projects/KBM_classifier_IFS_data/global_cfs_cdirs_m2116_hatch_pscans_scanfiles0039/scanfiles0039,1.1407684,1,0.032135217,0,0.975,0.2,0.30836634,-1.5455709,ITG_TEM
/pscratch/sd/j/joeschm/MGKDB_projects/KBM_classifier_IFS_data/global_cfs_cdirs_m2116_hatch_pscans_scanfiles0039/scanfiles0039,1.1407684,1,0.032135217,0,0.985,0.2,0.17128446,-0.58843314,
/pscratch/sd/j/joeschm/MGKDB_projects/KBM_classifier_IFS_data/global_cfs_cdirs_m2116_hatch_pscans_scanfiles0039/scanfiles0039,1.1407684,1,0.032135217,0,0.995,0.2,5.8027034,14.391229,KBM
/pscratch/sd/j/joeschm/MGKDB_projects/KBM_classifier_IFS_data/global_cfs_cdirs_m2116_hatch_pscans_scanfiles0039/scanfiles0039,1.1407684,1,0.032135217,0,0.935,0.30000001,0.24137538,0.0048350261,KBM
/pscratch/sd/j/joeschm/MGKDB_projects/KBM_classifier_IFS_data/global_cfs_cdirs_m2116_hatch_pscans_scanfiles0039/scanfiles0039,1.1407684,1,0.032135217,0,0.945,0.30000001,0.39206687,-0.37228527,KBM
/pscratch/sd/j/joeschm/MGKDB_projects/KBM_classifier_IFS_data/global_cfs_cdirs_m2116_hatch_pscans_scanfiles0039/scanfiles0039,1.1407684,1,0.032135217,0,0.955,0.30000001,0.42274287,0.42851173,KBM
/pscratch/sd/j/joeschm/MGKDB_projects/KBM_classifier_IFS_data/global_cfs_cdirs_m2116_hatch_pscans_scanfiles0039/scanfiles0039,1.1407684,1,0.032135217,0,0.965,0.30000001,0.16899094,-1.6851558,KBM
/pscratch/sd/j/joeschm/MGKDB_projects/KBM_classifier_IFS_data/global_cfs_cdirs_m2116_hatch_pscans_scanfiles0039/scanfiles0039,1.1407684,1,0.032135217,0,0.975,0.30000001,0.63599516,-0.93427981,
/pscratch/sd/j/joeschm/MGKDB_projects/KBM_classifier_IFS_data/global_cfs_cdirs_m2116_hatch_pscans_scanfiles0039/scanfiles0039,1.1407684,1,0.032135217,0,0.985,0.30000001,0.071787302,-4.1650622,ETG
/pscratch/sd/j/joeschm/MGKDB_projects/KBM_classifier_IFS_data/global_cfs_cdirs_m2116_hatch_pscans_scanfiles0039/scanfiles0039,1.1407684,1,0.032135217,0,0.995,0.30000001,1.2466352,-5.9603537,ETG
/pscratch/sd/j/joeschm/MGKDB_projects/KBM_classifier_IFS_data/global_cfs_cdirs_m2116_hatch_pscans_scanfiles0039/scanfiles0039,1.1407684,1,0.032135217,0,0.935,0.40000001,0.35425885,0.023459766,ITG_TEM
/pscratch/sd/j/joeschm/MGKDB_projects/KBM_classifier_IFS_data/global_cfs_cdirs_m2116_hatch_pscans_scanfiles0039/scanfiles0039,1.1407684,1,0.032135217,0,0.945,0.40000001,0.51798151,-0.36342226,KBM
/pscratch/sd/j/joeschm/MGKDB_projects/KBM_classifier_IFS_data/global_cfs_cdirs_m2116_hatch_pscans_scanfiles0039/scanfiles0039,1.1407684,1,0.032135217,0,0.955,0.40000001,0.34970819,-0.11845568,KBM
/pscratch/sd/j/joeschm/MGKDB_projects/KBM_classifier_IFS_data/global_cfs_cdirs_m2116_hatch_pscans_scanfiles0039/scanfiles0039,1.1407684,1,0.032135217,0,0.965,0.40000001,0.21650747,-1.4611901,ITG_TEM
/pscratch/sd/j/joeschm/MGKDB_projects/KBM_classifier_IFS_data/global_cfs_cdirs_m2116_hatch_pscans_scanfiles0039/scanfiles0039,1.1407684,1,0.032135217,0,0.975,0.40000001,0.6487857,-0.46993141,
/pscratch/sd/j/joeschm/MGKDB_projects/KBM_classifier_IFS_data/global_cfs_cdirs_m2116_hatch_pscans_scanfiles0039/scanfiles0039,1.1407684,1,0.032135217,0,0.985,0.40000001,0.481,-4.921,ETG
/pscratch/sd/j/joeschm/MGKDB_projects/KBM_classifier_IFS_data/global_cfs_cdirs_m2116_hatch_pscans_scanfiles0039/scanfiles0039,1.1407684,1,0.032135217,0,0.995,0.40000001,2.072,-7.456,ETG
/pscratch/sd/j/joeschm/MGKDB_projects/KBM_classifier_IFS_data/global_cfs_cdirs_m2116_hatch_pscans_scanfiles0039/scanfiles0039,1.1407684,1,0.032135217,0,0.935,0.60000002,0.49741318,0.1246069,ITG_TEM
/pscratch/sd/j/joeschm/MGKDB_projects/KBM_classifier_IFS_data/global_cfs_cdirs_m2116_hatch_pscans_scanfiles0039/scanfiles0039,1.1407684,1,0.032135217,0,0.945,0.60000002,0.6550334,-0.31238148,KBM
/pscratch/sd/j/joeschm/MGKDB_projects/KBM_classifier_IFS_data/global_cfs_cdirs_m2116_hatch_pscans_scanfiles0039/scanfiles0039,1.1407684,1,0.032135217,0,0.955,0.60000002,0.50968909,-0.15700396,KBM
/pscratch/sd/j/joeschm/MGKDB_projects/KBM_classifier_IFS_data/global_cfs_cdirs_m2116_hatch_pscans_scanfiles0039/scanfiles0039,1.1407684,1,0.032135217,0,0.965,0.60000002,0.07516563,-0.84680478,ITG_TEM
/pscratch/sd/j/joeschm/MGKDB_projects/KBM_classifier_IFS_data/global_cfs_cdirs_m2116_hatch_pscans_scanfiles0039/scanfiles0039,1.1407684,1,0.032135217,0,0.975,0.60000002,0.37187477,-3.6160085,ITG_TEM
/pscratch/sd/j/joeschm/MGKDB_projects/KBM_classifier_IFS_data/global_cfs_cdirs_m2116_hatch_pscans_scanfiles0039/scanfiles0039,1.1407684,1,0.032135217,0,0.985,0.60000002,1.219,-6.643,ETG
/pscratch/sd/j/joeschm/MGKDB_projects/KBM_classifier_IFS_data/global_cfs_cdirs_m2116_hatch_pscans_scanfiles0039/scanfiles0039,1.1407684,1,0.032135217,0,0.995,0.60000002,3.027,-11.172,ETG
/pscratch/sd/j/joeschm/MGKDB_projects/KBM_classifier_IFS_data/global_cfs_cdirs_m2116_hatch_pscans_scanfiles0039/scanfiles0039,1.1407684,1,0.032135217,0,0.935,0.80000001,0.54853536,0.24927199,ITG_TEM
/pscratch/sd/j/joeschm/MGKDB_projects/KBM_classifier_IFS_data/global_cfs_cdirs_m2116_hatch_pscans_scanfiles0039/scanfiles0039,1.1407684,1,0.032135217,0,0.945,0.80000001,0.71988984,-0.25967352,KBM
/pscratch/sd/j/joeschm/MGKDB_projects/KBM_classifier_IFS_data/global_cfs_cdirs_m2116_hatch_pscans_scanfiles0039/scanfiles0039,1.1407684,1,0.032135217,0,0.955,0.80000001,0.6069389,-0.15459378,KBM
/pscratch/sd/j/joeschm/MGKDB_projects/KBM_classifier_IFS_data/global_cfs_cdirs_m2116_hatch_pscans_scanfiles0039/scanfiles0039,1.1407684,1,0.032135217,0,0.965,0.80000001,-0.0091485319,-0.52368327,ITG_TEM
/pscratch/sd/j/joeschm/MGKDB_projects/KBM_classifier_IFS_data/global_cfs_cdirs_m2116_hatch_pscans_scanfiles0039/scanfiles0039,1.1407684,1,0.032135217,0,0.975,0.80000001,0.94,-3.765,ETG
/pscratch/sd/j/joeschm/MGKDB_projects/KBM_classifier_IFS_data/global_cfs_cdirs_m2116_hatch_pscans_scanfiles0039/scanfiles0039,1.1407684,1,0.032135217,0,0.985,0.80000001,1.584,-8.957,ETG
/pscratch/sd/j/joeschm/MGKDB_projects/KBM_classifier_IFS_data/global_cfs_cdirs_m2116_hatch_pscans_scanfiles0039/scanfiles0039,1.1407684,1,0.032135217,0,0.995,0.80000001,2.6119803,-15.106425,ETG
/pscratch/sd/j/joeschm/MGKDB_projects/KBM_classifier_IFS_data/global_cfs_cdirs_m2116_hatch_pscans_scanfiles0039/scanfiles0039,1.1407684,1,0.032135217,0,0.935,1,0.542,0.37,ITG_TEM
/pscratch/sd/j/joeschm/MGKDB_projects/KBM_classifier_IFS_data/global_cfs_cdirs_m2116_hatch_pscans_scanfiles0039/scanfiles0039,1.1407684,1,0.032135217,0,0.945,1,0.75665565,-0.21615768,ITG_TEM
/pscratch/sd/j/joeschm/MGKDB_projects/KBM_classifier_IFS_data/global_cfs_cdirs_m2116_hatch_pscans_scanfiles0039/scanfiles0039,1.1407684,1,0.032135217,0,0.955,1,0.67043955,-0.12981871,ITG_TEM
/pscratch/sd/j/joeschm/MGKDB_projects/KBM_classifier_IFS_data/global_cfs_cdirs_m2116_hatch_pscans_scanfiles0039/scanfiles0039,1.1407684,1,0.032135217,0,0.965,1,-1,-1,ETG
/pscratch/sd/j/joeschm/MGKDB_projects/KBM_classifier_IFS_data/global_cfs_cdirs_m2116_hatch_pscans_scanfiles0039/scanfiles0039,1.1407684,1,0.032135217,0,0.975,1,1.344,-4.313,ETG
/pscratch/sd/j/joeschm/MGKDB_projects/KBM_classifier_IFS_data/global_cfs_cdirs_m2116_hatch_pscans_scanfiles0039/scanfiles0039,1.1407684,1,0.032135217,0,0.985,1,2.062,-2.36,ETG
/pscratch/sd/j/joeschm/MGKDB_projects/KBM_classifier_IFS_data/global_cfs_cdirs_m2116_hatch_pscans_scanfiles0039/scanfiles0039,1.1407684,1,0.032135217,0,0.995,1,0.87149576,-18.708682,ETG
/pscratch/sd/j/joeschm/MGKDB_projects/KBM_classifier_IFS_data/global_cfs_cdirs_m2116_hatch_pscans_scanfiles0039/scanfiles0039,1.1407684,1,0.032135217,0,0.935,1.1,0.524,0.425,ITG_TEM
/pscratch/sd/j/joeschm/MGKDB_projects/KBM_classifier_IFS_data/global_cfs_cdirs_m2116_hatch_pscans_scanfiles0039/scanfiles0039,1.1407684,1,0.032135217,0,0.945,1.1,0.77,-0.199,ITG_TEM
/pscratch/sd/j/joeschm/MGKDB_projects/KBM_classifier_IFS_data/global_cfs_cdirs_m2116_hatch_pscans_scanfiles0039/scanfiles0039,1.1407684,1,0.032135217,0,0.955,1.1,0.69377616,-0.11431843,ITG_TEM
/pscratch/sd/j/joeschm/MGKDB_projects/KBM_classifier_IFS_data/global_cfs_cdirs_m2116_hatch_pscans_scanfiles0039/scanfiles0039,1.1407684,1,0.032135217,0,0.965,1.1,0.053,-3.265,ETG
/pscratch/sd/j/joeschm/MGKDB_projects/KBM_classifier_IFS_data/global_cfs_cdirs_m2116_hatch_pscans_scanfiles0039/scanfiles0039,1.1407684,1,0.032135217,0,0.975,1.1,1.546,-4.636,ETG
/pscratch/sd/j/joeschm/MGKDB_projects/KBM_classifier_IFS_data/global_cfs_cdirs_m2116_hatch_pscans_scanfiles0039/scanfiles0039,1.1407684,1,0.032135217,0,0.985,1.1,2.619,-2.536,ETG
/pscratch/sd/j/joeschm/MGKDB_projects/KBM_classifier_IFS_data/global_cfs_cdirs_m2116_hatch_pscans_scanfiles0039/scanfiles0039,1.1407684,1,0.032135217,0,0.995,1.1,0.31943234,-2.9352579,ETG
/pscratch/sd/j/joeschm/MGKDB_projects/KBM_classifier_IFS_data/global_cfs_cdirs_m2116_hatch_pscans_scanfiles0040/scanfiles0040,1.2346086,1,0.053511014,0,0.935,0.050000001,-1,-1,MTM
/pscratch/sd/j/joeschm/MGKDB_projects/KBM_classifier_IFS_data/global_cfs_cdirs_m2116_hatch_pscans_scanfiles0040/scanfiles0040,1.2346086,1,0.053511014,0,0.945,0.050000001,-1,-1,MTM
/pscratch/sd/j/joeschm/MGKDB_projects/KBM_classifier_IFS_data/global_cfs_cdirs_m2116_hatch_pscans_scanfiles0040/scanfiles0040,1.2346086,1,0.053511014,0,0.955,0.050000001,-1,-1,
/pscratch/sd/j/joeschm/MGKDB_projects/KBM_classifier_IFS_data/global_cfs_cdirs_m2116_hatch_pscans_scanfiles0040/scanfiles0040,1.2346086,1,0.053511014,0,0.965,0.050000001,0.093896571,-2.4357012,MTM
/pscratch/sd/j/joeschm/MGKDB_projects/KBM_classifier_IFS_data/global_cfs_cdirs_m2116_hatch_pscans_scanfiles0040/scanfiles0040,1.2346086,1,0.053511014,0,0.975,0.050000001,0.1955429,-4.0129265,MTM
/pscratch/sd/j/joeschm/MGKDB_projects/KBM_classifier_IFS_data/global_cfs_cdirs_m2116_hatch_pscans_scanfiles0040/scanfiles0040,1.2346086,1,0.053511014,0,0.985,0.050000001,-1,-1,KBM
/pscratch/sd/j/joeschm/MGKDB_projects/KBM_classifier_IFS_data/global_cfs_cdirs_m2116_hatch_pscans_scanfiles0040/scanfiles0040,1.2346086,1,0.053511014,0,0.995,0.050000001,2.7306301,-3.4030777,KBM
/pscratch/sd/j/joeschm/MGKDB_projects/KBM_classifier_IFS_data/global_cfs_cdirs_m2116_hatch_pscans_scanfiles0040/scanfiles0040,1.2346086,1,0.053511014,0,0.935,0.1,0.052914583,-0.63324758,MTM
/pscratch/sd/j/joeschm/MGKDB_projects/KBM_classifier_IFS_data/global_cfs_cdirs_m2116_hatch_pscans_scanfiles0040/scanfiles0040,1.2346086,1,0.053511014,0,0.945,0.1,0.062672084,-0.22037423,KBM
/pscratch/sd/j/joeschm/MGKDB_projects/KBM_classifier_IFS_data/global_cfs_cdirs_m2116_hatch_pscans_scanfiles0040/scanfiles0040,1.2346086,1,0.053511014,0,0.955,0.1,0.071924259,-2.1463084,MTM
/pscratch/sd/j/joeschm/MGKDB_projects/KBM_classifier_IFS_data/global_cfs_cdirs_m2116_hatch_pscans_scanfiles0040/scanfiles0040,1.2346086,1,0.053511014,0,0.965,0.1,0.07975637,-4.1226368,MTM
/pscratch/sd/j/joeschm/MGKDB_projects/KBM_classifier_IFS_data/global_cfs_cdirs_m2116_hatch_pscans_scanfiles0040/scanfiles0040,1.2346086,1,0.053511014,0,0.975,0.1,-1,-1,
/pscratch/sd/j/joeschm/MGKDB_projects/KBM_classifier_IFS_data/global_cfs_cdirs_m2116_hatch_pscans_scanfiles0040/scanfiles0040,1.2346086,1,0.053511014,0,0.985,0.1,0.35427216,-1.6694074,ITG_TEM
/pscratch/sd/j/joeschm/MGKDB_projects/KBM_classifier_IFS_data/global_cfs_cdirs_m2116_hatch_pscans_scanfiles0040/scanfiles0040,1.2346086,1,0.053511014,0,0.995,0.1,10.536548,-1.0649845,KBM
/pscratch/sd/j/joeschm/MGKDB_projects/KBM_classifier_IFS_data/global_cfs_cdirs_m2116_hatch_pscans_scanfiles0040/scanfiles0040,1.2346086,1,0.053511014,0,0.935,0.2,-1,-1,ITG_TEM
/pscratch/sd/j/joeschm/MGKDB_projects/KBM_classifier_IFS_data/global_cfs_cdirs_m2116_hatch_pscans_scanfiles0040/scanfiles0040,1.2346086,1,0.053511014,0,0.945,0.2,0.25548318,-0.31298443,KBM
/pscratch/sd/j/joeschm/MGKDB_projects/KBM_classifier_IFS_data/global_cfs_cdirs_m2116_hatch_pscans_scanfiles0040/scanfiles0040,1.2346086,1,0.053511014,0,0.955,0.2,0.018961861,-0.96959737,
/pscratch/sd/j/joeschm/MGKDB_projects/KBM_classifier_IFS_data/global_cfs_cdirs_m2116_hatch_pscans_scanfiles0040/scanfiles0040,1.2346086,1,0.053511014,0,0.965,0.2,-1,-1,ITG_TEM
/pscratch/sd/j/joeschm/MGKDB_projects/KBM_classifier_IFS_data/global_cfs_cdirs_m2116_hatch_pscans_scanfiles0040/scanfiles0040,1.2346086,1,0.053511014,0,0.975,0.2,0.31663946,-1.6234441,ITG_TEM
/pscratch/sd/j/joeschm/MGKDB_projects/KBM_classifier_IFS_data/global_cfs_cdirs_m2116_hatch_pscans_scanfiles0040/scanfiles0040,1.2346086,1,0.053511014,0,0.985,0.2,0.41375736,-0.69812782,
/pscratch/sd/j/joeschm/MGKDB_projects/KBM_classifier_IFS_data/global_cfs_cdirs_m2116_hatch_pscans_scanfiles0040/scanfiles0040,1.2346086,1,0.053511014,0,0.995,0.2,1.9921689,-5.2455045,ETG
/pscratch/sd/j/joeschm/MGKDB_projects/KBM_classifier_IFS_data/global_cfs_cdirs_m2116_hatch_pscans_scanfiles0040/scanfiles0040,1.2346086,1,0.053511014,0,0.935,0.30000001,0.34625271,0.014776543,KBM
/pscratch/sd/j/joeschm/MGKDB_projects/KBM_classifier_IFS_data/global_cfs_cdirs_m2116_hatch_pscans_scanfiles0040/scanfiles0040,1.2346086,1,0.053511014,0,0.945,0.30000001,0.42443012,-0.32813886,KBM
/pscratch/sd/j/joeschm/MGKDB_projects/KBM_classifier_IFS_data/global_cfs_cdirs_m2116_hatch_pscans_scanfiles0040/scanfiles0040,1.2346086,1,0.053511014,0,0.955,0.30000001,0.22877279,-0.94337999,KBM
/pscratch/sd/j/joeschm/MGKDB_projects/KBM_classifier_IFS_data/global_cfs_cdirs_m2116_hatch_pscans_scanfiles0040/scanfiles0040,1.2346086,1,0.053511014,0,0.965,0.30000001,0.056675046,-1.6785442,ITG_TEM
/pscratch/sd/j/joeschm/MGKDB_projects/KBM_classifier_IFS_data/global_cfs_cdirs_m2116_hatch_pscans_scanfiles0040/scanfiles0040,1.2346086,1,0.053511014,0,0.975,0.30000001,0.83638829,-1.2159856,
/pscratch/sd/j/joeschm/MGKDB_projects/KBM_classifier_IFS_data/global_cfs_cdirs_m2116_hatch_pscans_scanfiles0040/scanfiles0040,1.2346086,1,0.053511014,0,0.985,0.30000001,1.124,-4.258,ETG
/pscratch/sd/j/joeschm/MGKDB_projects/KBM_classifier_IFS_data/global_cfs_cdirs_m2116_hatch_pscans_scanfiles0040/scanfiles0040,1.2346086,1,0.053511014,0,0.995,0.30000001,3.3495744,-6.35618,ETG
/pscratch/sd/j/joeschm/MGKDB_projects/KBM_classifier_IFS_data/global_cfs_cdirs_m2116_hatch_pscans_scanfiles0040/scanfiles0040,1.2346086,1,0.053511014,0,0.935,0.40000001,0.4703263,0.051633493,KBM
/pscratch/sd/j/joeschm/MGKDB_projects/KBM_classifier_IFS_data/global_cfs_cdirs_m2116_hatch_pscans_scanfiles0040/scanfiles0040,1.2346086,1,0.053511014,0,0.945,0.40000001,0.540158,-0.3097609,KBM
/pscratch/sd/j/joeschm/MGKDB_projects/KBM_classifier_IFS_data/global_cfs_cdirs_m2116_hatch_pscans_scanfiles0040/scanfiles0040,1.2346086,1,0.053511014,0,0.955,0.40000001,0.37000216,-0.86430304,KBM
/pscratch/sd/j/joeschm/MGKDB_projects/KBM_classifier_IFS_data/global_cfs_cdirs_m2116_hatch_pscans_scanfiles0040/scanfiles0040,1.2346086,1,0.053511014,0,0.965,0.40000001,0.29707721,-1.6169568,ITG_TEM
/pscratch/sd/j/joeschm/MGKDB_projects/KBM_classifier_IFS_data/global_cfs_cdirs_m2116_hatch_pscans_scanfiles0040/scanfiles0040,1.2346086,1,0.053511014,0,0.975,0.40000001,1.053,-0.775,
/pscratch/sd/j/joeschm/MGKDB_projects/KBM_classifier_IFS_data/global_cfs_cdirs_m2116_hatch_pscans_scanfiles0040/scanfiles0040,1.2346086,1,0.053511014,0,0.985,0.40000001,1.945,-5.088,ETG
/pscratch/sd/j/joeschm/MGKDB_projects/KBM_classifier_IFS_data/global_cfs_cdirs_m2116_hatch_pscans_scanfiles0040/scanfiles0040,1.2346086,1,0.053511014,0,0.995,0.40000001,4.683,-7.621,ETG
/pscratch/sd/j/joeschm/MGKDB_projects/KBM_classifier_IFS_data/global_cfs_cdirs_m2116_hatch_pscans_scanfiles0040/scanfiles0040,1.2346086,1,0.053511014,0,0.935,0.60000002,0.61598591,0.16097253,KBM
/pscratch/sd/j/joeschm/MGKDB_projects/KBM_classifier_IFS_data/global_cfs_cdirs_m2116_hatch_pscans_scanfiles0040/scanfiles0040,1.2346086,1,0.053511014,0,0.945,0.60000002,0.65923968,-0.24778506,KBM
/pscratch/sd/j/joeschm/MGKDB_projects/KBM_classifier_IFS_data/global_cfs_cdirs_m2116_hatch_pscans_scanfiles0040/scanfiles0040,1.2346086,1,0.053511014,0,0.955,0.60000002,0.51524137,-0.71832176,KBM
/pscratch/sd/j/joeschm/MGKDB_projects/KBM_classifier_IFS_data/global_cfs_cdirs_m2116_hatch_pscans_scanfiles0040/scanfiles0040,1.2346086,1,0.053511014,0,0.965,0.60000002,0.421,-1.597,ITG_TEM
/pscratch/sd/j/joeschm/MGKDB_projects/KBM_classifier_IFS_data/global_cfs_cdirs_m2116_hatch_pscans_scanfiles0040/scanfiles0040,1.2346086,1,0.053511014,0,0.975,0.60000002,1.454,-3.613,
/pscratch/sd/j/joeschm/MGKDB_projects/KBM_classifier_IFS_data/global_cfs_cdirs_m2116_hatch_pscans_scanfiles0040/scanfiles0040,1.2346086,1,0.053511014,0,0.985,0.60000002,3.302,-7.01,ETG
/pscratch/sd/j/joeschm/MGKDB_projects/KBM_classifier_IFS_data/global_cfs_cdirs_m2116_hatch_pscans_scanfiles0040/scanfiles0040,1.2346086,1,0.053511014,0,0.995,0.60000002,6.644,-10.813,ETG
/pscratch/sd/j/joeschm/MGKDB_projects/KBM_classifier_IFS_data/global_cfs_cdirs_m2116_hatch_pscans_scanfiles0040/scanfiles0040,1.2346086,1,0.053511014,0,0.935,0.80000001,0.66954774,0.28088256,ITG_TEM
/pscratch/sd/j/joeschm/MGKDB_projects/KBM_classifier_IFS_data/global_cfs_cdirs_m2116_hatch_pscans_scanfiles0040/scanfiles0040,1.2346086,1,0.053511014,0,0.945,0.80000001,0.70744151,-0.18571589,KBM
/pscratch/sd/j/joeschm/MGKDB_projects/KBM_classifier_IFS_data/global_cfs_cdirs_m2116_hatch_pscans_scanfiles0040/scanfiles0040,1.2346086,1,0.053511014,0,0.955,0.80000001,0.58392903,-0.60652339,KBM
/pscratch/sd/j/joeschm/MGKDB_projects/KBM_classifier_IFS_data/global_cfs_cdirs_m2116_hatch_pscans_scanfiles0040/scanfiles0040,1.2346086,1,0.053511014,0,0.965,0.80000001,0.351,-1.827,ETG
/pscratch/sd/j/joeschm/MGKDB_projects/KBM_classifier_IFS_data/global_cfs_cdirs_m2116_hatch_pscans_scanfiles0040/scanfiles0040,1.2346086,1,0.053511014,0,0.975,0.80000001,1.913,-3.259,ETG
/pscratch/sd/j/joeschm/MGKDB_projects/KBM_classifier_IFS_data/global_cfs_cdirs_m2116_hatch_pscans_scanfiles0040/scanfiles0040,1.2346086,1,0.053511014,0,0.985,0.80000001,4.286,-9.477,ETG
/pscratch/sd/j/joeschm/MGKDB_projects/KBM_classifier_IFS_data/global_cfs_cdirs_m2116_hatch_pscans_scanfiles0040/scanfiles0040,1.2346086,1,0.053511014,0,0.995,0.80000001,7.345,-14.649,ETG
/pscratch/sd/j/joeschm/MGKDB_projects/KBM_classifier_IFS_data/global_cfs_cdirs_m2116_hatch_pscans_scanfiles0040/scanfiles0040,1.2346086,1,0.053511014,0,0.935,1,0.667,0.396,ITG_TEM
/pscratch/sd/j/joeschm/MGKDB_projects/KBM_classifier_IFS_data/global_cfs_cdirs_m2116_hatch_pscans_scanfiles0040/scanfiles0040,1.2346086,1,0.053511014,0,0.945,1,0.729099,-0.13462888,KBM
/pscratch/sd/j/joeschm/MGKDB_projects/KBM_classifier_IFS_data/global_cfs_cdirs_m2116_hatch_pscans_scanfiles0040/scanfiles0040,1.2346086,1,0.053511014,0,0.955,1,0.61406979,-0.52170955,ITG_TEM
/pscratch/sd/j/joeschm/MGKDB_projects/KBM_classifier_IFS_data/global_cfs_cdirs_m2116_hatch_pscans_scanfiles0040/scanfiles0040,1.2346086,1,0.053511014,0,0.965,1,0.36,-2.371,ETG
/pscratch/sd/j/joeschm/MGKDB_projects/KBM_classifier_IFS_data/global_cfs_cdirs_m2116_hatch_pscans_scanfiles0040/scanfiles0040,1.2346086,1,0.053511014,0,0.975,1,2.591,-3.735,ETG
/pscratch/sd/j/joeschm/MGKDB_projects/KBM_classifier_IFS_data/global_cfs_cdirs_m2116_hatch_pscans_scanfiles0040/scanfiles0040,1.2346086,1,0.053511014,0,0.985,1,4.625,-12.258,ETG
/pscratch/sd/j/joeschm/MGKDB_projects/KBM_classifier_IFS_data/global_cfs_cdirs_m2116_hatch_pscans_scanfiles0040/scanfiles0040,1.2346086,1,0.053511014,0,0.995,1,6.668,-18.554,ETG
/pscratch/sd/j/joeschm/MGKDB_projects/KBM_classifier_IFS_data/global_cfs_cdirs_m2116_hatch_pscans_scanfiles0040/scanfiles0040,1.2346086,1,0.053511014,0,0.935,1.1,0.653,0.451,ITG_TEM
/pscratch/sd/j/joeschm/MGKDB_projects/KBM_classifier_IFS_data/global_cfs_cdirs_m2116_hatch_pscans_scanfiles0040/scanfiles0040,1.2346086,1,0.053511014,0,0.945,1.1,0.73629897,-0.11459878,ITG_TEM
/pscratch/sd/j/joeschm/MGKDB_projects/KBM_classifier_IFS_data/global_cfs_cdirs_m2116_hatch_pscans_scanfiles0040/scanfiles0040,1.2346086,1,0.053511014,0,0.955,1.1,0.62147749,-0.48730974,ITG_TEM
/pscratch/sd/j/joeschm/MGKDB_projects/KBM_classifier_IFS_data/global_cfs_cdirs_m2116_hatch_pscans_scanfiles0040/scanfiles0040,1.2346086,1,0.053511014,0,0.965,1.1,0.485,-2.725,ETG
/pscratch/sd/j/joeschm/MGKDB_projects/KBM_classifier_IFS_data/global_cfs_cdirs_m2116_hatch_pscans_scanfiles0040/scanfiles0040,1.2346086,1,0.053511014,0,0.975,1.1,2.893,-4.015,ETG
/pscratch/sd/j/joeschm/MGKDB_projects/KBM_classifier_IFS_data/global_cfs_cdirs_m2116_hatch_pscans_scanfiles0040/scanfiles0040,1.2346086,1,0.053511014,0,0.985,1.1,5.022,-1.998,ETG
/pscratch/sd/j/joeschm/MGKDB_projects/KBM_classifier_IFS_data/global_cfs_cdirs_m2116_hatch_pscans_scanfiles0040/scanfiles0040,1.2346086,1,0.053511014,0,0.995,1.1,5.892,-20.366,ETG
/pscratch/sd/j/joeschm/MGKDB_projects/KBM_classifier_IFS_data/global_cfs_cdirs_m2116_hatch_pscans_scanfiles0041/scanfiles0041,0.95307525,1.0797412,0.010709853,0.029865247,0.935,0.050000001,-1,-1,MTM
/pscratch/sd/j/joeschm/MGKDB_projects/KBM_classifier_IFS_data/global_cfs_cdirs_m2116_hatch_pscans_scanfiles0041/scanfiles0041,0.95307525,1.0797412,0.010709853,0.029865247,0.945,0.050000001,-1,-1,MTM
/pscratch/sd/j/joeschm/MGKDB_projects/KBM_classifier_IFS_data/global_cfs_cdirs_m2116_hatch_pscans_scanfiles0041/scanfiles0041,0.95307525,1.0797412,0.010709853,0.029865247,0.955,0.050000001,-1,-1,ITG_TEM
/pscratch/sd/j/joeschm/MGKDB_projects/KBM_classifier_IFS_data/global_cfs_cdirs_m2116_hatch_pscans_scanfiles0041/scanfiles0041,0.95307525,1.0797412,0.010709853,0.029865247,0.965,0.050000001,-1,-1,KBM
/pscratch/sd/j/joeschm/MGKDB_projects/KBM_classifier_IFS_data/global_cfs_cdirs_m2116_hatch_pscans_scanfiles0041/scanfiles0041,0.95307525,1.0797412,0.010709853,0.029865247,0.975,0.050000001,0.23741178,-3.8474061,MTM
/pscratch/sd/j/joeschm/MGKDB_projects/KBM_classifier_IFS_data/global_cfs_cdirs_m2116_hatch_pscans_scanfiles0041/scanfiles0041,0.95307525,1.0797412,0.010709853,0.029865247,0.985,0.050000001,0.062394087,0.075977395,ITG_TEM
/pscratch/sd/j/joeschm/MGKDB_projects/KBM_classifier_IFS_data/global_cfs_cdirs_m2116_hatch_pscans_scanfiles0041/scanfiles0041,0.95307525,1.0797412,0.010709853,0.029865247,0.995,0.050000001,3.166782,-2.5641852,KBM
/pscratch/sd/j/joeschm/MGKDB_projects/KBM_classifier_IFS_data/global_cfs_cdirs_m2116_hatch_pscans_scanfiles0041/scanfiles0041,0.95307525,1.0797412,0.010709853,0.029865247,0.935,0.1,-1,-1,MTM
/pscratch/sd/j/joeschm/MGKDB_projects/KBM_classifier_IFS_data/global_cfs_cdirs_m2116_hatch_pscans_scanfiles0041/scanfiles0041,0.95307525,1.0797412,0.010709853,0.029865247,0.945,0.1,-1,-1,MTM
/pscratch/sd/j/joeschm/MGKDB_projects/KBM_classifier_IFS_data/global_cfs_cdirs_m2116_hatch_pscans_scanfiles0041/scanfiles0041,0.95307525,1.0797412,0.010709853,0.029865247,0.955,0.1,0.087594882,-2.1066111,MTM
/pscratch/sd/j/joeschm/MGKDB_projects/KBM_classifier_IFS_data/global_cfs_cdirs_m2116_hatch_pscans_scanfiles0041/scanfiles0041,0.95307525,1.0797412,0.010709853,0.029865247,0.965,0.1,-1,-1,ITG_TEM
/pscratch/sd/j/joeschm/MGKDB_projects/KBM_classifier_IFS_data/global_cfs_cdirs_m2116_hatch_pscans_scanfiles0041/scanfiles0041,0.95307525,1.0797412,0.010709853,0.029865247,0.975,0.1,-1,-1,ITG_TEM
/pscratch/sd/j/joeschm/MGKDB_projects/KBM_classifier_IFS_data/global_cfs_cdirs_m2116_hatch_pscans_scanfiles0041/scanfiles0041,0.95307525,1.0797412,0.010709853,0.029865247,0.985,0.1,0.22800036,-9.7068444,MTM
/pscratch/sd/j/joeschm/MGKDB_projects/KBM_classifier_IFS_data/global_cfs_cdirs_m2116_hatch_pscans_scanfiles0041/scanfiles0041,0.95307525,1.0797412,0.010709853,0.029865247,0.995,0.1,7.0708261,3.0351369,KBM
/pscratch/sd/j/joeschm/MGKDB_projects/KBM_classifier_IFS_data/global_cfs_cdirs_m2116_hatch_pscans_scanfiles0041/scanfiles0041,0.95307525,1.0797412,0.010709853,0.029865247,0.935,0.2,0.055021793,0.064425246,ITG_TEM
/pscratch/sd/j/joeschm/MGKDB_projects/KBM_classifier_IFS_data/global_cfs_cdirs_m2116_hatch_pscans_scanfiles0041/scanfiles0041,0.95307525,1.0797412,0.010709853,0.029865247,0.945,0.2,0.08155225,-0.63956536,
/pscratch/sd/j/joeschm/MGKDB_projects/KBM_classifier_IFS_data/global_cfs_cdirs_m2116_hatch_pscans_scanfiles0041/scanfiles0041,0.95307525,1.0797412,0.010709853,0.029865247,0.955,0.2,0.13375465,-1.0218156,KBM
/pscratch/sd/j/joeschm/MGKDB_projects/KBM_classifier_IFS_data/global_cfs_cdirs_m2116_hatch_pscans_scanfiles0041/scanfiles0041,0.95307525,1.0797412,0.010709853,0.029865247,0.965,0.2,0.06521438,-1.0560204,KBM
/pscratch/sd/j/joeschm/MGKDB_projects/KBM_classifier_IFS_data/global_cfs_cdirs_m2116_hatch_pscans_scanfiles0041/scanfiles0041,0.95307525,1.0797412,0.010709853,0.029865247,0.975,0.2,0.12566286,-0.46313368,ITG_TEM
/pscratch/sd/j/joeschm/MGKDB_projects/KBM_classifier_IFS_data/global_cfs_cdirs_m2116_hatch_pscans_scanfiles0041/scanfiles0041,0.95307525,1.0797412,0.010709853,0.029865247,0.985,0.2,-1,-1,ITG_TEM
/pscratch/sd/j/joeschm/MGKDB_projects/KBM_classifier_IFS_data/global_cfs_cdirs_m2116_hatch_pscans_scanfiles0041/scanfiles0041,0.95307525,1.0797412,0.010709853,0.029865247,0.995,0.2,1.0194323,3.2342163,KBM
/pscratch/sd/j/joeschm/MGKDB_projects/KBM_classifier_IFS_data/global_cfs_cdirs_m2116_hatch_pscans_scanfiles0041/scanfiles0041,0.95307525,1.0797412,0.010709853,0.029865247,0.935,0.30000001,0.11208343,-1.717228,MTM
/pscratch/sd/j/joeschm/MGKDB_projects/KBM_classifier_IFS_data/global_cfs_cdirs_m2116_hatch_pscans_scanfiles0041/scanfiles0041,0.95307525,1.0797412,0.010709853,0.029865247,0.945,0.30000001,0.27250385,-0.76267249,KBM
/pscratch/sd/j/joeschm/MGKDB_projects/KBM_classifier_IFS_data/global_cfs_cdirs_m2116_hatch_pscans_scanfiles0041/scanfiles0041,0.95307525,1.0797412,0.010709853,0.029865247,0.955,0.30000001,0.36080179,-1.0005849,KBM
/pscratch/sd/j/joeschm/MGKDB_projects/KBM_classifier_IFS_data/global_cfs_cdirs_m2116_hatch_pscans_scanfiles0041/scanfiles0041,0.95307525,1.0797412,0.010709853,0.029865247,0.965,0.30000001,0.1756447,-0.78887496,KBM
/pscratch/sd/j/joeschm/MGKDB_projects/KBM_classifier_IFS_data/global_cfs_cdirs_m2116_hatch_pscans_scanfiles0041/scanfiles0041,0.95307525,1.0797412,0.010709853,0.029865247,0.975,0.30000001,0.057960076,-0.0053626625,
/pscratch/sd/j/joeschm/MGKDB_projects/KBM_classifier_IFS_data/global_cfs_cdirs_m2116_hatch_pscans_scanfiles0041/scanfiles0041,0.95307525,1.0797412,0.010709853,0.029865247,0.985,0.30000001,-1,-1,ETG
/pscratch/sd/j/joeschm/MGKDB_projects/KBM_classifier_IFS_data/global_cfs_cdirs_m2116_hatch_pscans_scanfiles0041/scanfiles0041,0.95307525,1.0797412,0.010709853,0.029865247,0.995,0.30000001,0.37980648,2.7309867,KBM
/pscratch/sd/j/joeschm/MGKDB_projects/KBM_classifier_IFS_data/global_cfs_cdirs_m2116_hatch_pscans_scanfiles0041/scanfiles0041,0.95307525,1.0797412,0.010709853,0.029865247,0.935,0.40000001,0.1,-1.9,MTM
/pscratch/sd/j/joeschm/MGKDB_projects/KBM_classifier_IFS_data/global_cfs_cdirs_m2116_hatch_pscans_scanfiles0041/scanfiles0041,0.95307525,1.0797412,0.010709853,0.029865247,0.945,0.40000001,0.41878535,-0.777019,KBM
/pscratch/sd/j/joeschm/MGKDB_projects/KBM_classifier_IFS_data/global_cfs_cdirs_m2116_hatch_pscans_scanfiles0041/scanfiles0041,0.95307525,1.0797412,0.010709853,0.029865247,0.955,0.40000001,0.48595576,-0.90743949,KBM
/pscratch/sd/j/joeschm/MGKDB_projects/KBM_classifier_IFS_data/global_cfs_cdirs_m2116_hatch_pscans_scanfiles0041/scanfiles0041,0.95307525,1.0797412,0.010709853,0.029865247,0.965,0.40000001,0.18300672,-0.60612126,ITG_TEM
/pscratch/sd/j/joeschm/MGKDB_projects/KBM_classifier_IFS_data/global_cfs_cdirs_m2116_hatch_pscans_scanfiles0041/scanfiles0041,0.95307525,1.0797412,0.010709853,0.029865247,0.975,0.40000001,-1,-1,
/pscratch/sd/j/joeschm/MGKDB_projects/KBM_classifier_IFS_data/global_cfs_cdirs_m2116_hatch_pscans_scanfiles0041/scanfiles0041,0.95307525,1.0797412,0.010709853,0.029865247,0.985,0.40000001,-1,-1,ITG_TEM
/pscratch/sd/j/joeschm/MGKDB_projects/KBM_classifier_IFS_data/global_cfs_cdirs_m2116_hatch_pscans_scanfiles0041/scanfiles0041,0.95307525,1.0797412,0.010709853,0.029865247,0.995,0.40000001,-1,-1,
/pscratch/sd/j/joeschm/MGKDB_projects/KBM_classifier_IFS_data/global_cfs_cdirs_m2116_hatch_pscans_scanfiles0041/scanfiles0041,0.95307525,1.0797412,0.010709853,0.029865247,0.935,0.60000002,0.16497272,0.12907726,ITG_TEM
/pscratch/sd/j/joeschm/MGKDB_projects/KBM_classifier_IFS_data/global_cfs_cdirs_m2116_hatch_pscans_scanfiles0041/scanfiles0041,0.95307525,1.0797412,0.010709853,0.029865247,0.945,0.60000002,0.58153686,-0.70384071,KBM
/pscratch/sd/j/joeschm/MGKDB_projects/KBM_classifier_IFS_data/global_cfs_cdirs_m2116_hatch_pscans_scanfiles0041/scanfiles0041,0.95307525,1.0797412,0.010709853,0.029865247,0.955,0.60000002,0.58986998,-0.71929376,KBM
/pscratch/sd/j/joeschm/MGKDB_projects/KBM_classifier_IFS_data/global_cfs_cdirs_m2116_hatch_pscans_scanfiles0041/scanfiles0041,0.95307525,1.0797412,0.010709853,0.029865247,0.965,0.60000002,0.09663492,-0.47474671,ITG_TEM
/pscratch/sd/j/joeschm/MGKDB_projects/KBM_classifier_IFS_data/global_cfs_cdirs_m2116_hatch_pscans_scanfiles0041/scanfiles0041,0.95307525,1.0797412,0.010709853,0.029865247,0.975,0.60000002,-1,-1,
/pscratch/sd/j/joeschm/MGKDB_projects/KBM_classifier_IFS_data/global_cfs_cdirs_m2116_hatch_pscans_scanfiles0041/scanfiles0041,0.95307525,1.0797412,0.010709853,0.029865247,0.985,0.60000002,0.074772812,-1.2124334,
/pscratch/sd/j/joeschm/MGKDB_projects/KBM_classifier_IFS_data/global_cfs_cdirs_m2116_hatch_pscans_scanfiles0041/scanfiles0041,0.95307525,1.0797412,0.010709853,0.029865247,0.995,0.60000002,-1,-1,
/pscratch/sd/j/joeschm/MGKDB_projects/KBM_classifier_IFS_data/global_cfs_cdirs_m2116_hatch_pscans_scanfiles0041/scanfiles0041,0.95307525,1.0797412,0.010709853,0.029865247,0.935,0.80000001,0.1952212,0.20750889,ITG_TEM
/pscratch/sd/j/joeschm/MGKDB_projects/KBM_classifier_IFS_data/global_cfs_cdirs_m2116_hatch_pscans_scanfiles0041/scanfiles0041,0.95307525,1.0797412,0.010709853,0.029865247,0.945,0.80000001,0.655,-0.615,ITG_TEM
/pscratch/sd/j/joeschm/MGKDB_projects/KBM_classifier_IFS_data/global_cfs_cdirs_m2116_hatch_pscans_scanfiles0041/scanfiles0041,0.95307525,1.0797412,0.010709853,0.029865247,0.955,0.80000001,0.60911459,-0.564406,ITG_TEM
/pscratch/sd/j/joeschm/MGKDB_projects/KBM_classifier_IFS_data/global_cfs_cdirs_m2116_hatch_pscans_scanfiles0041/scanfiles0041,0.95307525,1.0797412,0.010709853,0.029865247,0.965,0.80000001,0.055101254,-0.49202038,ITG_TEM
/pscratch/sd/j/joeschm/MGKDB_projects/KBM_classifier_IFS_data/global_cfs_cdirs_m2116_hatch_pscans_scanfiles0041/scanfiles0041,0.95307525,1.0797412,0.010709853,0.029865247,0.975,0.80000001,-1,-1,
/pscratch/sd/j/joeschm/MGKDB_projects/KBM_classifier_IFS_data/global_cfs_cdirs_m2116_hatch_pscans_scanfiles0041/scanfiles0041,0.95307525,1.0797412,0.010709853,0.029865247,0.985,0.80000001,-1,-1,
/pscratch/sd/j/joeschm/MGKDB_projects/KBM_classifier_IFS_data/global_cfs_cdirs_m2116_hatch_pscans_scanfiles0041/scanfiles0041,0.95307525,1.0797412,0.010709853,0.029865247,0.995,0.80000001,-1,-1,
/pscratch/sd/j/joeschm/MGKDB_projects/KBM_classifier_IFS_data/global_cfs_cdirs_m2116_hatch_pscans_scanfiles0041/scanfiles0041,0.95307525,1.0797412,0.010709853,0.029865247,0.935,1,0.181,0.284,ITG_TEM
/pscratch/sd/j/joeschm/MGKDB_projects/KBM_classifier_IFS_data/global_cfs_cdirs_m2116_hatch_pscans_scanfiles0041/scanfiles0041,0.95307525,1.0797412,0.010709853,0.029865247,0.945,1,0.689,-0.539,ITG_TEM
/pscratch/sd/j/joeschm/MGKDB_projects/KBM_classifier_IFS_data/global_cfs_cdirs_m2116_hatch_pscans_scanfiles0041/scanfiles0041,0.95307525,1.0797412,0.010709853,0.029865247,0.955,1,0.58908027,-0.4474162,ITG_TEM
/pscratch/sd/j/joeschm/MGKDB_projects/KBM_classifier_IFS_data/global_cfs_cdirs_m2116_hatch_pscans_scanfiles0041/scanfiles0041,0.95307525,1.0797412,0.010709853,0.029865247,0.965,1,0.076121309,-0.50832231,ITG_TEM
/pscratch/sd/j/joeschm/MGKDB_projects/KBM_classifier_IFS_data/global_cfs_cdirs_m2116_hatch_pscans_scanfiles0041/scanfiles0041,0.95307525,1.0797412,0.010709853,0.029865247,0.975,1,0.011207141,-0.33483218,
/pscratch/sd/j/joeschm/MGKDB_projects/KBM_classifier_IFS_data/global_cfs_cdirs_m2116_hatch_pscans_scanfiles0041/scanfiles0041,0.95307525,1.0797412,0.010709853,0.029865247,0.985,1,-1,-1,
/pscratch/sd/j/joeschm/MGKDB_projects/KBM_classifier_IFS_data/global_cfs_cdirs_m2116_hatch_pscans_scanfiles0041/scanfiles0041,0.95307525,1.0797412,0.010709853,0.029865247,0.995,1,-1,-1,ITG_TEM
/pscratch/sd/j/joeschm/MGKDB_projects/KBM_classifier_IFS_data/global_cfs_cdirs_m2116_hatch_pscans_scanfiles0041/scanfiles0041,0.95307525,1.0797412,0.010709853,0.029865247,0.935,1.1,0.165,0.314,ITG_TEM
/pscratch/sd/j/joeschm/MGKDB_projects/KBM_classifier_IFS_data/global_cfs_cdirs_m2116_hatch_pscans_scanfiles0041/scanfiles0041,0.95307525,1.0797412,0.010709853,0.029865247,0.945,1.1,0.7,-0.507,ITG_TEM
/pscratch/sd/j/joeschm/MGKDB_projects/KBM_classifier_IFS_data/global_cfs_cdirs_m2116_hatch_pscans_scanfiles0041/scanfiles0041,0.95307525,1.0797412,0.010709853,0.029865247,0.955,1.1,0.57146338,-0.40049495,ITG_TEM
/pscratch/sd/j/joeschm/MGKDB_projects/KBM_classifier_IFS_data/global_cfs_cdirs_m2116_hatch_pscans_scanfiles0041/scanfiles0041,0.95307525,1.0797412,0.010709853,0.029865247,0.965,1.1,0.086256438,-0.50505324,ITG_TEM
/pscratch/sd/j/joeschm/MGKDB_projects/KBM_classifier_IFS_data/global_cfs_cdirs_m2116_hatch_pscans_scanfiles0041/scanfiles0041,0.95307525,1.0797412,0.010709853,0.029865247,0.975,1.1,0.017505532,-0.32521898,
/pscratch/sd/j/joeschm/MGKDB_projects/KBM_classifier_IFS_data/global_cfs_cdirs_m2116_hatch_pscans_scanfiles0041/scanfiles0041,0.95307525,1.0797412,0.010709853,0.029865247,0.985,1.1,-1,-1,ETG
/pscratch/sd/j/joeschm/MGKDB_projects/KBM_classifier_IFS_data/global_cfs_cdirs_m2116_hatch_pscans_scanfiles0041/scanfiles0041,0.95307525,1.0797412,0.010709853,0.029865247,0.995,1.1,-1,-1,
/pscratch/sd/j/joeschm/MGKDB_projects/KBM_classifier_IFS_data/global_cfs_cdirs_m2116_hatch_pscans_scanfiles0042/scanfiles0042,1.0469247,1.0797412,0.010709853,0.029865247,0.935,0.050000001,-1,-1,MTM
/pscratch/sd/j/joeschm/MGKDB_projects/KBM_classifier_IFS_data/global_cfs_cdirs_m2116_hatch_pscans_scanfiles0042/scanfiles0042,1.0469247,1.0797412,0.010709853,0.029865247,0.945,0.050000001,-1,-1,ITG_TEM
/pscratch/sd/j/joeschm/MGKDB_projects/KBM_classifier_IFS_data/global_cfs_cdirs_m2116_hatch_pscans_scanfiles0042/scanfiles0042,1.0469247,1.0797412,0.010709853,0.029865247,0.955,0.050000001,-1,-1,ITG_TEM
/pscratch/sd/j/joeschm/MGKDB_projects/KBM_classifier_IFS_data/global_cfs_cdirs_m2116_hatch_pscans_scanfiles0042/scanfiles0042,1.0469247,1.0797412,0.010709853,0.029865247,0.965,0.050000001,-1,-1,
/pscratch/sd/j/joeschm/MGKDB_projects/KBM_classifier_IFS_data/global_cfs_cdirs_m2116_hatch_pscans_scanfiles0042/scanfiles0042,1.0469247,1.0797412,0.010709853,0.029865247,0.975,0.050000001,0.1445481,-4.0357833,MTM
/pscratch/sd/j/joeschm/MGKDB_projects/KBM_classifier_IFS_data/global_cfs_cdirs_m2116_hatch_pscans_scanfiles0042/scanfiles0042,1.0469247,1.0797412,0.010709853,0.029865247,0.985,0.050000001,-1,-1,
/pscratch/sd/j/joeschm/MGKDB_projects/KBM_classifier_IFS_data/global_cfs_cdirs_m2116_hatch_pscans_scanfiles0042/scanfiles0042,1.0469247,1.0797412,0.010709853,0.029865247,0.995,0.050000001,3.4026522,-3.5061834,KBM
/pscratch/sd/j/joeschm/MGKDB_projects/KBM_classifier_IFS_data/global_cfs_cdirs_m2116_hatch_pscans_scanfiles0042/scanfiles0042,1.0469247,1.0797412,0.010709853,0.029865247,0.935,0.1,0.039593869,-0.61419815,MTM
/pscratch/sd/j/joeschm/MGKDB_projects/KBM_classifier_IFS_data/global_cfs_cdirs_m2116_hatch_pscans_scanfiles0042/scanfiles0042,1.0469247,1.0797412,0.010709853,0.029865247,0.945,0.1,-1,-1,MTM
/pscratch/sd/j/joeschm/MGKDB_projects/KBM_classifier_IFS_data/global_cfs_cdirs_m2116_hatch_pscans_scanfiles0042/scanfiles0042,1.0469247,1.0797412,0.010709853,0.029865247,0.955,0.1,0.092005664,-2.1470468,MTM
/pscratch/sd/j/joeschm/MGKDB_projects/KBM_classifier_IFS_data/global_cfs_cdirs_m2116_hatch_pscans_scanfiles0042/scanfiles0042,1.0469247,1.0797412,0.010709853,0.029865247,0.965,0.1,-1,-1,KBM
/pscratch/sd/j/joeschm/MGKDB_projects/KBM_classifier_IFS_data/global_cfs_cdirs_m2116_hatch_pscans_scanfiles0042/scanfiles0042,1.0469247,1.0797412,0.010709853,0.029865247,0.975,0.1,-1,-1,
/pscratch/sd/j/joeschm/MGKDB_projects/KBM_classifier_IFS_data/global_cfs_cdirs_m2116_hatch_pscans_scanfiles0042/scanfiles0042,1.0469247,1.0797412,0.010709853,0.029865247,0.985,0.1,0.11397242,-10.000533,ETG
/pscratch/sd/j/joeschm/MGKDB_projects/KBM_classifier_IFS_data/global_cfs_cdirs_m2116_hatch_pscans_scanfiles0042/scanfiles0042,1.0469247,1.0797412,0.010709853,0.029865247,0.995,0.1,9.8560984,2.0027231,KBM
/pscratch/sd/j/joeschm/MGKDB_projects/KBM_classifier_IFS_data/global_cfs_cdirs_m2116_hatch_pscans_scanfiles0042/scanfiles0042,1.0469247,1.0797412,0.010709853,0.029865247,0.935,0.2,0.089817225,-1.2037806,MTM
/pscratch/sd/j/joeschm/MGKDB_projects/KBM_classifier_IFS_data/global_cfs_cdirs_m2116_hatch_pscans_scanfiles0042/scanfiles0042,1.0469247,1.0797412,0.010709853,0.029865247,0.945,0.2,0.12800891,-0.52388937,KBM
/pscratch/sd/j/joeschm/MGKDB_projects/KBM_classifier_IFS_data/global_cfs_cdirs_m2116_hatch_pscans_scanfiles0042/scanfiles0042,1.0469247,1.0797412,0.010709853,0.029865247,0.955,0.2,0.11440495,-0.87235779,KBM
/pscratch/sd/j/joeschm/MGKDB_projects/KBM_classifier_IFS_data/global_cfs_cdirs_m2116_hatch_pscans_scanfiles0042/scanfiles0042,1.0469247,1.0797412,0.010709853,0.029865247,0.965,0.2,-1,-1,
/pscratch/sd/j/joeschm/MGKDB_projects/KBM_classifier_IFS_data/global_cfs_cdirs_m2116_hatch_pscans_scanfiles0042/scanfiles0042,1.0469247,1.0797412,0.010709853,0.029865247,0.975,0.2,0.20832766,-0.93030941,ITG_TEM
/pscratch/sd/j/joeschm/MGKDB_projects/KBM_classifier_IFS_data/global_cfs_cdirs_m2116_hatch_pscans_scanfiles0042/scanfiles0042,1.0469247,1.0797412,0.010709853,0.029865247,0.985,0.2,-1,-1,ITG_TEM
/pscratch/sd/j/joeschm/MGKDB_projects/KBM_classifier_IFS_data/global_cfs_cdirs_m2116_hatch_pscans_scanfiles0042/scanfiles0042,1.0469247,1.0797412,0.010709853,0.029865247,0.995,0.2,1.2696967,4.5931337,KBM
/pscratch/sd/j/joeschm/MGKDB_projects/KBM_classifier_IFS_data/global_cfs_cdirs_m2116_hatch_pscans_scanfiles0042/scanfiles0042,1.0469247,1.0797412,0.010709853,0.029865247,0.935,0.30000001,0.13543678,0.04247057,ITG_TEM
/pscratch/sd/j/joeschm/MGKDB_projects/KBM_classifier_IFS_data/global_cfs_cdirs_m2116_hatch_pscans_scanfiles0042/scanfiles0042,1.0469247,1.0797412,0.010709853,0.029865247,0.945,0.30000001,0.29745812,-0.61283997,KBM
/pscratch/sd/j/joeschm/MGKDB_projects/KBM_classifier_IFS_data/global_cfs_cdirs_m2116_hatch_pscans_scanfiles0042/scanfiles0042,1.0469247,1.0797412,0.010709853,0.029865247,0.955,0.30000001,0.30426754,-0.85812311,KBM
/pscratch/sd/j/joeschm/MGKDB_projects/KBM_classifier_IFS_data/global_cfs_cdirs_m2116_hatch_pscans_scanfiles0042/scanfiles0042,1.0469247,1.0797412,0.010709853,0.029865247,0.965,0.30000001,0.14118631,-1.1527977,KBM
/pscratch/sd/j/joeschm/MGKDB_projects/KBM_classifier_IFS_data/global_cfs_cdirs_m2116_hatch_pscans_scanfiles0042/scanfiles0042,1.0469247,1.0797412,0.010709853,0.029865247,0.975,0.30000001,0.27154357,-0.33353141,
/pscratch/sd/j/joeschm/MGKDB_projects/KBM_classifier_IFS_data/global_cfs_cdirs_m2116_hatch_pscans_scanfiles0042/scanfiles0042,1.0469247,1.0797412,0.010709853,0.029865247,0.985,0.30000001,-1,-1,KBM
/pscratch/sd/j/joeschm/MGKDB_projects/KBM_classifier_IFS_data/global_cfs_cdirs_m2116_hatch_pscans_scanfiles0042/scanfiles0042,1.0469247,1.0797412,0.010709853,0.029865247,0.995,0.30000001,0.55845866,3.4537879,KBM
/pscratch/sd/j/joeschm/MGKDB_projects/KBM_classifier_IFS_data/global_cfs_cdirs_m2116_hatch_pscans_scanfiles0042/scanfiles0042,1.0469247,1.0797412,0.010709853,0.029865247,0.935,0.40000001,0.19879534,0.054452457,ITG_TEM
/pscratch/sd/j/joeschm/MGKDB_projects/KBM_classifier_IFS_data/global_cfs_cdirs_m2116_hatch_pscans_scanfiles0042/scanfiles0042,1.0469247,1.0797412,0.010709853,0.029865247,0.945,0.40000001,0.42515709,-0.61750993,KBM
/pscratch/sd/j/joeschm/MGKDB_projects/KBM_classifier_IFS_data/global_cfs_cdirs_m2116_hatch_pscans_scanfiles0042/scanfiles0042,1.0469247,1.0797412,0.010709853,0.029865247,0.955,0.40000001,0.41676054,-0.78791509,KBM
/pscratch/sd/j/joeschm/MGKDB_projects/KBM_classifier_IFS_data/global_cfs_cdirs_m2116_hatch_pscans_scanfiles0042/scanfiles0042,1.0469247,1.0797412,0.010709853,0.029865247,0.965,0.40000001,0.17964197,-0.86365805,ITG_TEM
/pscratch/sd/j/joeschm/MGKDB_projects/KBM_classifier_IFS_data/global_cfs_cdirs_m2116_hatch_pscans_scanfiles0042/scanfiles0042,1.0469247,1.0797412,0.010709853,0.029865247,0.975,0.40000001,0.14689066,0.071578224,
/pscratch/sd/j/joeschm/MGKDB_projects/KBM_classifier_IFS_data/global_cfs_cdirs_m2116_hatch_pscans_scanfiles0042/scanfiles0042,1.0469247,1.0797412,0.010709853,0.029865247,0.985,0.40000001,-1,-1,
/pscratch/sd/j/joeschm/MGKDB_projects/KBM_classifier_IFS_data/global_cfs_cdirs_m2116_hatch_pscans_scanfiles0042/scanfiles0042,1.0469247,1.0797412,0.010709853,0.029865247,0.995,0.40000001,0.71409106,-5.6497444,ETG
/pscratch/sd/j/joeschm/MGKDB_projects/KBM_classifier_IFS_data/global_cfs_cdirs_m2116_hatch_pscans_scanfiles0042/scanfiles0042,1.0469247,1.0797412,0.010709853,0.029865247,0.935,0.60000002,0.29705113,0.11031552,ITG_TEM
/pscratch/sd/j/joeschm/MGKDB_projects/KBM_classifier_IFS_data/global_cfs_cdirs_m2116_hatch_pscans_scanfiles0042/scanfiles0042,1.0469247,1.0797412,0.010709853,0.029865247,0.945,0.60000002,0.56266678,-0.55500153,KBM
/pscratch/sd/j/joeschm/MGKDB_projects/KBM_classifier_IFS_data/global_cfs_cdirs_m2116_hatch_pscans_scanfiles0042/scanfiles0042,1.0469247,1.0797412,0.010709853,0.029865247,0.955,0.60000002,0.52771913,-0.64199484,KBM
/pscratch/sd/j/joeschm/MGKDB_projects/KBM_classifier_IFS_data/global_cfs_cdirs_m2116_hatch_pscans_scanfiles0042/scanfiles0042,1.0469247,1.0797412,0.010709853,0.029865247,0.965,0.60000002,0.088191208,-0.55197786,ITG_TEM
/pscratch/sd/j/joeschm/MGKDB_projects/KBM_classifier_IFS_data/global_cfs_cdirs_m2116_hatch_pscans_scanfiles0042/scanfiles0042,1.0469247,1.0797412,0.010709853,0.029865247,0.975,0.60000002,-1,-1,ETG
/pscratch/sd/j/joeschm/MGKDB_projects/KBM_classifier_IFS_data/global_cfs_cdirs_m2116_hatch_pscans_scanfiles0042/scanfiles0042,1.0469247,1.0797412,0.010709853,0.029865247,0.985,0.60000002,0.078350648,-5.4246589,ETG
/pscratch/sd/j/joeschm/MGKDB_projects/KBM_classifier_IFS_data/global_cfs_cdirs_m2116_hatch_pscans_scanfiles0042/scanfiles0042,1.0469247,1.0797412,0.010709853,0.029865247,0.995,0.60000002,1.705,-7.594,ETG
/pscratch/sd/j/joeschm/MGKDB_projects/KBM_classifier_IFS_data/global_cfs_cdirs_m2116_hatch_pscans_scanfiles0042/scanfiles0042,1.0469247,1.0797412,0.010709853,0.029865247,0.935,0.80000001,0.33110319,0.21414437,ITG_TEM
/pscratch/sd/j/joeschm/MGKDB_projects/KBM_classifier_IFS_data/global_cfs_cdirs_m2116_hatch_pscans_scanfiles0042/scanfiles0042,1.0469247,1.0797412,0.010709853,0.029865247,0.945,0.80000001,0.62452876,-0.48395634,ITG_TEM
/pscratch/sd/j/joeschm/MGKDB_projects/KBM_classifier_IFS_data/global_cfs_cdirs_m2116_hatch_pscans_scanfiles0042/scanfiles0042,1.0469247,1.0797412,0.010709853,0.029865247,0.955,0.80000001,0.5709793,-0.51825275,ITG_TEM
/pscratch/sd/j/joeschm/MGKDB_projects/KBM_classifier_IFS_data/global_cfs_cdirs_m2116_hatch_pscans_scanfiles0042/scanfiles0042,1.0469247,1.0797412,0.010709853,0.029865247,0.965,0.80000001,-1,-1,ITG_TEM
/pscratch/sd/j/joeschm/MGKDB_projects/KBM_classifier_IFS_data/global_cfs_cdirs_m2116_hatch_pscans_scanfiles0042/scanfiles0042,1.0469247,1.0797412,0.010709853,0.029865247,0.975,0.80000001,-1,-1,ITG_TEM
/pscratch/sd/j/joeschm/MGKDB_projects/KBM_classifier_IFS_data/global_cfs_cdirs_m2116_hatch_pscans_scanfiles0042/scanfiles0042,1.0469247,1.0797412,0.010709853,0.029865247,0.985,0.80000001,0.539,-7.042,ETG
/pscratch/sd/j/joeschm/MGKDB_projects/KBM_classifier_IFS_data/global_cfs_cdirs_m2116_hatch_pscans_scanfiles0043/scanfiles0043,1.1407684,1.0797412,0.032135217,0.029865247,0.935,0.050000001,-1,-1,MTM
/pscratch/sd/j/joeschm/MGKDB_projects/KBM_classifier_IFS_data/global_cfs_cdirs_m2116_hatch_pscans_scanfiles0043/scanfiles0043,1.1407684,1.0797412,0.032135217,0.029865247,0.945,0.050000001,-1,-1,MTM
/pscratch/sd/j/joeschm/MGKDB_projects/KBM_classifier_IFS_data/global_cfs_cdirs_m2116_hatch_pscans_scanfiles0043/scanfiles0043,1.1407684,1.0797412,0.032135217,0.029865247,0.955,0.050000001,-1,-1,
/pscratch/sd/j/joeschm/MGKDB_projects/KBM_classifier_IFS_data/global_cfs_cdirs_m2116_hatch_pscans_scanfiles0043/scanfiles0043,1.1407684,1.0797412,0.032135217,0.029865247,0.965,0.050000001,0.067819161,-2.4540353,MTM
/pscratch/sd/j/joeschm/MGKDB_projects/KBM_classifier_IFS_data/global_cfs_cdirs_m2116_hatch_pscans_scanfiles0043/scanfiles0043,1.1407684,1.0797412,0.032135217,0.029865247,0.975,0.050000001,0.15137011,-4.0849841,MTM
/pscratch/sd/j/joeschm/MGKDB_projects/KBM_classifier_IFS_data/global_cfs_cdirs_m2116_hatch_pscans_scanfiles0043/scanfiles0043,1.1407684,1.0797412,0.032135217,0.029865247,0.985,0.050000001,-1,-1,ITG_TEM
/pscratch/sd/j/joeschm/MGKDB_projects/KBM_classifier_IFS_data/global_cfs_cdirs_m2116_hatch_pscans_scanfiles0043/scanfiles0043,1.1407684,1.0797412,0.032135217,0.029865247,0.995,0.050000001,3.1216223,-3.8411613,KBM
/pscratch/sd/j/joeschm/MGKDB_projects/KBM_classifier_IFS_data/global_cfs_cdirs_m2116_hatch_pscans_scanfiles0043/scanfiles0043,1.1407684,1.0797412,0.032135217,0.029865247,0.935,0.1,0.044509061,-0.41365494,MTM
/pscratch/sd/j/joeschm/MGKDB_projects/KBM_classifier_IFS_data/global_cfs_cdirs_m2116_hatch_pscans_scanfiles0043/scanfiles0043,1.1407684,1.0797412,0.032135217,0.029865247,0.945,0.1,0.030048735,-0.24838071,KBM
/pscratch/sd/j/joeschm/MGKDB_projects/KBM_classifier_IFS_data/global_cfs_cdirs_m2116_hatch_pscans_scanfiles0043/scanfiles0043,1.1407684,1.0797412,0.032135217,0.029865247,0.955,0.1,0.084702119,-2.1875517,MTM
/pscratch/sd/j/joeschm/MGKDB_projects/KBM_classifier_IFS_data/global_cfs_cdirs_m2116_hatch_pscans_scanfiles0043/scanfiles0043,1.1407684,1.0797412,0.032135217,0.029865247,0.965,0.1,-1,-1,
/pscratch/sd/j/joeschm/MGKDB_projects/KBM_classifier_IFS_data/global_cfs_cdirs_m2116_hatch_pscans_scanfiles0043/scanfiles0043,1.1407684,1.0797412,0.032135217,0.029865247,0.975,0.1,-1,-1,ITG_TEM
/pscratch/sd/j/joeschm/MGKDB_projects/KBM_classifier_IFS_data/global_cfs_cdirs_m2116_hatch_pscans_scanfiles0043/scanfiles0043,1.1407684,1.0797412,0.032135217,0.029865247,0.985,0.1,-1,-1,ITG_TEM
/pscratch/sd/j/joeschm/MGKDB_projects/KBM_classifier_IFS_data/global_cfs_cdirs_m2116_hatch_pscans_scanfiles0043/scanfiles0043,1.1407684,1.0797412,0.032135217,0.029865247,0.995,0.1,11.123881,0.55453865,KBM
/pscratch/sd/j/joeschm/MGKDB_projects/KBM_classifier_IFS_data/global_cfs_cdirs_m2116_hatch_pscans_scanfiles0043/scanfiles0043,1.1407684,1.0797412,0.032135217,0.029865247,0.935,0.2,0.11923323,0.04202187,ITG_TEM
/pscratch/sd/j/joeschm/MGKDB_projects/KBM_classifier_IFS_data/global_cfs_cdirs_m2116_hatch_pscans_scanfiles0043/scanfiles0043,1.1407684,1.0797412,0.032135217,0.029865247,0.945,0.2,0.17814408,-0.38310073,KBM
/pscratch/sd/j/joeschm/MGKDB_projects/KBM_classifier_IFS_data/global_cfs_cdirs_m2116_hatch_pscans_scanfiles0043/scanfiles0043,1.1407684,1.0797412,0.032135217,0.029865247,0.955,0.2,0.040681251,-0.92868096,KBM
/pscratch/sd/j/joeschm/MGKDB_projects/KBM_classifier_IFS_data/global_cfs_cdirs_m2116_hatch_pscans_scanfiles0043/scanfiles0043,1.1407684,1.0797412,0.032135217,0.029865247,0.965,0.2,-1,-1,ETG
/pscratch/sd/j/joeschm/MGKDB_projects/KBM_classifier_IFS_data/global_cfs_cdirs_m2116_hatch_pscans_scanfiles0043/scanfiles0043,1.1407684,1.0797412,0.032135217,0.029865247,0.975,0.2,0.24423934,-1.2643755,ITG_TEM
/pscratch/sd/j/joeschm/MGKDB_projects/KBM_classifier_IFS_data/global_cfs_cdirs_m2116_hatch_pscans_scanfiles0043/scanfiles0043,1.1407684,1.0797412,0.032135217,0.029865247,0.985,0.2,-0.038351681,0.052194333,
/pscratch/sd/j/joeschm/MGKDB_projects/KBM_classifier_IFS_data/global_cfs_cdirs_m2116_hatch_pscans_scanfiles0043/scanfiles0043,1.1407684,1.0797412,0.032135217,0.029865247,0.995,0.2,1.4648534,5.7319243,KBM
/pscratch/sd/j/joeschm/MGKDB_projects/KBM_classifier_IFS_data/global_cfs_cdirs_m2116_hatch_pscans_scanfiles0043/scanfiles0043,1.1407684,1.0797412,0.032135217,0.029865247,0.935,0.30000001,0.22098372,0.032734962,KBM
/pscratch/sd/j/joeschm/MGKDB_projects/KBM_classifier_IFS_data/global_cfs_cdirs_m2116_hatch_pscans_scanfiles0043/scanfiles0043,1.1407684,1.0797412,0.032135217,0.029865247,0.945,0.30000001,0.32593777,-0.42563033,KBM
/pscratch/sd/j/joeschm/MGKDB_projects/KBM_classifier_IFS_data/global_cfs_cdirs_m2116_hatch_pscans_scanfiles0043/scanfiles0043,1.1407684,1.0797412,0.032135217,0.029865247,0.955,0.30000001,0.2264574,-0.8908095,KBM
/pscratch/sd/j/joeschm/MGKDB_projects/KBM_classifier_IFS_data/global_cfs_cdirs_m2116_hatch_pscans_scanfiles0043/scanfiles0043,1.1407684,1.0797412,0.032135217,0.029865247,0.965,0.30000001,0.11124802,-1.4780986,ITG_TEM
/pscratch/sd/j/joeschm/MGKDB_projects/KBM_classifier_IFS_data/global_cfs_cdirs_m2116_hatch_pscans_scanfiles0043/scanfiles0043,1.1407684,1.0797412,0.032135217,0.029865247,0.975,0.30000001,0.49929639,-0.69376024,
/pscratch/sd/j/joeschm/MGKDB_projects/KBM_classifier_IFS_data/global_cfs_cdirs_m2116_hatch_pscans_scanfiles0043/scanfiles0043,1.1407684,1.0797412,0.032135217,0.029865247,0.985,0.30000001,-0.026440172,-3.5903717,ETG
/pscratch/sd/j/joeschm/MGKDB_projects/KBM_classifier_IFS_data/global_cfs_cdirs_m2116_hatch_pscans_scanfiles0043/scanfiles0043,1.1407684,1.0797412,0.032135217,0.029865247,0.995,0.30000001,1.4037651,-5.2483158,ETG
/pscratch/sd/j/joeschm/MGKDB_projects/KBM_classifier_IFS_data/global_cfs_cdirs_m2116_hatch_pscans_scanfiles0043/scanfiles0043,1.1407684,1.0797412,0.032135217,0.029865247,0.935,0.40000001,0.31836783,0.057888417,KBM
/pscratch/sd/j/joeschm/MGKDB_projects/KBM_classifier_IFS_data/global_cfs_cdirs_m2116_hatch_pscans_scanfiles0043/scanfiles0043,1.1407684,1.0797412,0.032135217,0.029865247,0.945,0.40000001,0.42875834,-0.41844195,KBM
/pscratch/sd/j/joeschm/MGKDB_projects/KBM_classifier_IFS_data/global_cfs_cdirs_m2116_hatch_pscans_scanfiles0043/scanfiles0043,1.1407684,1.0797412,0.032135217,0.029865247,0.955,0.40000001,0.34029063,-0.81309842,KBM
/pscratch/sd/j/joeschm/MGKDB_projects/KBM_classifier_IFS_data/global_cfs_cdirs_m2116_hatch_pscans_scanfiles0043/scanfiles0043,1.1407684,1.0797412,0.032135217,0.029865247,0.965,0.40000001,0.19847686,-1.2334656,ITG_TEM
/pscratch/sd/j/joeschm/MGKDB_projects/KBM_classifier_IFS_data/global_cfs_cdirs_m2116_hatch_pscans_scanfiles0043/scanfiles0043,1.1407684,1.0797412,0.032135217,0.029865247,0.975,0.40000001,0.49121611,-0.19339869,
/pscratch/sd/j/joeschm/MGKDB_projects/KBM_classifier_IFS_data/global_cfs_cdirs_m2116_hatch_pscans_scanfiles0043/scanfiles0043,1.1407684,1.0797412,0.032135217,0.029865247,0.985,0.40000001,0.538,-4.222,ETG
/pscratch/sd/j/joeschm/MGKDB_projects/KBM_classifier_IFS_data/global_cfs_cdirs_m2116_hatch_pscans_scanfiles0043/scanfiles0043,1.1407684,1.0797412,0.032135217,0.029865247,0.995,0.40000001,2.265,-6.069,ETG
/pscratch/sd/j/joeschm/MGKDB_projects/KBM_classifier_IFS_data/global_cfs_cdirs_m2116_hatch_pscans_scanfiles0043/scanfiles0043,1.1407684,1.0797412,0.032135217,0.029865247,0.935,0.60000002,0.43228226,0.15346113,ITG_TEM
/pscratch/sd/j/joeschm/MGKDB_projects/KBM_classifier_IFS_data/global_cfs_cdirs_m2116_hatch_pscans_scanfiles0043/scanfiles0043,1.1407684,1.0797412,0.032135217,0.029865247,0.945,0.60000002,0.53573575,-0.36917303,KBM
/pscratch/sd/j/joeschm/MGKDB_projects/KBM_classifier_IFS_data/global_cfs_cdirs_m2116_hatch_pscans_scanfiles0043/scanfiles0043,1.1407684,1.0797412,0.032135217,0.029865247,0.955,0.60000002,0.45407351,-0.66754328,KBM
/pscratch/sd/j/joeschm/MGKDB_projects/KBM_classifier_IFS_data/global_cfs_cdirs_m2116_hatch_pscans_scanfiles0043/scanfiles0043,1.1407684,1.0797412,0.032135217,0.029865247,0.965,0.60000002,0.12902312,-0.74582272,ITG_TEM
/pscratch/sd/j/joeschm/MGKDB_projects/KBM_classifier_IFS_data/global_cfs_cdirs_m2116_hatch_pscans_scanfiles0043/scanfiles0043,1.1407684,1.0797412,0.032135217,0.029865247,0.975,0.60000002,0.39,-3.056,
/pscratch/sd/j/joeschm/MGKDB_projects/KBM_classifier_IFS_data/global_cfs_cdirs_m2116_hatch_pscans_scanfiles0043/scanfiles0043,1.1407684,1.0797412,0.032135217,0.029865247,0.985,0.60000002,1.439,-5.602,ETG
/pscratch/sd/j/joeschm/MGKDB_projects/KBM_classifier_IFS_data/global_cfs_cdirs_m2116_hatch_pscans_scanfiles0043/scanfiles0043,1.1407684,1.0797412,0.032135217,0.029865247,0.995,0.60000002,3.712,-8.437,ETG
/pscratch/sd/j/joeschm/MGKDB_projects/KBM_classifier_IFS_data/global_cfs_cdirs_m2116_hatch_pscans_scanfiles0043/scanfiles0043,1.1407684,1.0797412,0.032135217,0.029865247,0.935,0.80000001,0.46335557,0.26081262,ITG_TEM
/pscratch/sd/j/joeschm/MGKDB_projects/KBM_classifier_IFS_data/global_cfs_cdirs_m2116_hatch_pscans_scanfiles0043/scanfiles0043,1.1407684,1.0797412,0.032135217,0.029865247,0.945,0.80000001,0.58342427,-0.31629794,KBM
/pscratch/sd/j/joeschm/MGKDB_projects/KBM_classifier_IFS_data/global_cfs_cdirs_m2116_hatch_pscans_scanfiles0043/scanfiles0043,1.1407684,1.0797412,0.032135217,0.029865247,0.955,0.80000001,0.50307177,-0.55311712,ITG_TEM
/pscratch/sd/j/joeschm/MGKDB_projects/KBM_classifier_IFS_data/global_cfs_cdirs_m2116_hatch_pscans_scanfiles0043/scanfiles0043,1.1407684,1.0797412,0.032135217,0.029865247,0.965,0.80000001,-0.05778979,-0.41227052,ITG_TEM
/pscratch/sd/j/joeschm/MGKDB_projects/KBM_classifier_IFS_data/global_cfs_cdirs_m2116_hatch_pscans_scanfiles0043/scanfiles0043,1.1407684,1.0797412,0.032135217,0.029865247,0.975,0.80000001,0.645,-2.901,ETG
/pscratch/sd/j/joeschm/MGKDB_projects/KBM_classifier_IFS_data/global_cfs_cdirs_m2116_hatch_pscans_scanfiles0043/scanfiles0043,1.1407684,1.0797412,0.032135217,0.029865247,0.985,0.80000001,2.217,-7.503,ETG
/pscratch/sd/j/joeschm/MGKDB_projects/KBM_classifier_IFS_data/global_cfs_cdirs_m2116_hatch_pscans_scanfiles0043/scanfiles0043,1.1407684,1.0797412,0.032135217,0.029865247,0.995,0.80000001,4.413,-11.604,ETG
/pscratch/sd/j/joeschm/MGKDB_projects/KBM_classifier_IFS_data/global_cfs_cdirs_m2116_hatch_pscans_scanfiles0043/scanfiles0043,1.1407684,1.0797412,0.032135217,0.029865247,0.935,1,0.44698693,0.36052037,ITG_TEM
/pscratch/sd/j/joeschm/MGKDB_projects/KBM_classifier_IFS_data/global_cfs_cdirs_m2116_hatch_pscans_scanfiles0043/scanfiles0043,1.1407684,1.0797412,0.032135217,0.029865247,0.945,1,0.60758176,-0.26961855,ITG_TEM
/pscratch/sd/j/joeschm/MGKDB_projects/KBM_classifier_IFS_data/global_cfs_cdirs_m2116_hatch_pscans_scanfiles0043/scanfiles0043,1.1407684,1.0797412,0.032135217,0.029865247,0.955,1,0.51818967,-0.46745105,ITG_TEM
/pscratch/sd/j/joeschm/MGKDB_projects/KBM_classifier_IFS_data/global_cfs_cdirs_m2116_hatch_pscans_scanfiles0043/scanfiles0043,1.1407684,1.0797412,0.032135217,0.029865247,0.965,1,-1,-1,
/pscratch/sd/j/joeschm/MGKDB_projects/KBM_classifier_IFS_data/global_cfs_cdirs_m2116_hatch_pscans_scanfiles0043/scanfiles0043,1.1407684,1.0797412,0.032135217,0.029865247,0.975,1,1.076,-3.297,ETG
/pscratch/sd/j/joeschm/MGKDB_projects/KBM_classifier_IFS_data/global_cfs_cdirs_m2116_hatch_pscans_scanfiles0043/scanfiles0043,1.1407684,1.0797412,0.032135217,0.029865247,0.985,1,2.569,-9.818,ETG
/pscratch/sd/j/joeschm/MGKDB_projects/KBM_classifier_IFS_data/global_cfs_cdirs_m2116_hatch_pscans_scanfiles0043/scanfiles0043,1.1407684,1.0797412,0.032135217,0.029865247,0.995,1,3.998,-15.072,ETG
/pscratch/sd/j/joeschm/MGKDB_projects/KBM_classifier_IFS_data/global_cfs_cdirs_m2116_hatch_pscans_scanfiles0043/scanfiles0043,1.1407684,1.0797412,0.032135217,0.029865247,0.935,1.1,0.426,0.404,ITG_TEM
/pscratch/sd/j/joeschm/MGKDB_projects/KBM_classifier_IFS_data/global_cfs_cdirs_m2116_hatch_pscans_scanfiles0043/scanfiles0043,1.1407684,1.0797412,0.032135217,0.029865247,0.945,1.1,0.617,-0.25,ITG_TEM
/pscratch/sd/j/joeschm/MGKDB_projects/KBM_classifier_IFS_data/global_cfs_cdirs_m2116_hatch_pscans_scanfiles0043/scanfiles0043,1.1407684,1.0797412,0.032135217,0.029865247,0.955,1.1,0.51880749,-0.43303157,ITG_TEM
/pscratch/sd/j/joeschm/MGKDB_projects/KBM_classifier_IFS_data/global_cfs_cdirs_m2116_hatch_pscans_scanfiles0043/scanfiles0043,1.1407684,1.0797412,0.032135217,0.029865247,0.965,1.1,-0.051852568,-2.8095859,ETG
/pscratch/sd/j/joeschm/MGKDB_projects/KBM_classifier_IFS_data/global_cfs_cdirs_m2116_hatch_pscans_scanfiles0043/scanfiles0043,1.1407684,1.0797412,0.032135217,0.029865247,0.975,1.1,1.286,-3.517,ETG
/pscratch/sd/j/joeschm/MGKDB_projects/KBM_classifier_IFS_data/global_cfs_cdirs_m2116_hatch_pscans_scanfiles0043/scanfiles0043,1.1407684,1.0797412,0.032135217,0.029865247,0.985,1.1,2.542,-11.072,ETG
/pscratch/sd/j/joeschm/MGKDB_projects/KBM_classifier_IFS_data/global_cfs_cdirs_m2116_hatch_pscans_scanfiles0043/scanfiles0043,1.1407684,1.0797412,0.032135217,0.029865247,0.995,1.1,3.4,-16.732,ETG
/pscratch/sd/j/joeschm/MGKDB_projects/KBM_classifier_IFS_data/global_cfs_cdirs_m2116_hatch_pscans_scanfiles0044/scanfiles0044,1.2346086,1.0797412,0.053511014,0.029865247,0.935,0.050000001,-1,-1,ITG_TEM
/pscratch/sd/j/joeschm/MGKDB_projects/KBM_classifier_IFS_data/global_cfs_cdirs_m2116_hatch_pscans_scanfiles0044/scanfiles0044,1.2346086,1.0797412,0.053511014,0.029865247,0.945,0.050000001,-1,-1,ITG_TEM
/pscratch/sd/j/joeschm/MGKDB_projects/KBM_classifier_IFS_data/global_cfs_cdirs_m2116_hatch_pscans_scanfiles0044/scanfiles0044,1.2346086,1.0797412,0.053511014,0.029865247,0.955,0.050000001,-1,-1,
/pscratch/sd/j/joeschm/MGKDB_projects/KBM_classifier_IFS_data/global_cfs_cdirs_m2116_hatch_pscans_scanfiles0044/scanfiles0044,1.2346086,1.0797412,0.053511014,0.029865247,0.965,0.050000001,0.14812991,-2.5372739,MTM
/pscratch/sd/j/joeschm/MGKDB_projects/KBM_classifier_IFS_data/global_cfs_cdirs_m2116_hatch_pscans_scanfiles0044/scanfiles0044,1.2346086,1.0797412,0.053511014,0.029865247,0.975,0.050000001,0.18965915,-4.1491407,MTM
/pscratch/sd/j/joeschm/MGKDB_projects/KBM_classifier_IFS_data/global_cfs_cdirs_m2116_hatch_pscans_scanfiles0044/scanfiles0044,1.2346086,1.0797412,0.053511014,0.029865247,0.985,0.050000001,-1,-1,
/pscratch/sd/j/joeschm/MGKDB_projects/KBM_classifier_IFS_data/global_cfs_cdirs_m2116_hatch_pscans_scanfiles0044/scanfiles0044,1.2346086,1.0797412,0.053511014,0.029865247,0.995,0.050000001,2.9968977,-4.4319881,KBM
/pscratch/sd/j/joeschm/MGKDB_projects/KBM_classifier_IFS_data/global_cfs_cdirs_m2116_hatch_pscans_scanfiles0044/scanfiles0044,1.2346086,1.0797412,0.053511014,0.029865247,0.935,0.1,0.059513392,0.05168506,KBM
/pscratch/sd/j/joeschm/MGKDB_projects/KBM_classifier_IFS_data/global_cfs_cdirs_m2116_hatch_pscans_scanfiles0044/scanfiles0044,1.2346086,1.0797412,0.053511014,0.029865247,0.945,0.1,0.060617166,-0.17490004,KBM
/pscratch/sd/j/joeschm/MGKDB_projects/KBM_classifier_IFS_data/global_cfs_cdirs_m2116_hatch_pscans_scanfiles0044/scanfiles0044,1.2346086,1.0797412,0.053511014,0.029865247,0.955,0.1,0.074483683,-2.2516564,MTM
/pscratch/sd/j/joeschm/MGKDB_projects/KBM_classifier_IFS_data/global_cfs_cdirs_m2116_hatch_pscans_scanfiles0044/scanfiles0044,1.2346086,1.0797412,0.053511014,0.029865247,0.965,0.1,0.035780681,-4.2950085,MTM
/pscratch/sd/j/joeschm/MGKDB_projects/KBM_classifier_IFS_data/global_cfs_cdirs_m2116_hatch_pscans_scanfiles0044/scanfiles0044,1.2346086,1.0797412,0.053511014,0.029865247,0.975,0.1,-1,-1,ETG
/pscratch/sd/j/joeschm/MGKDB_projects/KBM_classifier_IFS_data/global_cfs_cdirs_m2116_hatch_pscans_scanfiles0044/scanfiles0044,1.2346086,1.0797412,0.053511014,0.029865247,0.985,0.1,0.1000098,-1.389155,
/pscratch/sd/j/joeschm/MGKDB_projects/KBM_classifier_IFS_data/global_cfs_cdirs_m2116_hatch_pscans_scanfiles0044/scanfiles0044,1.2346086,1.0797412,0.053511014,0.029865247,0.995,0.1,12.732061,-0.98456824,KBM
/pscratch/sd/j/joeschm/MGKDB_projects/KBM_classifier_IFS_data/global_cfs_cdirs_m2116_hatch_pscans_scanfiles0044/scanfiles0044,1.2346086,1.0797412,0.053511014,0.029865247,0.935,0.2,0.19194329,0.055584056,KBM
/pscratch/sd/j/joeschm/MGKDB_projects/KBM_classifier_IFS_data/global_cfs_cdirs_m2116_hatch_pscans_scanfiles0044/scanfiles0044,1.2346086,1.0797412,0.053511014,0.029865247,0.945,0.2,0.22173164,-0.22893907,KBM
/pscratch/sd/j/joeschm/MGKDB_projects/KBM_classifier_IFS_data/global_cfs_cdirs_m2116_hatch_pscans_scanfiles0044/scanfiles0044,1.2346086,1.0797412,0.053511014,0.029865247,0.955,0.2,-1,-1,
/pscratch/sd/j/joeschm/MGKDB_projects/KBM_classifier_IFS_data/global_cfs_cdirs_m2116_hatch_pscans_scanfiles0044/scanfiles0044,1.2346086,1.0797412,0.053511014,0.029865247,0.965,0.2,-1,-1,ETG
/pscratch/sd/j/joeschm/MGKDB_projects/KBM_classifier_IFS_data/global_cfs_cdirs_m2116_hatch_pscans_scanfiles0044/scanfiles0044,1.2346086,1.0797412,0.053511014,0.029865247,0.975,0.2,0.15739245,-1.4070871,ITG_TEM
/pscratch/sd/j/joeschm/MGKDB_projects/KBM_classifier_IFS_data/global_cfs_cdirs_m2116_hatch_pscans_scanfiles0044/scanfiles0044,1.2346086,1.0797412,0.053511014,0.029865247,0.985,0.2,0.23727712,-0.29660731,
/pscratch/sd/j/joeschm/MGKDB_projects/KBM_classifier_IFS_data/global_cfs_cdirs_m2116_hatch_pscans_scanfiles0044/scanfiles0044,1.2346086,1.0797412,0.053511014,0.029865247,0.995,0.2,1.8676241,8.2758978,KBM
/pscratch/sd/j/joeschm/MGKDB_projects/KBM_classifier_IFS_data/global_cfs_cdirs_m2116_hatch_pscans_scanfiles0044/scanfiles0044,1.2346086,1.0797412,0.053511014,0.029865247,0.935,0.30000001,0.33013827,0.077750418,KBM
/pscratch/sd/j/joeschm/MGKDB_projects/KBM_classifier_IFS_data/global_cfs_cdirs_m2116_hatch_pscans_scanfiles0044/scanfiles0044,1.2346086,1.0797412,0.053511014,0.029865247,0.945,0.30000001,0.35131233,-0.23084664,KBM
/pscratch/sd/j/joeschm/MGKDB_projects/KBM_classifier_IFS_data/global_cfs_cdirs_m2116_hatch_pscans_scanfiles0044/scanfiles0044,1.2346086,1.0797412,0.053511014,0.029865247,0.955,0.30000001,0.013209285,-1.1765651,
/pscratch/sd/j/joeschm/MGKDB_projects/KBM_classifier_IFS_data/global_cfs_cdirs_m2116_hatch_pscans_scanfiles0044/scanfiles0044,1.2346086,1.0797412,0.053511014,0.029865247,0.965,0.30000001,-1,-1,
/pscratch/sd/j/joeschm/MGKDB_projects/KBM_classifier_IFS_data/global_cfs_cdirs_m2116_hatch_pscans_scanfiles0044/scanfiles0044,1.2346086,1.0797412,0.053511014,0.029865247,0.975,0.30000001,0.64178183,-1.0437442,
/pscratch/sd/j/joeschm/MGKDB_projects/KBM_classifier_IFS_data/global_cfs_cdirs_m2116_hatch_pscans_scanfiles0044/scanfiles0044,1.2346086,1.0797412,0.053511014,0.029865247,0.985,0.30000001,0.637,-3.624,ETG
/pscratch/sd/j/joeschm/MGKDB_projects/KBM_classifier_IFS_data/global_cfs_cdirs_m2116_hatch_pscans_scanfiles0044/scanfiles0044,1.2346086,1.0797412,0.053511014,0.029865247,0.995,0.30000001,2.5263843,-5.5167888,ETG
/pscratch/sd/j/joeschm/MGKDB_projects/KBM_classifier_IFS_data/global_cfs_cdirs_m2116_hatch_pscans_scanfiles0044/scanfiles0044,1.2346086,1.0797412,0.053511014,0.029865247,0.935,0.40000001,0.43500459,0.11893952,KBM
/pscratch/sd/j/joeschm/MGKDB_projects/KBM_classifier_IFS_data/global_cfs_cdirs_m2116_hatch_pscans_scanfiles0044/scanfiles0044,1.2346086,1.0797412,0.053511014,0.029865247,0.945,0.40000001,0.43433676,-0.215452,KBM
/pscratch/sd/j/joeschm/MGKDB_projects/KBM_classifier_IFS_data/global_cfs_cdirs_m2116_hatch_pscans_scanfiles0044/scanfiles0044,1.2346086,1.0797412,0.053511014,0.029865247,0.955,0.40000001,0.17473516,-1.0239776,KBM
/pscratch/sd/j/joeschm/MGKDB_projects/KBM_classifier_IFS_data/global_cfs_cdirs_m2116_hatch_pscans_scanfiles0044/scanfiles0044,1.2346086,1.0797412,0.053511014,0.029865247,0.965,0.40000001,0.28141532,-1.5133204,ITG_TEM
/pscratch/sd/j/joeschm/MGKDB_projects/KBM_classifier_IFS_data/global_cfs_cdirs_m2116_hatch_pscans_scanfiles0044/scanfiles0044,1.2346086,1.0797412,0.053511014,0.029865247,0.975,0.40000001,0.83,-0.54,
/pscratch/sd/j/joeschm/MGKDB_projects/KBM_classifier_IFS_data/global_cfs_cdirs_m2116_hatch_pscans_scanfiles0044/scanfiles0044,1.2346086,1.0797412,0.053511014,0.029865247,0.985,0.40000001,1.339,-4.271,ETG
/pscratch/sd/j/joeschm/MGKDB_projects/KBM_classifier_IFS_data/global_cfs_cdirs_m2116_hatch_pscans_scanfiles0044/scanfiles0044,1.2346086,1.0797412,0.053511014,0.029865247,0.995,0.40000001,3.676,-6.541,ETG
/pscratch/sd/j/joeschm/MGKDB_projects/KBM_classifier_IFS_data/global_cfs_cdirs_m2116_hatch_pscans_scanfiles0044/scanfiles0044,1.2346086,1.0797412,0.053511014,0.029865247,0.935,0.60000002,0.54871189,0.21847114,KBM
/pscratch/sd/j/joeschm/MGKDB_projects/KBM_classifier_IFS_data/global_cfs_cdirs_m2116_hatch_pscans_scanfiles0044/scanfiles0044,1.2346086,1.0797412,0.053511014,0.029865247,0.945,0.60000002,0.51404475,-0.1758108,KBM
/pscratch/sd/j/joeschm/MGKDB_projects/KBM_classifier_IFS_data/global_cfs_cdirs_m2116_hatch_pscans_scanfiles0044/scanfiles0044,1.2346086,1.0797412,0.053511014,0.029865247,0.955,0.60000002,0.32392218,-0.82262686,KBM
/pscratch/sd/j/joeschm/MGKDB_projects/KBM_classifier_IFS_data/global_cfs_cdirs_m2116_hatch_pscans_scanfiles0044/scanfiles0044,1.2346086,1.0797412,0.053511014,0.029865247,0.965,0.60000002,0.595,-1.2,ITG_TEM
/pscratch/sd/j/joeschm/MGKDB_projects/KBM_classifier_IFS_data/global_cfs_cdirs_m2116_hatch_pscans_scanfiles0044/scanfiles0044,1.2346086,1.0797412,0.053511014,0.029865247,0.975,0.60000002,1.222,-2.951,
/pscratch/sd/j/joeschm/MGKDB_projects/KBM_classifier_IFS_data/global_cfs_cdirs_m2116_hatch_pscans_scanfiles0044/scanfiles0044,1.2346086,1.0797412,0.053511014,0.029865247,0.985,0.60000002,2.534,-5.784,ETG
/pscratch/sd/j/joeschm/MGKDB_projects/KBM_classifier_IFS_data/global_cfs_cdirs_m2116_hatch_pscans_scanfiles0044/scanfiles0044,1.2346086,1.0797412,0.053511014,0.029865247,0.995,0.60000002,5.495,-9.372,ETG
/pscratch/sd/j/joeschm/MGKDB_projects/KBM_classifier_IFS_data/global_cfs_cdirs_m2116_hatch_pscans_scanfiles0044/scanfiles0044,1.2346086,1.0797412,0.053511014,0.029865247,0.935,0.80000001,0.58279069,0.31747541,ITG_TEM
/pscratch/sd/j/joeschm/MGKDB_projects/KBM_classifier_IFS_data/global_cfs_cdirs_m2116_hatch_pscans_scanfiles0044/scanfiles0044,1.2346086,1.0797412,0.053511014,0.029865247,0.945,0.80000001,0.54537255,-0.13722002,KBM
/pscratch/sd/j/joeschm/MGKDB_projects/KBM_classifier_IFS_data/global_cfs_cdirs_m2116_hatch_pscans_scanfiles0044/scanfiles0044,1.2346086,1.0797412,0.053511014,0.029865247,0.955,0.80000001,0.38240876,-0.68429966,ITG_TEM
/pscratch/sd/j/joeschm/MGKDB_projects/KBM_classifier_IFS_data/global_cfs_cdirs_m2116_hatch_pscans_scanfiles0044/scanfiles0044,1.2346086,1.0797412,0.053511014,0.029865247,0.965,0.80000001,0.483,-0.908,ITG_TEM
/pscratch/sd/j/joeschm/MGKDB_projects/KBM_classifier_IFS_data/global_cfs_cdirs_m2116_hatch_pscans_scanfiles0044/scanfiles0044,1.2346086,1.0797412,0.053511014,0.029865247,0.975,0.80000001,1.2839859,-4.4502113,ETG
/pscratch/sd/j/joeschm/MGKDB_projects/KBM_classifier_IFS_data/global_cfs_cdirs_m2116_hatch_pscans_scanfiles0044/scanfiles0044,1.2346086,1.0797412,0.053511014,0.029865247,0.985,0.80000001,3.532,-7.92,ETG
/pscratch/sd/j/joeschm/MGKDB_projects/KBM_classifier_IFS_data/global_cfs_cdirs_m2116_hatch_pscans_scanfiles0044/scanfiles0044,1.2346086,1.0797412,0.053511014,0.029865247,0.995,0.80000001,6.269,-13.007,ETG
/pscratch/sd/j/joeschm/MGKDB_projects/KBM_classifier_IFS_data/global_cfs_cdirs_m2116_hatch_pscans_scanfiles0044/scanfiles0044,1.2346086,1.0797412,0.053511014,0.029865247,0.935,1,0.57227281,0.40950705,ITG_TEM
/pscratch/sd/j/joeschm/MGKDB_projects/KBM_classifier_IFS_data/global_cfs_cdirs_m2116_hatch_pscans_scanfiles0044/scanfiles0044,1.2346086,1.0797412,0.053511014,0.029865247,0.945,1,0.56180855,-0.10611741,KBM
/pscratch/sd/j/joeschm/MGKDB_projects/KBM_classifier_IFS_data/global_cfs_cdirs_m2116_hatch_pscans_scanfiles0044/scanfiles0044,1.2346086,1.0797412,0.053511014,0.029865247,0.955,1,0.39597752,-0.59745142,ITG_TEM
/pscratch/sd/j/joeschm/MGKDB_projects/KBM_classifier_IFS_data/global_cfs_cdirs_m2116_hatch_pscans_scanfiles0044/scanfiles0044,1.2346086,1.0797412,0.053511014,0.029865247,0.965,1,0.0456613,-1.2316569,ETG
/pscratch/sd/j/joeschm/MGKDB_projects/KBM_classifier_IFS_data/global_cfs_cdirs_m2116_hatch_pscans_scanfiles0044/scanfiles0044,1.2346086,1.0797412,0.053511014,0.029865247,0.975,1,1.7529262,-5.398143,ETG
/pscratch/sd/j/joeschm/MGKDB_projects/KBM_classifier_IFS_data/global_cfs_cdirs_m2116_hatch_pscans_scanfiles0044/scanfiles0044,1.2346086,1.0797412,0.053511014,0.029865247,0.985,1,3.997,-10.485,ETG
/pscratch/sd/j/joeschm/MGKDB_projects/KBM_classifier_IFS_data/global_cfs_cdirs_m2116_hatch_pscans_scanfiles0044/scanfiles0044,1.2346086,1.0797412,0.053511014,0.029865247,0.995,1,5.725,-16.851,ETG
/pscratch/sd/j/joeschm/MGKDB_projects/KBM_classifier_IFS_data/global_cfs_cdirs_m2116_hatch_pscans_scanfiles0044/scanfiles0044,1.2346086,1.0797412,0.053511014,0.029865247,0.935,1.1,0.55457019,0.45146754,ITG_TEM
/pscratch/sd/j/joeschm/MGKDB_projects/KBM_classifier_IFS_data/global_cfs_cdirs_m2116_hatch_pscans_scanfiles0044/scanfiles0044,1.2346086,1.0797412,0.053511014,0.029865247,0.945,1.1,0.56871192,-0.094200313,ITG_TEM
/pscratch/sd/j/joeschm/MGKDB_projects/KBM_classifier_IFS_data/global_cfs_cdirs_m2116_hatch_pscans_scanfiles0044/scanfiles0044,1.2346086,1.0797412,0.053511014,0.029865247,0.955,1.1,0.39445938,-0.5676731,ITG_TEM
/pscratch/sd/j/joeschm/MGKDB_projects/KBM_classifier_IFS_data/global_cfs_cdirs_m2116_hatch_pscans_scanfiles0044/scanfiles0044,1.2346086,1.0797412,0.053511014,0.029865247,0.965,1.1,0.11818938,-4.3176212,ETG
/pscratch/sd/j/joeschm/MGKDB_projects/KBM_classifier_IFS_data/global_cfs_cdirs_m2116_hatch_pscans_scanfiles0044/scanfiles0044,1.2346086,1.0797412,0.053511014,0.029865247,0.975,1.1,1.9876709,-5.9546079,ETG
/pscratch/sd/j/joeschm/MGKDB_projects/KBM_classifier_IFS_data/global_cfs_cdirs_m2116_hatch_pscans_scanfiles0044/scanfiles0044,1.2346086,1.0797412,0.053511014,0.029865247,0.985,1.1,3.982,-11.851,ETG
/pscratch/sd/j/joeschm/MGKDB_projects/KBM_classifier_IFS_data/global_cfs_cdirs_m2116_hatch_pscans_scanfiles0045/scanfiles0045,1,1.0765508,0,0.039142476,0.93,0.050000001,-1,-1,MTM
/pscratch/sd/j/joeschm/MGKDB_projects/KBM_classifier_IFS_data/global_cfs_cdirs_m2116_hatch_pscans_scanfiles0045/scanfiles0045,1,1.0765508,0,0.039142476,0.94,0.050000001,-1,-1,MTM
/pscratch/sd/j/joeschm/MGKDB_projects/KBM_classifier_IFS_data/global_cfs_cdirs_m2116_hatch_pscans_scanfiles0045/scanfiles0045,1,1.0765508,0,0.039142476,0.95,0.050000001,-1,-1,
/pscratch/sd/j/joeschm/MGKDB_projects/KBM_classifier_IFS_data/global_cfs_cdirs_m2116_hatch_pscans_scanfiles0045/scanfiles0045,1,1.0765508,0,0.039142476,0.96,0.050000001,-1,-1,KBM
/pscratch/sd/j/joeschm/MGKDB_projects/KBM_classifier_IFS_data/global_cfs_cdirs_m2116_hatch_pscans_scanfiles0045/scanfiles0045,1,1.0765508,0,0.039142476,0.97,0.050000001,0.084695366,-3.0548813,MTM
/pscratch/sd/j/joeschm/MGKDB_projects/KBM_classifier_IFS_data/global_cfs_cdirs_m2116_hatch_pscans_scanfiles0045/scanfiles0045,1,1.0765508,0,0.039142476,0.98,0.050000001,0.38556884,-0.14255616,KBM
/pscratch/sd/j/joeschm/MGKDB_projects/KBM_classifier_IFS_data/global_cfs_cdirs_m2116_hatch_pscans_scanfiles0045/scanfiles0045,1,1.0765508,0,0.039142476,0.99,0.050000001,0.030659041,0.087324712,ITG_TEM
/pscratch/sd/j/joeschm/MGKDB_projects/KBM_classifier_IFS_data/global_cfs_cdirs_m2116_hatch_pscans_scanfiles0045/scanfiles0045,1,1.0765508,0,0.039142476,0.93,0.1,0.039092359,0.021323753,ITG_TEM
/pscratch/sd/j/joeschm/MGKDB_projects/KBM_classifier_IFS_data/global_cfs_cdirs_m2116_hatch_pscans_scanfiles0045/scanfiles0045,1,1.0765508,0,0.039142476,0.94,0.1,-1,-1,MTM
/pscratch/sd/j/joeschm/MGKDB_projects/KBM_classifier_IFS_data/global_cfs_cdirs_m2116_hatch_pscans_scanfiles0045/scanfiles0045,1,1.0765508,0,0.039142476,0.95,0.1,-1,-1,MTM
/pscratch/sd/j/joeschm/MGKDB_projects/KBM_classifier_IFS_data/global_cfs_cdirs_m2116_hatch_pscans_scanfiles0045/scanfiles0045,1,1.0765508,0,0.039142476,0.96,0.1,0.10145312,-2.9008995,MTM
/pscratch/sd/j/joeschm/MGKDB_projects/KBM_classifier_IFS_data/global_cfs_cdirs_m2116_hatch_pscans_scanfiles0045/scanfiles0045,1,1.0765508,0,0.039142476,0.97,0.1,-1,-1,ETG
/pscratch/sd/j/joeschm/MGKDB_projects/KBM_classifier_IFS_data/global_cfs_cdirs_m2116_hatch_pscans_scanfiles0045/scanfiles0045,1,1.0765508,0,0.039142476,0.98,0.1,0.25089348,0.91127097,KBM
/pscratch/sd/j/joeschm/MGKDB_projects/KBM_classifier_IFS_data/global_cfs_cdirs_m2116_hatch_pscans_scanfiles0045/scanfiles0045,1,1.0765508,0,0.039142476,0.99,0.1,0.10246201,-10.666928,MTM
/pscratch/sd/j/joeschm/MGKDB_projects/KBM_classifier_IFS_data/global_cfs_cdirs_m2116_hatch_pscans_scanfiles0045/scanfiles0045,1,1.0765508,0,0.039142476,0.93,0.2,0.11486396,0.09336366,ITG_TEM
/pscratch/sd/j/joeschm/MGKDB_projects/KBM_classifier_IFS_data/global_cfs_cdirs_m2116_hatch_pscans_scanfiles0045/scanfiles0045,1,1.0765508,0,0.039142476,0.94,0.2,0.061381034,-1.5074794,MTM
/pscratch/sd/j/joeschm/MGKDB_projects/KBM_classifier_IFS_data/global_cfs_cdirs_m2116_hatch_pscans_scanfiles0045/scanfiles0045,1,1.0765508,0,0.039142476,0.95,0.2,0.12905369,-0.88518331,KBM
/pscratch/sd/j/joeschm/MGKDB_projects/KBM_classifier_IFS_data/global_cfs_cdirs_m2116_hatch_pscans_scanfiles0045/scanfiles0045,1,1.0765508,0,0.039142476,0.96,0.2,0.10909377,-1.016207,KBM
/pscratch/sd/j/joeschm/MGKDB_projects/KBM_classifier_IFS_data/global_cfs_cdirs_m2116_hatch_pscans_scanfiles0045/scanfiles0045,1,1.0765508,0,0.039142476,0.97,0.2,0.093363807,-0.88144412,KBM
/pscratch/sd/j/joeschm/MGKDB_projects/KBM_classifier_IFS_data/global_cfs_cdirs_m2116_hatch_pscans_scanfiles0045/scanfiles0045,1,1.0765508,0,0.039142476,0.98,0.2,-1,-1,
/pscratch/sd/j/joeschm/MGKDB_projects/KBM_classifier_IFS_data/global_cfs_cdirs_m2116_hatch_pscans_scanfiles0045/scanfiles0045,1,1.0765508,0,0.039142476,0.99,0.2,-1,-1,
/pscratch/sd/j/joeschm/MGKDB_projects/KBM_classifier_IFS_data/global_cfs_cdirs_m2116_hatch_pscans_scanfiles0045/scanfiles0045,1,1.0765508,0,0.039142476,0.93,0.30000001,0.18471368,0.12530083,ITG_TEM
/pscratch/sd/j/joeschm/MGKDB_projects/KBM_classifier_IFS_data/global_cfs_cdirs_m2116_hatch_pscans_scanfiles0045/scanfiles0045,1,1.0765508,0,0.039142476,0.94,0.30000001,0.1322524,-0.5153213,KBM
/pscratch/sd/j/joeschm/MGKDB_projects/KBM_classifier_IFS_data/global_cfs_cdirs_m2116_hatch_pscans_scanfiles0045/scanfiles0045,1,1.0765508,0,0.039142476,0.95,0.30000001,0.3538781,-0.9690221,KBM
/pscratch/sd/j/joeschm/MGKDB_projects/KBM_classifier_IFS_data/global_cfs_cdirs_m2116_hatch_pscans_scanfiles0045/scanfiles0045,1,1.0765508,0,0.039142476,0.96,0.30000001,0.27616793,-0.87006071,KBM
/pscratch/sd/j/joeschm/MGKDB_projects/KBM_classifier_IFS_data/global_cfs_cdirs_m2116_hatch_pscans_scanfiles0045/scanfiles0045,1,1.0765508,0,0.039142476,0.97,0.30000001,0.17971333,-0.53569641,ITG_TEM
/pscratch/sd/j/joeschm/MGKDB_projects/KBM_classifier_IFS_data/global_cfs_cdirs_m2116_hatch_pscans_scanfiles0045/scanfiles0045,1,1.0765508,0,0.039142476,0.98,0.30000001,-1,-1,ITG_TEM
/pscratch/sd/j/joeschm/MGKDB_projects/KBM_classifier_IFS_data/global_cfs_cdirs_m2116_hatch_pscans_scanfiles0045/scanfiles0045,1,1.0765508,0,0.039142476,0.99,0.30000001,-1,-1,ITG_TEM
/pscratch/sd/j/joeschm/MGKDB_projects/KBM_classifier_IFS_data/global_cfs_cdirs_m2116_hatch_pscans_scanfiles0045/scanfiles0045,1,1.0765508,0,0.039142476,0.93,0.40000001,0.24741484,0.16742217,ITG_TEM
/pscratch/sd/j/joeschm/MGKDB_projects/KBM_classifier_IFS_data/global_cfs_cdirs_m2116_hatch_pscans_scanfiles0045/scanfiles0045,1,1.0765508,0,0.039142476,0.94,0.40000001,0.25660252,-0.54947088,KBM
/pscratch/sd/j/joeschm/MGKDB_projects/KBM_classifier_IFS_data/global_cfs_cdirs_m2116_hatch_pscans_scanfiles0045/scanfiles0045,1,1.0765508,0,0.039142476,0.95,0.40000001,0.50568685,-0.9346062,KBM
/pscratch/sd/j/joeschm/MGKDB_projects/KBM_classifier_IFS_data/global_cfs_cdirs_m2116_hatch_pscans_scanfiles0045/scanfiles0045,1,1.0765508,0,0.039142476,0.96,0.40000001,0.33631104,-0.72453309,KBM
/pscratch/sd/j/joeschm/MGKDB_projects/KBM_classifier_IFS_data/global_cfs_cdirs_m2116_hatch_pscans_scanfiles0045/scanfiles0045,1,1.0765508,0,0.039142476,0.97,0.40000001,-1,-1,
/pscratch/sd/j/joeschm/MGKDB_projects/KBM_classifier_IFS_data/global_cfs_cdirs_m2116_hatch_pscans_scanfiles0045/scanfiles0045,1,1.0765508,0,0.039142476,0.98,0.40000001,-1,-1,ITG_TEM
/pscratch/sd/j/joeschm/MGKDB_projects/KBM_classifier_IFS_data/global_cfs_cdirs_m2116_hatch_pscans_scanfiles0045/scanfiles0045,1,1.0765508,0,0.039142476,0.99,0.40000001,0.053727652,-1.2549932,
/pscratch/sd/j/joeschm/MGKDB_projects/KBM_classifier_IFS_data/global_cfs_cdirs_m2116_hatch_pscans_scanfiles0045/scanfiles0045,1,1.0765508,0,0.039142476,0.93,0.60000002,0.32830388,0.27893151,ITG_TEM
/pscratch/sd/j/joeschm/MGKDB_projects/KBM_classifier_IFS_data/global_cfs_cdirs_m2116_hatch_pscans_scanfiles0045/scanfiles0045,1,1.0765508,0,0.039142476,0.94,0.60000002,0.3960394,-0.51110842,ITG_TEM
/pscratch/sd/j/joeschm/MGKDB_projects/KBM_classifier_IFS_data/global_cfs_cdirs_m2116_hatch_pscans_scanfiles0045/scanfiles0045,1,1.0765508,0,0.039142476,0.95,0.60000002,0.66747268,-0.80617505,KBM
/pscratch/sd/j/joeschm/MGKDB_projects/KBM_classifier_IFS_data/global_cfs_cdirs_m2116_hatch_pscans_scanfiles0045/scanfiles0045,1,1.0765508,0,0.039142476,0.96,0.60000002,0.32241808,-0.53551483,ITG_TEM
/pscratch/sd/j/joeschm/MGKDB_projects/KBM_classifier_IFS_data/global_cfs_cdirs_m2116_hatch_pscans_scanfiles0045/scanfiles0045,1,1.0765508,0,0.039142476,0.97,0.60000002,-1,-1,
/pscratch/sd/j/joeschm/MGKDB_projects/KBM_classifier_IFS_data/global_cfs_cdirs_m2116_hatch_pscans_scanfiles0045/scanfiles0045,1,1.0765508,0,0.039142476,0.98,0.60000002,-1,-1,
/pscratch/sd/j/joeschm/MGKDB_projects/KBM_classifier_IFS_data/global_cfs_cdirs_m2116_hatch_pscans_scanfiles0045/scanfiles0045,1,1.0765508,0,0.039142476,0.99,0.60000002,0.085372816,-0.32743127,
/pscratch/sd/j/joeschm/MGKDB_projects/KBM_classifier_IFS_data/global_cfs_cdirs_m2116_hatch_pscans_scanfiles0045/scanfiles0045,1,1.0765508,0,0.039142476,0.93,0.80000001,0.344,0.402,ITG_TEM
/pscratch/sd/j/joeschm/MGKDB_projects/KBM_classifier_IFS_data/global_cfs_cdirs_m2116_hatch_pscans_scanfiles0045/scanfiles0045,1,1.0765508,0,0.039142476,0.94,0.80000001,0.442,-0.447,ITG_TEM
/pscratch/sd/j/joeschm/MGKDB_projects/KBM_classifier_IFS_data/global_cfs_cdirs_m2116_hatch_pscans_scanfiles0045/scanfiles0045,1,1.0765508,0,0.039142476,0.95,0.80000001,0.73876472,-0.68025994,ITG_TEM
/pscratch/sd/j/joeschm/MGKDB_projects/KBM_classifier_IFS_data/global_cfs_cdirs_m2116_hatch_pscans_scanfiles0045/scanfiles0045,1,1.0765508,0,0.039142476,0.96,0.80000001,0.25278505,-0.4703838,ITG_TEM
/pscratch/sd/j/joeschm/MGKDB_projects/KBM_classifier_IFS_data/global_cfs_cdirs_m2116_hatch_pscans_scanfiles0045/scanfiles0045,1,1.0765508,0,0.039142476,0.97,0.80000001,0.0063847003,-0.42612456,
/pscratch/sd/j/joeschm/MGKDB_projects/KBM_classifier_IFS_data/global_cfs_cdirs_m2116_hatch_pscans_scanfiles0045/scanfiles0045,1,1.0765508,0,0.039142476,0.98,0.80000001,-1,-1,
/pscratch/sd/j/joeschm/MGKDB_projects/KBM_classifier_IFS_data/global_cfs_cdirs_m2116_hatch_pscans_scanfiles0045/scanfiles0045,1,1.0765508,0,0.039142476,0.99,0.80000001,-1,-1,
/pscratch/sd/j/joeschm/MGKDB_projects/KBM_classifier_IFS_data/global_cfs_cdirs_m2116_hatch_pscans_scanfiles0045/scanfiles0045,1,1.0765508,0,0.039142476,0.93,1,0.311,0.51,ITG_TEM
/pscratch/sd/j/joeschm/MGKDB_projects/KBM_classifier_IFS_data/global_cfs_cdirs_m2116_hatch_pscans_scanfiles0045/scanfiles0045,1,1.0765508,0,0.039142476,0.94,1,0.448,-0.391,ITG_TEM
/pscratch/sd/j/joeschm/MGKDB_projects/KBM_classifier_IFS_data/global_cfs_cdirs_m2116_hatch_pscans_scanfiles0045/scanfiles0045,1,1.0765508,0,0.039142476,0.95,1,0.77,-0.573,ITG_TEM
/pscratch/sd/j/joeschm/MGKDB_projects/KBM_classifier_IFS_data/global_cfs_cdirs_m2116_hatch_pscans_scanfiles0045/scanfiles0045,1,1.0765508,0,0.039142476,0.96,1,0.21523389,-0.48430607,ITG_TEM
/pscratch/sd/j/joeschm/MGKDB_projects/KBM_classifier_IFS_data/global_cfs_cdirs_m2116_hatch_pscans_scanfiles0045/scanfiles0045,1,1.0765508,0,0.039142476,0.97,1,0.026131293,-0.42826673,
/pscratch/sd/j/joeschm/MGKDB_projects/KBM_classifier_IFS_data/global_cfs_cdirs_m2116_hatch_pscans_scanfiles0045/scanfiles0045,1,1.0765508,0,0.039142476,0.98,1,-1,-1,
/pscratch/sd/j/joeschm/MGKDB_projects/KBM_classifier_IFS_data/global_cfs_cdirs_m2116_hatch_pscans_scanfiles0045/scanfiles0045,1,1.0765508,0,0.039142476,0.99,1,-1,-1,
/pscratch/sd/j/joeschm/MGKDB_projects/KBM_classifier_IFS_data/global_cfs_cdirs_m2116_hatch_pscans_scanfiles0045/scanfiles0045,1,1.0765508,0,0.039142476,0.93,1.1,0.281,0.555,ITG_TEM
/pscratch/sd/j/joeschm/MGKDB_projects/KBM_classifier_IFS_data/global_cfs_cdirs_m2116_hatch_pscans_scanfiles0045/scanfiles0045,1,1.0765508,0,0.039142476,0.94,1.1,0.446,-0.369,ITG_TEM
/pscratch/sd/j/joeschm/MGKDB_projects/KBM_classifier_IFS_data/global_cfs_cdirs_m2116_hatch_pscans_scanfiles0045/scanfiles0045,1,1.0765508,0,0.039142476,0.95,1.1,0.777,-0.527,ITG_TEM
/pscratch/sd/j/joeschm/MGKDB_projects/KBM_classifier_IFS_data/global_cfs_cdirs_m2116_hatch_pscans_scanfiles0045/scanfiles0045,1,1.0765508,0,0.039142476,0.96,1.1,0.2168582,-0.4927754,ITG_TEM
/pscratch/sd/j/joeschm/MGKDB_projects/KBM_classifier_IFS_data/global_cfs_cdirs_m2116_hatch_pscans_scanfiles0045/scanfiles0045,1,1.0765508,0,0.039142476,0.97,1.1,0.034681538,-0.42000115,
/pscratch/sd/j/joeschm/MGKDB_projects/KBM_classifier_IFS_data/global_cfs_cdirs_m2116_hatch_pscans_scanfiles0045/scanfiles0045,1,1.0765508,0,0.039142476,0.98,1.1,-1,-1,
/pscratch/sd/j/joeschm/MGKDB_projects/KBM_classifier_IFS_data/global_cfs_cdirs_m2116_hatch_pscans_scanfiles0045/scanfiles0045,1,1.0765508,0,0.039142476,0.99,1.1,-1,-1,ITG_TEM
